inverter_id,sigma_key,acute_sigma,fallback_acute_sigma
INV 01.01.001,100-250|18-30,0.015,0.06962426708786346
INV 01.01.001,100-250|30-45,0.01553547433895596,0.06781452401660472
INV 01.01.001,100-250|45-60,0.015,0.06532735670905335
INV 01.01.001,100-250|60+,0.015,0.0640809484748495
INV 01.01.001,100-250|8-18,0.02516335179054584,0.061922315581538136
INV 01.01.001,250-450|18-30,0.02779455958754703,0.06149374295281402
INV 01.01.001,250-450|30-45,0.03514712257276356,0.06306815381169176
INV 01.01.001,250-450|45-60,0.03181063171707377,0.059257729481831264
INV 01.01.001,250-450|60+,0.03219304816311947,0.05731078384062489
INV 01.01.001,250-450|8-18,0.05004014778234959,0.0967084683174094
INV 01.01.001,450-650|18-30,0.029106140813676615,0.08911507928120356
INV 01.01.001,450-650|30-45,0.036102808074116,0.04883200531592121
INV 01.01.001,450-650|45-60,0.05248379178531606,0.07038938138255953
INV 01.01.001,450-650|60+,0.05491689956135294,0.07136301036596528
INV 01.01.001,450-650|8-18,0.07024037901528672,0.12987605750310116
INV 01.01.001,650-850|18-30,0.04114568528355588,0.10733023261748069
INV 01.01.001,650-850|30-45,0.03221807386104983,0.07156428210450216
INV 01.01.001,650-850|45-60,0.045668554380457374,0.06061756653861574
INV 01.01.001,650-850|60+,0.07876601699206735,0.10214543936986327
INV 01.01.001,850+|18-30,0.01898525125581175,0.09522696592167278
INV 01.01.001,850+|30-45,0.041751928915634784,0.07563474070003905
INV 01.01.001,850+|45-60,0.03420828325061552,0.0467254597930483
INV 01.01.001,850+|60+,0.04508922391239846,0.058460825850471215
INV 01.01.002,100-250|18-30,0.015,0.06962426708786346
INV 01.01.002,100-250|30-45,0.015732299423155235,0.06781452401660472
INV 01.01.002,100-250|45-60,0.015,0.06532735670905335
INV 01.01.002,100-250|60+,0.015,0.0640809484748495
INV 01.01.002,100-250|8-18,0.021800820945831426,0.061922315581538136
INV 01.01.002,250-450|18-30,0.024874205460426783,0.06149374295281402
INV 01.01.002,250-450|30-45,0.03605728692342623,0.06306815381169176
INV 01.01.002,250-450|45-60,0.031908973432666694,0.059257729481831264
INV 01.01.002,250-450|60+,0.032423400587717095,0.05731078384062489
INV 01.01.002,250-450|8-18,0.037859799508530925,0.0967084683174094
INV 01.01.002,450-650|18-30,0.02993553780594117,0.08911507928120356
INV 01.01.002,450-650|30-45,0.036844789702328865,0.04883200531592121
INV 01.01.002,450-650|45-60,0.053179358619988557,0.07038938138255953
INV 01.01.002,450-650|60+,0.056910781815374734,0.07136301036596528
INV 01.01.002,450-650|8-18,0.05599766410017704,0.12987605750310116
INV 01.01.002,650-850|18-30,0.03848485109258975,0.10733023261748069
INV 01.01.002,650-850|30-45,0.032664216409856166,0.07156428210450216
INV 01.01.002,650-850|45-60,0.04582548404121775,0.06061756653861574
INV 01.01.002,650-850|60+,0.08073062560325213,0.10214543936986327
INV 01.01.002,850+|18-30,0.01963563245214374,0.09522696592167278
INV 01.01.002,850+|30-45,0.04557564686131312,0.07563474070003905
INV 01.01.002,850+|45-60,0.03602470159927569,0.0467254597930483
INV 01.01.002,850+|60+,0.0471254843078163,0.058460825850471215
INV 01.01.003,100-250|18-30,0.020748055279984755,0.06962426708786346
INV 01.01.003,100-250|30-45,0.016583606987840466,0.06781452401660472
INV 01.01.003,100-250|45-60,0.015,0.06532735670905335
INV 01.01.003,100-250|60+,0.015,0.0640809484748495
INV 01.01.003,100-250|8-18,0.028081108090563987,0.061922315581538136
INV 01.01.003,250-450|18-30,0.03428166540676952,0.06149374295281402
INV 01.01.003,250-450|30-45,0.03646795698905931,0.06306815381169176
INV 01.01.003,250-450|45-60,0.03300448354873201,0.059257729481831264
INV 01.01.003,250-450|60+,0.0322840343322793,0.05731078384062489
INV 01.01.003,250-450|8-18,0.0773969795828249,0.0967084683174094
INV 01.01.003,450-650|18-30,0.11411968357790386,0.08911507928120356
INV 01.01.003,450-650|30-45,0.03903718748048192,0.04883200531592121
INV 01.01.003,450-650|45-60,0.05507306012867891,0.07038938138255953
INV 01.01.003,450-650|60+,0.059332876557464755,0.07136301036596528
INV 01.01.003,450-650|8-18,0.09796336299710501,0.12987605750310116
INV 01.01.003,650-850|18-30,0.05759864634164065,0.10733023261748069
INV 01.01.003,650-850|30-45,0.03558601742935234,0.07156428210450216
INV 01.01.003,650-850|45-60,0.04758138028557177,0.06061756653861574
INV 01.01.003,650-850|60+,0.08225479723404534,0.10214543936986327
INV 01.01.003,850+|18-30,0.03720981168561229,0.09522696592167278
INV 01.01.003,850+|30-45,0.046781264020616074,0.07563474070003905
INV 01.01.003,850+|45-60,0.03733852458698942,0.0467254597930483
INV 01.01.003,850+|60+,0.047826752025196755,0.058460825850471215
INV 01.01.004,100-250|18-30,0.027102094164659522,0.06962426708786346
INV 01.01.004,100-250|30-45,0.023712158085920112,0.06781452401660472
INV 01.01.004,100-250|45-60,0.01665030467492684,0.06532735670905335
INV 01.01.004,100-250|60+,0.015,0.0640809484748495
INV 01.01.004,100-250|8-18,0.036496777959033916,0.061922315581538136
INV 01.01.004,250-450|18-30,0.04937508006719093,0.06149374295281402
INV 01.01.004,250-450|30-45,0.05220326387770231,0.06306815381169176
INV 01.01.004,250-450|45-60,0.04386563068554212,0.059257729481831264
INV 01.01.004,250-450|60+,0.040633048293116925,0.05731078384062489
INV 01.01.004,250-450|8-18,0.06551170936167768,0.0967084683174094
INV 01.01.004,450-650|18-30,0.09608131476289462,0.08911507928120356
INV 01.01.004,450-650|30-45,0.065186415478459,0.04883200531592121
INV 01.01.004,450-650|45-60,0.07418486589189614,0.07038938138255953
INV 01.01.004,450-650|60+,0.07361615085055725,0.07136301036596528
INV 01.01.004,450-650|8-18,0.03328567373186922,0.12987605750310116
INV 01.01.004,650-850|18-30,0.10596923730225352,0.10733023261748069
INV 01.01.004,650-850|30-45,0.10890671055212138,0.07156428210450216
INV 01.01.004,650-850|45-60,0.06626892298052332,0.06061756653861574
INV 01.01.004,650-850|60+,0.10313895411902282,0.10214543936986327
INV 01.01.004,850+|18-30,0.042257300993209033,0.09522696592167278
INV 01.01.004,850+|30-45,0.10041689401166748,0.07563474070003905
INV 01.01.004,850+|45-60,0.05066791594303573,0.0467254597930483
INV 01.01.004,850+|60+,0.06609466213560912,0.058460825850471215
INV 01.01.005,100-250|18-30,0.019509677588797358,0.06962426708786346
INV 01.01.005,100-250|30-45,0.01665814645430437,0.06781452401660472
INV 01.01.005,100-250|45-60,0.015,0.06532735670905335
INV 01.01.005,100-250|60+,0.015,0.0640809484748495
INV 01.01.005,100-250|8-18,0.020313383445875986,0.061922315581538136
INV 01.01.005,250-450|18-30,0.03025904786930015,0.06149374295281402
INV 01.01.005,250-450|30-45,0.03835340474393046,0.06306815381169176
INV 01.01.005,250-450|45-60,0.03624545378842266,0.059257729481831264
INV 01.01.005,250-450|60+,0.03364804802581414,0.05731078384062489
INV 01.01.005,250-450|8-18,0.04392751466784888,0.0967084683174094
INV 01.01.005,450-650|18-30,0.042513552134227695,0.08911507928120356
INV 01.01.005,450-650|30-45,0.04092453009148592,0.04883200531592121
INV 01.01.005,450-650|45-60,0.05974860183738598,0.07038938138255953
INV 01.01.005,450-650|60+,0.05968263751395159,0.07136301036596528
INV 01.01.005,450-650|8-18,0.06399867583365289,0.12987605750310116
INV 01.01.005,650-850|18-30,0.06668887937124268,0.10733023261748069
INV 01.01.005,650-850|30-45,0.038334206394189836,0.07156428210450216
INV 01.01.005,650-850|45-60,0.05078747538613182,0.06061756653861574
INV 01.01.005,650-850|60+,0.0855640805913655,0.10214543936986327
INV 01.01.005,850+|18-30,0.10610480625110699,0.09522696592167278
INV 01.01.005,850+|30-45,0.0368710479540411,0.07563474070003905
INV 01.01.005,850+|45-60,0.03655732049352849,0.0467254597930483
INV 01.01.005,850+|60+,0.046558854159717694,0.058460825850471215
INV 01.01.006,100-250|18-30,0.015,0.06962426708786346
INV 01.01.006,100-250|30-45,0.017738271622114166,0.06781452401660472
INV 01.01.006,100-250|45-60,0.015,0.06532735670905335
INV 01.01.006,100-250|60+,0.015,0.0640809484748495
INV 01.01.006,100-250|8-18,0.023617823643934114,0.061922315581538136
INV 01.01.006,250-450|18-30,0.028482068057260827,0.06149374295281402
INV 01.01.006,250-450|30-45,0.038893617466228464,0.06306815381169176
INV 01.01.006,250-450|45-60,0.0347383478910816,0.059257729481831264
INV 01.01.006,250-450|60+,0.03242850543611176,0.05731078384062489
INV 01.01.006,250-450|8-18,0.04102579935320395,0.0967084683174094
INV 01.01.006,450-650|18-30,0.03327775518512535,0.08911507928120356
INV 01.01.006,450-650|30-45,0.04045126466167862,0.04883200531592121
INV 01.01.006,450-650|45-60,0.05945174008367007,0.07038938138255953
INV 01.01.006,450-650|60+,0.05959588745657281,0.07136301036596528
INV 01.01.006,450-650|8-18,0.06138329916285638,0.12987605750310116
INV 01.01.006,650-850|18-30,0.04174649043363452,0.10733023261748069
INV 01.01.006,650-850|30-45,0.03448159518286961,0.07156428210450216
INV 01.01.006,650-850|45-60,0.05145007403432583,0.06061756653861574
INV 01.01.006,650-850|60+,0.08700634805262268,0.10214543936986327
INV 01.01.006,850+|18-30,0.03148853147949056,0.09522696592167278
INV 01.01.006,850+|30-45,0.04931855783619313,0.07563474070003905
INV 01.01.006,850+|45-60,0.03791539644926173,0.0467254597930483
INV 01.01.006,850+|60+,0.05011759210464187,0.058460825850471215
INV 01.01.007,100-250|18-30,0.017592933565335863,0.06962426708786346
INV 01.01.007,100-250|30-45,0.017681571013290074,0.06781452401660472
INV 01.01.007,100-250|45-60,0.015,0.06532735670905335
INV 01.01.007,100-250|60+,0.015,0.0640809484748495
INV 01.01.007,100-250|8-18,0.023390939096388428,0.061922315581538136
INV 01.01.007,250-450|18-30,0.02878781507021085,0.06149374295281402
INV 01.01.007,250-450|30-45,0.04116071646156456,0.06306815381169176
INV 01.01.007,250-450|45-60,0.03756635798174862,0.059257729481831264
INV 01.01.007,250-450|60+,0.03459495880732823,0.05731078384062489
INV 01.01.007,250-450|8-18,0.039840171669779434,0.0967084683174094
INV 01.01.007,450-650|18-30,0.04805825113621156,0.08911507928120356
INV 01.01.007,450-650|30-45,0.0438340270844717,0.04883200531592121
INV 01.01.007,450-650|45-60,0.0632795763396119,0.07038938138255953
INV 01.01.007,450-650|60+,0.06233865135158569,0.07136301036596528
INV 01.01.007,450-650|8-18,0.03919963795756472,0.12987605750310116
INV 01.01.007,650-850|18-30,0.05765182011787006,0.10733023261748069
INV 01.01.007,650-850|30-45,0.04618073474067915,0.07156428210450216
INV 01.01.007,650-850|45-60,0.053763000001610314,0.06061756653861574
INV 01.01.007,650-850|60+,0.09044154268393614,0.10214543936986327
INV 01.01.007,850+|18-30,0.08396972974314457,0.09522696592167278
INV 01.01.007,850+|30-45,0.05067927652587047,0.07563474070003905
INV 01.01.007,850+|45-60,0.040552166499780364,0.0467254597930483
INV 01.01.007,850+|60+,0.05608075157340846,0.058460825850471215
INV 01.02.008,100-250|18-30,0.01518217958258119,0.06962426708786346
INV 01.02.008,100-250|30-45,0.01875748148418101,0.06781452401660472
INV 01.02.008,100-250|45-60,0.015,0.06532735670905335
INV 01.02.008,100-250|60+,0.015,0.0640809484748495
INV 01.02.008,100-250|8-18,0.0255704441709701,0.061922315581538136
INV 01.02.008,250-450|18-30,0.028153585795789478,0.06149374295281402
INV 01.02.008,250-450|30-45,0.03914579199994269,0.06306815381169176
INV 01.02.008,250-450|45-60,0.03668859590072063,0.059257729481831264
INV 01.02.008,250-450|60+,0.03380164014240351,0.05731078384062489
INV 01.02.008,250-450|8-18,0.040991099636604474,0.0967084683174094
INV 01.02.008,450-650|18-30,0.03282745135593102,0.08911507928120356
INV 01.02.008,450-650|30-45,0.04104842241220985,0.04883200531592121
INV 01.02.008,450-650|45-60,0.06222413076605458,0.07038938138255953
INV 01.02.008,450-650|60+,0.0627857023905357,0.07136301036596528
INV 01.02.008,450-650|8-18,0.06011714321112424,0.12987605750310116
INV 01.02.008,650-850|18-30,0.04244795226179745,0.10733023261748069
INV 01.02.008,650-850|30-45,0.03500258130598769,0.07156428210450216
INV 01.02.008,650-850|45-60,0.05328465345709883,0.06061756653861574
INV 01.02.008,650-850|60+,0.09197970438231148,0.10214543936986327
INV 01.02.008,850+|18-30,0.030380174135295226,0.09522696592167278
INV 01.02.008,850+|30-45,0.047029536085563706,0.07563474070003905
INV 01.02.008,850+|45-60,0.03637041342023579,0.0467254597930483
INV 01.02.008,850+|60+,0.0540041083134721,0.058460825850471215
INV 01.02.009,100-250|18-30,0.01540753121994594,0.06962426708786346
INV 01.02.009,100-250|30-45,0.01926764082061838,0.06781452401660472
INV 01.02.009,100-250|45-60,0.015,0.06532735670905335
INV 01.02.009,100-250|60+,0.015,0.0640809484748495
INV 01.02.009,100-250|8-18,0.02419866406548623,0.061922315581538136
INV 01.02.009,250-450|18-30,0.027989903600214038,0.06149374295281402
INV 01.02.009,250-450|30-45,0.03946850262695029,0.06306815381169176
INV 01.02.009,250-450|45-60,0.03763637609737191,0.059257729481831264
INV 01.02.009,250-450|60+,0.03432058346943499,0.05731078384062489
INV 01.02.009,250-450|8-18,0.040793333541012736,0.0967084683174094
INV 01.02.009,450-650|18-30,0.0328824557272784,0.08911507928120356
INV 01.02.009,450-650|30-45,0.04151330805588917,0.04883200531592121
INV 01.02.009,450-650|45-60,0.06317289970346941,0.07038938138255953
INV 01.02.009,450-650|60+,0.0629719592327326,0.07136301036596528
INV 01.02.009,450-650|8-18,0.06034816033738167,0.12987605750310116
INV 01.02.009,650-850|18-30,0.0440489993282871,0.10733023261748069
INV 01.02.009,650-850|30-45,0.035038771574335964,0.07156428210450216
INV 01.02.009,650-850|45-60,0.053501691371856376,0.06061756653861574
INV 01.02.009,650-850|60+,0.09294032733408339,0.10214543936986327
INV 01.02.009,850+|18-30,0.11490874552775238,0.09522696592167278
INV 01.02.009,850+|30-45,0.04513128420551425,0.07563474070003905
INV 01.02.009,850+|45-60,0.0370276062943412,0.0467254597930483
INV 01.02.009,850+|60+,0.055388002307896124,0.058460825850471215
INV 01.02.010,100-250|18-30,0.022706976887775166,0.06962426708786346
INV 01.02.010,100-250|30-45,0.019881788613922605,0.06781452401660472
INV 01.02.010,100-250|45-60,0.015,0.06532735670905335
INV 01.02.010,100-250|60+,0.015,0.0640809484748495
INV 01.02.010,100-250|8-18,0.02849371424370934,0.061922315581538136
INV 01.02.010,250-450|18-30,0.03307704466255482,0.06149374295281402
INV 01.02.010,250-450|30-45,0.03997305755644497,0.06306815381169176
INV 01.02.010,250-450|45-60,0.03847206338056961,0.059257729481831264
INV 01.02.010,250-450|60+,0.03492647426472722,0.05731078384062489
INV 01.02.010,250-450|8-18,0.07652476560328977,0.0967084683174094
INV 01.02.010,450-650|18-30,0.10351837320743455,0.08911507928120356
INV 01.02.010,450-650|30-45,0.04220774932533401,0.04883200531592121
INV 01.02.010,450-650|45-60,0.06397544322537063,0.07038938138255953
INV 01.02.010,450-650|60+,0.06301341763710323,0.07136301036596528
INV 01.02.010,450-650|8-18,0.10032356736968294,0.12987605750310116
INV 01.02.010,650-850|18-30,0.05515276703293067,0.10733023261748069
INV 01.02.010,650-850|30-45,0.03750974550954039,0.07156428210450216
INV 01.02.010,650-850|45-60,0.0537954685946721,0.06061756653861574
INV 01.02.010,650-850|60+,0.09441642857111886,0.10214543936986327
INV 01.02.010,850+|18-30,0.13828967743194762,0.09522696592167278
INV 01.02.010,850+|30-45,0.046836734943986096,0.07563474070003905
INV 01.02.010,850+|45-60,0.03786949184354745,0.0467254597930483
INV 01.02.010,850+|60+,0.057214027877604656,0.058460825850471215
INV 01.02.011,100-250|18-30,0.02080869419064543,0.06962426708786346
INV 01.02.011,100-250|30-45,0.023919071219306476,0.06781452401660472
INV 01.02.011,100-250|45-60,0.015535446422953963,0.06532735670905335
INV 01.02.011,100-250|60+,0.015,0.0640809484748495
INV 01.02.011,100-250|8-18,0.03149854136781781,0.061922315581538136
INV 01.02.011,250-450|18-30,0.04291189974941559,0.06149374295281402
INV 01.02.011,250-450|30-45,0.047350353807608304,0.06306815381169176
INV 01.02.011,250-450|45-60,0.039741952434512125,0.059257729481831264
INV 01.02.011,250-450|60+,0.03685347911528094,0.05731078384062489
INV 01.02.011,250-450|8-18,0.06068487292122987,0.0967084683174094
INV 01.02.011,450-650|18-30,0.07827807795978559,0.08911507928120356
INV 01.02.011,450-650|30-45,0.052401650524332204,0.04883200531592121
INV 01.02.011,450-650|45-60,0.06588472095508989,0.07038938138255953
INV 01.02.011,450-650|60+,0.06325157058346631,0.07136301036596528
INV 01.02.011,450-650|8-18,0.032427206085947985,0.12987605750310116
INV 01.02.011,650-850|18-30,0.08550986650524273,0.10733023261748069
INV 01.02.011,650-850|30-45,0.10470690794602709,0.07156428210450216
INV 01.02.011,650-850|45-60,0.05697249391735402,0.06061756653861574
INV 01.02.011,650-850|60+,0.09517925587676222,0.10214543936986327
INV 01.02.011,850+|18-30,0.06368571949596653,0.09522696592167278
INV 01.02.011,850+|30-45,0.09144479742084129,0.07563474070003905
INV 01.02.011,850+|45-60,0.04290543800613975,0.0467254597930483
INV 01.02.011,850+|60+,0.0615866116058548,0.058460825850471215
INV 01.02.012,100-250|18-30,0.015726122297631578,0.06962426708786346
INV 01.02.012,100-250|30-45,0.020254445520250207,0.06781452401660472
INV 01.02.012,100-250|45-60,0.015091315158757017,0.06532735670905335
INV 01.02.012,100-250|60+,0.015,0.0640809484748495
INV 01.02.012,100-250|8-18,0.023821664667708988,0.061922315581538136
INV 01.02.012,250-450|18-30,0.028309639873835796,0.06149374295281402
INV 01.02.012,250-450|30-45,0.04048208505308913,0.06306815381169176
INV 01.02.012,250-450|45-60,0.03836606712312888,0.059257729481831264
INV 01.02.012,250-450|60+,0.0362973613666953,0.05731078384062489
INV 01.02.012,250-450|8-18,0.04391778492160095,0.0967084683174094
INV 01.02.012,450-650|18-30,0.03510627260095149,0.08911507928120356
INV 01.02.012,450-650|30-45,0.041354488558336996,0.04883200531592121
INV 01.02.012,450-650|45-60,0.06359735292596959,0.07038938138255953
INV 01.02.012,450-650|60+,0.06141490106581039,0.07136301036596528
INV 01.02.012,450-650|8-18,0.06255858065299753,0.12987605750310116
INV 01.02.012,650-850|18-30,0.04243740547457187,0.10733023261748069
INV 01.02.012,650-850|30-45,0.03759368898236382,0.07156428210450216
INV 01.02.012,650-850|45-60,0.05310712277501866,0.06061756653861574
INV 01.02.012,650-850|60+,0.09209528410690668,0.10214543936986327
INV 01.02.012,850+|18-30,0.030275647617942738,0.09522696592167278
INV 01.02.012,850+|30-45,0.04937641799825993,0.07563474070003905
INV 01.02.012,850+|45-60,0.03664401964617677,0.0467254597930483
INV 01.02.012,850+|60+,0.056677112599625476,0.058460825850471215
INV 01.02.013,100-250|18-30,0.01981836475665157,0.06962426708786346
INV 01.02.013,100-250|30-45,0.019100821576485516,0.06781452401660472
INV 01.02.013,100-250|45-60,0.015611802741570585,0.06532735670905335
INV 01.02.013,100-250|60+,0.015,0.0640809484748495
INV 01.02.013,100-250|8-18,0.02532611805346086,0.061922315581538136
INV 01.02.013,250-450|18-30,0.028664181590785195,0.06149374295281402
INV 01.02.013,250-450|30-45,0.04021841021107472,0.06306815381169176
INV 01.02.013,250-450|45-60,0.0395491268889617,0.059257729481831264
INV 01.02.013,250-450|60+,0.037346905773950785,0.05731078384062489
INV 01.02.013,250-450|8-18,0.05019866648674593,0.0967084683174094
INV 01.02.013,450-650|18-30,0.06218009657101496,0.08911507928120356
INV 01.02.013,450-650|30-45,0.041652272500877316,0.04883200531592121
INV 01.02.013,450-650|45-60,0.06479367806608462,0.07038938138255953
INV 01.02.013,450-650|60+,0.06220940040736852,0.07136301036596528
INV 01.02.013,450-650|8-18,0.06908049590311459,0.12987605750310116
INV 01.02.013,650-850|18-30,0.04562436838629922,0.10733023261748069
INV 01.02.013,650-850|30-45,0.05054619019064683,0.07156428210450216
INV 01.02.013,650-850|45-60,0.054633047288128,0.06061756653861574
INV 01.02.013,650-850|60+,0.09291550534825468,0.10214543936986327
INV 01.02.013,850+|18-30,0.06275442592101123,0.09522696592167278
INV 01.02.013,850+|30-45,0.0479482717798141,0.07563474070003905
INV 01.02.013,850+|45-60,0.03960557988850342,0.0467254597930483
INV 01.02.013,850+|60+,0.05914568415738337,0.058460825850471215
INV 01.02.014,100-250|18-30,0.01910163909955983,0.06962426708786346
INV 01.02.014,100-250|30-45,0.020464438840210708,0.06781452401660472
INV 01.02.014,100-250|45-60,0.015,0.06532735670905335
INV 01.02.014,100-250|60+,0.016076608901757897,0.0640809484748495
INV 01.02.014,100-250|8-18,0.01919554754786079,0.061922315581538136
INV 01.02.014,250-450|18-30,0.03130258597743093,0.06149374295281402
INV 01.02.014,250-450|30-45,0.0435185344727304,0.06306815381169176
INV 01.02.014,250-450|45-60,0.04345549586997501,0.059257729481831264
INV 01.02.014,250-450|60+,0.036396546201350764,0.05731078384062489
INV 01.02.014,250-450|8-18,0.042327586068388566,0.0967084683174094
INV 01.02.014,450-650|18-30,0.05175665349523221,0.08911507928120356
INV 01.02.014,450-650|30-45,0.04480304177581397,0.04883200531592121
INV 01.02.014,450-650|45-60,0.07017675587662964,0.07038938138255953
INV 01.02.014,450-650|60+,0.06749580203458452,0.07136301036596528
INV 01.02.014,450-650|8-18,0.05946973255392792,0.12987605750310116
INV 01.02.014,650-850|18-30,0.06322235447134122,0.10733023261748069
INV 01.02.014,650-850|30-45,0.04858563887013702,0.07156428210450216
INV 01.02.014,650-850|45-60,0.05685017168981183,0.06061756653861574
INV 01.02.014,650-850|60+,0.09727680663349429,0.10214543936986327
INV 01.02.014,850+|18-30,0.0725033391282976,0.09522696592167278
INV 01.02.014,850+|30-45,0.047674222040856834,0.07563474070003905
INV 01.02.014,850+|45-60,0.0412114417610036,0.0467254597930483
INV 01.02.014,850+|60+,0.06052527809962573,0.058460825850471215
INV 01.03.015,100-250|18-30,0.015,0.06962426708786346
INV 01.03.015,100-250|30-45,0.01689282559922881,0.06781452401660472
INV 01.03.015,100-250|45-60,0.015,0.06532735670905335
INV 01.03.015,100-250|60+,0.015,0.0640809484748495
INV 01.03.015,100-250|8-18,0.02129448413630301,0.061922315581538136
INV 01.03.015,250-450|18-30,0.025531322570696992,0.06149374295281402
INV 01.03.015,250-450|30-45,0.03596137945164895,0.06306815381169176
INV 01.03.015,250-450|45-60,0.03223292380376125,0.059257729481831264
INV 01.03.015,250-450|60+,0.03441364379481421,0.05731078384062489
INV 01.03.015,250-450|8-18,0.03266488826134851,0.0967084683174094
INV 01.03.015,450-650|18-30,0.03403374867731442,0.08911507928120356
INV 01.03.015,450-650|30-45,0.03681130905829131,0.04883200531592121
INV 01.03.015,450-650|45-60,0.05804959549354501,0.07038938138255953
INV 01.03.015,450-650|60+,0.062029144602147854,0.07136301036596528
INV 01.03.015,450-650|8-18,0.031726468211051476,0.12987605750310116
INV 01.03.015,650-850|18-30,0.04685531921158458,0.10733023261748069
INV 01.03.015,650-850|30-45,0.03459288635015569,0.07156428210450216
INV 01.03.015,650-850|45-60,0.0503712527764425,0.06061756653861574
INV 01.03.015,650-850|60+,0.08006160435362239,0.10214543936986327
INV 01.03.015,850+|18-30,0.015,0.09522696592167278
INV 01.03.015,850+|30-45,0.05349301251105488,0.07563474070003905
INV 01.03.015,850+|45-60,0.03675456202647317,0.0467254597930483
INV 01.03.015,850+|60+,0.05044503493617622,0.058460825850471215
INV 01.03.016,100-250|18-30,0.015,0.06962426708786346
INV 01.03.016,100-250|30-45,0.017217250905634248,0.06781452401660472
INV 01.03.016,100-250|45-60,0.015,0.06532735670905335
INV 01.03.016,100-250|60+,0.015,0.0640809484748495
INV 01.03.016,100-250|8-18,0.021072473586569038,0.061922315581538136
INV 01.03.016,250-450|18-30,0.025385135905398527,0.06149374295281402
INV 01.03.016,250-450|30-45,0.03633657973041748,0.06306815381169176
INV 01.03.016,250-450|45-60,0.03266799806415441,0.059257729481831264
INV 01.03.016,250-450|60+,0.035183910525458884,0.05731078384062489
INV 01.03.016,250-450|8-18,0.03490264371104539,0.0967084683174094
INV 01.03.016,450-650|18-30,0.03581223691324738,0.08911507928120356
INV 01.03.016,450-650|30-45,0.03706210590598473,0.04883200531592121
INV 01.03.016,450-650|45-60,0.05898646354102918,0.07038938138255953
INV 01.03.016,450-650|60+,0.06403083094310501,0.07136301036596528
INV 01.03.016,450-650|8-18,0.03077807467387728,0.12987605750310116
INV 01.03.016,650-850|18-30,0.04413965906873624,0.10733023261748069
INV 01.03.016,650-850|30-45,0.03511785165805149,0.07156428210450216
INV 01.03.016,650-850|45-60,0.050615631702273844,0.06061756653861574
INV 01.03.016,650-850|60+,0.08147690184981214,0.10214543936986327
INV 01.03.016,850+|18-30,0.015,0.09522696592167278
INV 01.03.016,850+|30-45,0.053711406094958704,0.07563474070003905
INV 01.03.016,850+|45-60,0.038107026581731714,0.0467254597930483
INV 01.03.016,850+|60+,0.05221138043222441,0.058460825850471215
INV 01.03.017,100-250|18-30,0.019805256316887898,0.06962426708786346
INV 01.03.017,100-250|30-45,0.0164772110060456,0.06781452401660472
INV 01.03.017,100-250|45-60,0.015,0.06532735670905335
INV 01.03.017,100-250|60+,0.015,0.0640809484748495
INV 01.03.017,100-250|8-18,0.02583290562925446,0.061922315581538136
INV 01.03.017,250-450|18-30,0.030827401870345272,0.06149374295281402
INV 01.03.017,250-450|30-45,0.0360246522762462,0.06306815381169176
INV 01.03.017,250-450|45-60,0.0335216908719524,0.059257729481831264
INV 01.03.017,250-450|60+,0.03703523627969054,0.05731078384062489
INV 01.03.017,250-450|8-18,0.07961625343594415,0.0967084683174094
INV 01.03.017,450-650|18-30,0.10556838260790315,0.08911507928120356
INV 01.03.017,450-650|30-45,0.03718689352273202,0.04883200531592121
INV 01.03.017,450-650|45-60,0.06044201993600799,0.07038938138255953
INV 01.03.017,450-650|60+,0.06593459167818275,0.07136301036596528
INV 01.03.017,450-650|8-18,0.1264423890259148,0.12987605750310116
INV 01.03.017,650-850|18-30,0.05728151860722058,0.10733023261748069
INV 01.03.017,650-850|30-45,0.03587113814988617,0.07156428210450216
INV 01.03.017,650-850|45-60,0.051605301480076006,0.06061756653861574
INV 01.03.017,650-850|60+,0.08348302589070278,0.10214543936986327
INV 01.03.017,850+|18-30,0.016446425214507666,0.09522696592167278
INV 01.03.017,850+|30-45,0.047718142402908635,0.07563474070003905
INV 01.03.017,850+|45-60,0.0389912752565619,0.0467254597930483
INV 01.03.017,850+|60+,0.053716619511553786,0.058460825850471215
INV 01.03.018,100-250|18-30,0.02089023590300055,0.06962426708786346
INV 01.03.018,100-250|30-45,0.021525446843561728,0.06781452401660472
INV 01.03.018,100-250|45-60,0.015,0.06532735670905335
INV 01.03.018,100-250|60+,0.015,0.0640809484748495
INV 01.03.018,100-250|8-18,0.029254574241724958,0.061922315581538136
INV 01.03.018,250-450|18-30,0.04146709940645583,0.06149374295281402
INV 01.03.018,250-450|30-45,0.04448209033059698,0.06306815381169176
INV 01.03.018,250-450|45-60,0.03477007104331383,0.059257729481831264
INV 01.03.018,250-450|60+,0.03967672450985127,0.05731078384062489
INV 01.03.018,250-450|8-18,0.05759695841542718,0.0967084683174094
INV 01.03.018,450-650|18-30,0.07372970046051928,0.08911507928120356
INV 01.03.018,450-650|30-45,0.04766778635923608,0.04883200531592121
INV 01.03.018,450-650|45-60,0.061563528183525965,0.07038938138255953
INV 01.03.018,450-650|60+,0.06705791419825688,0.07136301036596528
INV 01.03.018,450-650|8-18,0.030863483811845626,0.12987605750310116
INV 01.03.018,650-850|18-30,0.08169176686672033,0.10733023261748069
INV 01.03.018,650-850|30-45,0.10307258851633534,0.07156428210450216
INV 01.03.018,650-850|45-60,0.05465183248461046,0.06061756653861574
INV 01.03.018,650-850|60+,0.08502245398954669,0.10214543936986327
INV 01.03.018,850+|18-30,0.03849607031912977,0.09522696592167278
INV 01.03.018,850+|30-45,0.10494047446739523,0.07563474070003905
INV 01.03.018,850+|45-60,0.045210324754637085,0.0467254597930483
INV 01.03.018,850+|60+,0.059171689924941845,0.058460825850471215
INV 01.03.019,100-250|18-30,0.015,0.06962426708786346
INV 01.03.019,100-250|30-45,0.019105291011825575,0.06781452401660472
INV 01.03.019,100-250|45-60,0.015,0.06532735670905335
INV 01.03.019,100-250|60+,0.015,0.0640809484748495
INV 01.03.019,100-250|8-18,0.021118865587111357,0.061922315581538136
INV 01.03.019,250-450|18-30,0.026738487744298052,0.06149374295281402
INV 01.03.019,250-450|30-45,0.03851483014389981,0.06306815381169176
INV 01.03.019,250-450|45-60,0.035615187031739756,0.059257729481831264
INV 01.03.019,250-450|60+,0.039859011452368254,0.05731078384062489
INV 01.03.019,250-450|8-18,0.03474014751250686,0.0967084683174094
INV 01.03.019,450-650|18-30,0.03607901923648935,0.08911507928120356
INV 01.03.019,450-650|30-45,0.0385861253553149,0.04883200531592121
INV 01.03.019,450-650|45-60,0.06365831364701861,0.07038938138255953
INV 01.03.019,450-650|60+,0.06907222485105577,0.07136301036596528
INV 01.03.019,450-650|8-18,0.029883151297662155,0.12987605750310116
INV 01.03.019,650-850|18-30,0.04449816855896023,0.10733023261748069
INV 01.03.019,650-850|30-45,0.03627522401542613,0.07156428210450216
INV 01.03.019,650-850|45-60,0.051304306947345724,0.06061756653861574
INV 01.03.019,650-850|60+,0.08720082278641819,0.10214543936986327
INV 01.03.019,850+|18-30,0.02098757450177661,0.09522696592167278
INV 01.03.019,850+|30-45,0.05346121892890308,0.07563474070003905
INV 01.03.019,850+|45-60,0.03652176921333635,0.0467254597930483
INV 01.03.019,850+|60+,0.05084145441685159,0.058460825850471215
INV 01.03.020,100-250|18-30,0.020041452727835578,0.06962426708786346
INV 01.03.020,100-250|30-45,0.018125140160653554,0.06781452401660472
INV 01.03.020,100-250|45-60,0.015,0.06532735670905335
INV 01.03.020,100-250|60+,0.015,0.0640809484748495
INV 01.03.020,100-250|8-18,0.023119597891386675,0.061922315581538136
INV 01.03.020,250-450|18-30,0.029829129505711104,0.06149374295281402
INV 01.03.020,250-450|30-45,0.039892676764909527,0.06306815381169176
INV 01.03.020,250-450|45-60,0.03723486973863868,0.059257729481831264
INV 01.03.020,250-450|60+,0.041971782568343316,0.05731078384062489
INV 01.03.020,250-450|8-18,0.04231724071090747,0.0967084683174094
INV 01.03.020,450-650|18-30,0.05017012263779535,0.08911507928120356
INV 01.03.020,450-650|30-45,0.04182265688654655,0.04883200531592121
INV 01.03.020,450-650|45-60,0.06609021160134106,0.07038938138255953
INV 01.03.020,450-650|60+,0.07138025384548398,0.07136301036596528
INV 01.03.020,450-650|8-18,0.06342018725770837,0.12987605750310116
INV 01.03.020,650-850|18-30,0.0626604938329561,0.10733023261748069
INV 01.03.020,650-850|30-45,0.049063460207196624,0.07156428210450216
INV 01.03.020,650-850|45-60,0.05391629881049661,0.06061756653861574
INV 01.03.020,650-850|60+,0.09164384179629562,0.10214543936986327
INV 01.03.020,850+|18-30,0.048995456256338915,0.09522696592167278
INV 01.03.020,850+|30-45,0.054999967704894695,0.07563474070003905
INV 01.03.020,850+|45-60,0.04028929320883063,0.0467254597930483
INV 01.03.020,850+|60+,0.05514121363212028,0.058460825850471215
INV 01.03.021,100-250|18-30,0.019471464373870703,0.06962426708786346
INV 01.03.021,100-250|30-45,0.015807830238551087,0.06781452401660472
INV 01.03.021,100-250|45-60,0.015,0.06532735670905335
INV 01.03.021,100-250|60+,0.015,0.0640809484748495
INV 01.03.021,100-250|8-18,0.01874613909570802,0.061922315581538136
INV 01.03.021,250-450|18-30,0.02719762584491659,0.06149374295281402
INV 01.03.021,250-450|30-45,0.036460777507632276,0.06306815381169176
INV 01.03.021,250-450|45-60,0.03433799906299966,0.059257729481831264
INV 01.03.021,250-450|60+,0.040099594712160035,0.05731078384062489
INV 01.03.021,250-450|8-18,0.03676489506631419,0.0967084683174094
INV 01.03.021,450-650|18-30,0.03428371939729427,0.08911507928120356
INV 01.03.021,450-650|30-45,0.03730078041873646,0.04883200531592121
INV 01.03.021,450-650|45-60,0.060671811483747576,0.07038938138255953
INV 01.03.021,450-650|60+,0.06660806150673479,0.07136301036596528
INV 01.03.021,450-650|8-18,0.06348343217578649,0.12987605750310116
INV 01.03.021,650-850|18-30,0.03804231557441881,0.10733023261748069
INV 01.03.021,650-850|30-45,0.03907210827067093,0.07156428210450216
INV 01.03.021,650-850|45-60,0.05209904091201986,0.06061756653861574
INV 01.03.021,650-850|60+,0.08431431954051553,0.10214543936986327
INV 01.03.021,850+|18-30,0.020484447167549165,0.09522696592167278
INV 01.03.021,850+|30-45,0.04213984037051045,0.07563474070003905
INV 01.03.021,850+|45-60,0.03670010333764552,0.0467254597930483
INV 01.03.021,850+|60+,0.050811408411975977,0.058460825850471215
INV 01.04.022,100-250|18-30,0.015567050364045614,0.06962426708786346
INV 01.04.022,100-250|30-45,0.019242337455346578,0.06781452401660472
INV 01.04.022,100-250|45-60,0.015,0.06532735670905335
INV 01.04.022,100-250|60+,0.015,0.0640809484748495
INV 01.04.022,100-250|8-18,0.025245505188502694,0.061922315581538136
INV 01.04.022,250-450|18-30,0.028925378503050284,0.06149374295281402
INV 01.04.022,250-450|30-45,0.040986127125209354,0.06306815381169176
INV 01.04.022,250-450|45-60,0.038017412273060214,0.059257729481831264
INV 01.04.022,250-450|60+,0.042946640499618285,0.05731078384062489
INV 01.04.022,250-450|8-18,0.038222731191097425,0.0967084683174094
INV 01.04.022,450-650|18-30,0.03884741525499463,0.08911507928120356
INV 01.04.022,450-650|30-45,0.04174189969608449,0.04883200531592121
INV 01.04.022,450-650|45-60,0.06705328575748443,0.07038938138255953
INV 01.04.022,450-650|60+,0.07184517891385238,0.07136301036596528
INV 01.04.022,450-650|8-18,0.03572474020005924,0.12987605750310116
INV 01.04.022,650-850|18-30,0.04814820148486719,0.10733023261748069
INV 01.04.022,650-850|30-45,0.04047579542387138,0.07156428210450216
INV 01.04.022,650-850|45-60,0.05577100706631732,0.06061756653861574
INV 01.04.022,650-850|60+,0.09306924958059842,0.10214543936986327
INV 01.04.022,850+|18-30,0.03121227644690509,0.09522696592167278
INV 01.04.022,850+|30-45,0.0566284617183492,0.07563474070003905
INV 01.04.022,850+|45-60,0.040603261890164416,0.0467254597930483
INV 01.04.022,850+|60+,0.055037893806687714,0.058460825850471215
INV 01.04.023,100-250|18-30,0.01587210484355446,0.06962426708786346
INV 01.04.023,100-250|30-45,0.019223858031017588,0.06781452401660472
INV 01.04.023,100-250|45-60,0.015,0.06532735670905335
INV 01.04.023,100-250|60+,0.015,0.0640809484748495
INV 01.04.023,100-250|8-18,0.025073409857010013,0.061922315581538136
INV 01.04.023,250-450|18-30,0.028782141366247863,0.06149374295281402
INV 01.04.023,250-450|30-45,0.04126463779862168,0.06306815381169176
INV 01.04.023,250-450|45-60,0.03891669391225843,0.059257729481831264
INV 01.04.023,250-450|60+,0.04304877431758876,0.05731078384062489
INV 01.04.023,250-450|8-18,0.037609081377957765,0.0967084683174094
INV 01.04.023,450-650|18-30,0.03882597744190452,0.08911507928120356
INV 01.04.023,450-650|30-45,0.04243739193700004,0.04883200531592121
INV 01.04.023,450-650|45-60,0.0683758087582999,0.07038938138255953
INV 01.04.023,450-650|60+,0.07272577405984858,0.07136301036596528
INV 01.04.023,450-650|8-18,0.034499891890823,0.12987605750310116
INV 01.04.023,650-850|18-30,0.0492513675201736,0.10733023261748069
INV 01.04.023,650-850|30-45,0.04063209064662594,0.07156428210450216
INV 01.04.023,650-850|45-60,0.056842954764876205,0.06061756653861574
INV 01.04.023,650-850|60+,0.09416873788302328,0.10214543936986327
INV 01.04.023,850+|18-30,0.13666846619222406,0.09522696592167278
INV 01.04.023,850+|30-45,0.05743362821786085,0.07563474070003905
INV 01.04.023,850+|45-60,0.041188013687644555,0.0467254597930483
INV 01.04.023,850+|60+,0.056775440282477,0.058460825850471215
INV 01.04.024,100-250|18-30,0.02010953331300803,0.06962426708786346
INV 01.04.024,100-250|30-45,0.019514900872595102,0.06781452401660472
INV 01.04.024,100-250|45-60,0.015,0.06532735670905335
INV 01.04.024,100-250|60+,0.015,0.0640809484748495
INV 01.04.024,100-250|8-18,0.03168336914805631,0.061922315581538136
INV 01.04.024,250-450|18-30,0.036770749349046505,0.06149374295281402
INV 01.04.024,250-450|30-45,0.04275949017900898,0.06306815381169176
INV 01.04.024,250-450|45-60,0.04103857816119399,0.059257729481831264
INV 01.04.024,250-450|60+,0.04392057298287052,0.05731078384062489
INV 01.04.024,250-450|8-18,0.09683711647647354,0.0967084683174094
INV 01.04.024,450-650|18-30,0.12028374434697578,0.08911507928120356
INV 01.04.024,450-650|30-45,0.0442122982904741,0.04883200531592121
INV 01.04.024,450-650|45-60,0.0724180875451303,0.07038938138255953
INV 01.04.024,450-650|60+,0.07577113023470138,0.07136301036596528
INV 01.04.024,450-650|8-18,0.1420524481692732,0.12987605750310116
INV 01.04.024,650-850|18-30,0.06069014660259284,0.10733023261748069
INV 01.04.024,650-850|30-45,0.0411560113479485,0.07156428210450216
INV 01.04.024,650-850|45-60,0.05973110055184518,0.06061756653861574
INV 01.04.024,650-850|60+,0.10032789609290557,0.10214543936986327
INV 01.04.024,850+|18-30,0.16286783006619523,0.09522696592167278
INV 01.04.024,850+|30-45,0.05454526337566631,0.07563474070003905
INV 01.04.024,850+|45-60,0.04272213942436219,0.0467254597930483
INV 01.04.024,850+|60+,0.058782157742238404,0.058460825850471215
INV 01.04.025,100-250|18-30,0.024139508385489155,0.06962426708786346
INV 01.04.025,100-250|30-45,0.023942022146130632,0.06781452401660472
INV 01.04.025,100-250|45-60,0.015289097911081047,0.06532735670905335
INV 01.04.025,100-250|60+,0.015141418108503925,0.0640809484748495
INV 01.04.025,100-250|8-18,0.03403326437148722,0.061922315581538136
INV 01.04.025,250-450|18-30,0.048765515777214545,0.06149374295281402
INV 01.04.025,250-450|30-45,0.05047989376592368,0.06306815381169176
INV 01.04.025,250-450|45-60,0.04235256881560169,0.059257729481831264
INV 01.04.025,250-450|60+,0.044420497342289686,0.05731078384062489
INV 01.04.025,250-450|8-18,0.06690128290131868,0.0967084683174094
INV 01.04.025,450-650|18-30,0.08563371506190638,0.08911507928120356
INV 01.04.025,450-650|30-45,0.05499089915896273,0.04883200531592121
INV 01.04.025,450-650|45-60,0.07408933427714744,0.07038938138255953
INV 01.04.025,450-650|60+,0.07743205076885819,0.07136301036596528
INV 01.04.025,450-650|8-18,0.034572877722599184,0.12987605750310116
INV 01.04.025,650-850|18-30,0.09502603924197006,0.10733023261748069
INV 01.04.025,650-850|30-45,0.11569233360667083,0.07156428210450216
INV 01.04.025,650-850|45-60,0.06528331552466639,0.06061756653861574
INV 01.04.025,650-850|60+,0.10520815043432555,0.10214543936986327
INV 01.04.025,850+|18-30,0.03159282794905465,0.09522696592167278
INV 01.04.025,850+|30-45,0.10263988206144653,0.07563474070003905
INV 01.04.025,850+|45-60,0.051480097115173866,0.0467254597930483
INV 01.04.025,850+|60+,0.0751276741443468,0.058460825850471215
INV 01.04.026,100-250|18-30,0.029703729610363817,0.06962426708786346
INV 01.04.026,100-250|30-45,0.03494089726416889,0.06781452401660472
INV 01.04.026,100-250|45-60,0.029488906280321456,0.06532735670905335
INV 01.04.026,100-250|60+,0.023947788273340556,0.0640809484748495
INV 01.04.026,100-250|8-18,0.03401561522918826,0.061922315581538136
INV 01.04.026,250-450|18-30,0.05390874616461198,0.06149374295281402
INV 01.04.026,250-450|30-45,0.07627926288884491,0.06306815381169176
INV 01.04.026,250-450|45-60,0.07650472262457657,0.059257729481831264
INV 01.04.026,250-450|60+,0.07899029963845625,0.05731078384062489
INV 01.04.026,250-450|8-18,0.08540628238373343,0.0967084683174094
INV 01.04.026,450-650|18-30,0.13091270189421006,0.08911507928120356
INV 01.04.026,450-650|30-45,0.0804403331254092,0.04883200531592121
INV 01.04.026,450-650|45-60,0.1300574937738846,0.07038938138255953
INV 01.04.026,450-650|60+,0.13771925618905922,0.07136301036596528
INV 01.04.026,450-650|8-18,0.10266398188418417,0.12987605750310116
INV 01.04.026,650-850|18-30,0.12121963905662517,0.10733023261748069
INV 01.04.026,650-850|30-45,0.08071637496726018,0.07156428210450216
INV 01.04.026,650-850|45-60,0.10500034821417281,0.06061756653861574
INV 01.04.026,650-850|60+,0.17403538534611782,0.10214543936986327
INV 01.04.026,850+|18-30,0.0777887028358076,0.09522696592167278
INV 01.04.026,850+|30-45,0.08332324575539894,0.07563474070003905
INV 01.04.026,850+|45-60,0.0747616168994234,0.0467254597930483
INV 01.04.026,850+|60+,0.10064521034357815,0.058460825850471215
INV 01.04.027,100-250|18-30,0.021216911892456475,0.06962426708786346
INV 01.04.027,100-250|30-45,0.02638915378136772,0.06781452401660472
INV 01.04.027,100-250|45-60,0.022187285656555058,0.06532735670905335
INV 01.04.027,100-250|60+,0.01858081286452678,0.0640809484748495
INV 01.04.027,100-250|8-18,0.02946512917761971,0.061922315581538136
INV 01.04.027,250-450|18-30,0.03835660968606845,0.06149374295281402
INV 01.04.027,250-450|30-45,0.05757206236375919,0.06306815381169176
INV 01.04.027,250-450|45-60,0.05611408789054982,0.059257729481831264
INV 01.04.027,250-450|60+,0.057790683808796255,0.05731078384062489
INV 01.04.027,250-450|8-18,0.06220777226199765,0.0967084683174094
INV 01.04.027,450-650|18-30,0.06468371141973563,0.08911507928120356
INV 01.04.027,450-650|30-45,0.05949359900999429,0.04883200531592121
INV 01.04.027,450-650|45-60,0.09712913231384616,0.07038938138255953
INV 01.04.027,450-650|60+,0.10178025799734111,0.07136301036596528
INV 01.04.027,450-650|8-18,0.07663310601796207,0.12987605750310116
INV 01.04.027,650-850|18-30,0.08266489007162921,0.10733023261748069
INV 01.04.027,650-850|30-45,0.05375280486559972,0.07156428210450216
INV 01.04.027,650-850|45-60,0.07735065478276631,0.06061756653861574
INV 01.04.027,650-850|60+,0.12362251234536031,0.10214543936986327
INV 01.04.027,850+|18-30,0.06167892834872537,0.09522696592167278
INV 01.04.027,850+|30-45,0.05781762925177515,0.07563474070003905
INV 01.04.027,850+|45-60,0.05384068196375348,0.0467254597930483
INV 01.04.027,850+|60+,0.0759166345576893,0.058460825850471215
INV 01.04.028,100-250|18-30,0.016079772114208152,0.06962426708786346
INV 01.04.028,100-250|30-45,0.02046999327926167,0.06781452401660472
INV 01.04.028,100-250|45-60,0.015019934819739067,0.06532735670905335
INV 01.04.028,100-250|60+,0.01511971025373645,0.0640809484748495
INV 01.04.028,100-250|8-18,0.019272657635590277,0.061922315581538136
INV 01.04.028,250-450|18-30,0.028139604643507253,0.06149374295281402
INV 01.04.028,250-450|30-45,0.04378791558692847,0.06306815381169176
INV 01.04.028,250-450|45-60,0.04360872214877035,0.059257729481831264
INV 01.04.028,250-450|60+,0.045027941473910475,0.05731078384062489
INV 01.04.028,250-450|8-18,0.03286930882988161,0.0967084683174094
INV 01.04.028,450-650|18-30,0.03829521051441892,0.08911507928120356
INV 01.04.028,450-650|30-45,0.04600944242018105,0.04883200531592121
INV 01.04.028,450-650|45-60,0.07476395053131436,0.07038938138255953
INV 01.04.028,450-650|60+,0.07948251678343934,0.07136301036596528
INV 01.04.028,450-650|8-18,0.03651638494725422,0.12987605750310116
INV 01.04.028,650-850|18-30,0.04774295845584691,0.10733023261748069
INV 01.04.028,650-850|30-45,0.040817610859406446,0.07156428210450216
INV 01.04.028,650-850|45-60,0.062317851328035724,0.06061756653861574
INV 01.04.028,650-850|60+,0.10295876941065779,0.10214543936986327
INV 01.04.028,850+|18-30,0.034433372893669975,0.09522696592167278
INV 01.04.028,850+|30-45,0.048393467824324306,0.07563474070003905
INV 01.04.028,850+|45-60,0.0438746446538119,0.0467254597930483
INV 01.04.028,850+|60+,0.060790455818286335,0.058460825850471215
INV 01.05.029,100-250|18-30,0.015858795714537948,0.06962426708786346
INV 01.05.029,100-250|30-45,0.01936476901230816,0.06781452401660472
INV 01.05.029,100-250|45-60,0.015,0.06532735670905335
INV 01.05.029,100-250|60+,0.015,0.0640809484748495
INV 01.05.029,100-250|8-18,0.019814227161174123,0.061922315581538136
INV 01.05.029,250-450|18-30,0.02821708924869698,0.06149374295281402
INV 01.05.029,250-450|30-45,0.04321765876172826,0.06306815381169176
INV 01.05.029,250-450|45-60,0.042845620403013866,0.059257729481831264
INV 01.05.029,250-450|60+,0.04219705247892851,0.05731078384062489
INV 01.05.029,250-450|8-18,0.03239218766241382,0.0967084683174094
INV 01.05.029,450-650|18-30,0.03825335169443556,0.08911507928120356
INV 01.05.029,450-650|30-45,0.04382172471072985,0.04883200531592121
INV 01.05.029,450-650|45-60,0.07276792982719747,0.07038938138255953
INV 01.05.029,450-650|60+,0.07112993018470724,0.07136301036596528
INV 01.05.029,450-650|8-18,0.03670540430918079,0.12987605750310116
INV 01.05.029,650-850|18-30,0.042261172829819865,0.10733023261748069
INV 01.05.029,650-850|30-45,0.039954767454078416,0.07156428210450216
INV 01.05.029,650-850|45-60,0.06228240368300652,0.06061756653861574
INV 01.05.029,650-850|60+,0.09932279977549524,0.10214543936986327
INV 01.05.029,850+|18-30,0.020486216019309736,0.09522696592167278
INV 01.05.029,850+|30-45,0.04459813945600573,0.07563474070003905
INV 01.05.029,850+|45-60,0.04385083742131427,0.0467254597930483
INV 01.05.029,850+|60+,0.05694181338721998,0.058460825850471215
INV 01.05.030,100-250|18-30,0.14146669777251225,0.06962426708786346
INV 01.05.030,100-250|30-45,0.15496885481342562,0.06781452401660472
INV 01.05.030,100-250|45-60,0.1420216688241291,0.06532735670905335
INV 01.05.030,100-250|60+,0.14866092980151535,0.0640809484748495
INV 01.05.030,100-250|8-18,0.14164018144180995,0.061922315581538136
INV 01.05.030,250-450|18-30,0.17188655900746225,0.06149374295281402
INV 01.05.030,250-450|30-45,0.1656495973404091,0.06306815381169176
INV 01.05.030,250-450|45-60,0.1433525512063233,0.059257729481831264
INV 01.05.030,250-450|60+,0.10310616414812886,0.05731078384062489
INV 01.05.030,250-450|8-18,0.21176813684431253,0.0967084683174094
INV 01.05.030,450-650|18-30,0.19627904391817025,0.08911507928120356
INV 01.05.030,450-650|30-45,0.272995657517679,0.04883200531592121
INV 01.05.030,450-650|45-60,0.15436295519007928,0.07038938138255953
INV 01.05.030,450-650|60+,,0.07136301036596528
INV 01.05.030,450-650|8-18,0.2059898927881453,0.12987605750310116
INV 01.05.030,650-850|18-30,0.16677793187585388,0.10733023261748069
INV 01.05.030,650-850|45-60,0.03971027612133242,0.06061756653861574
INV 01.05.030,650-850|60+,,0.10214543936986327
INV 01.05.030,850+|60+,,0.058460825850471215
INV 01.05.031,100-250|18-30,0.016382160756339623,0.06962426708786346
INV 01.05.031,100-250|30-45,0.020059921163932647,0.06781452401660472
INV 01.05.031,100-250|45-60,0.015,0.06532735670905335
INV 01.05.031,100-250|60+,0.015,0.0640809484748495
INV 01.05.031,100-250|8-18,0.019401854960601855,0.061922315581538136
INV 01.05.031,250-450|18-30,0.03084261481785227,0.06149374295281402
INV 01.05.031,250-450|30-45,0.04466088817151131,0.06306815381169176
INV 01.05.031,250-450|45-60,0.04408287002503128,0.059257729481831264
INV 01.05.031,250-450|60+,0.04411736318034638,0.05731078384062489
INV 01.05.031,250-450|8-18,0.034764738356644155,0.0967084683174094
INV 01.05.031,450-650|18-30,0.042449133225023215,0.08911507928120356
INV 01.05.031,450-650|30-45,0.0445900915178468,0.04883200531592121
INV 01.05.031,450-650|45-60,0.07448674268230439,0.07038938138255953
INV 01.05.031,450-650|60+,0.07533367714217923,0.07136301036596528
INV 01.05.031,450-650|8-18,0.0324970489985026,0.12987605750310116
INV 01.05.031,650-850|18-30,0.04202647542358289,0.10733023261748069
INV 01.05.031,650-850|30-45,0.05680851681083239,0.07156428210450216
INV 01.05.031,650-850|45-60,0.06320354963538116,0.06061756653861574
INV 01.05.031,650-850|60+,0.10279023036586539,0.10214543936986327
INV 01.05.031,850+|18-30,0.020648873646763117,0.09522696592167278
INV 01.05.031,850+|30-45,0.06282872634555288,0.07563474070003905
INV 01.05.031,850+|45-60,0.0460037702275025,0.0467254597930483
INV 01.05.031,850+|60+,0.059425892144605544,0.058460825850471215
INV 01.05.032,100-250|18-30,0.018122002247812803,0.06962426708786346
INV 01.05.032,100-250|30-45,0.023805526417606682,0.06781452401660472
INV 01.05.032,100-250|45-60,0.016845982941481197,0.06532735670905335
INV 01.05.032,100-250|60+,0.015,0.0640809484748495
INV 01.05.032,100-250|8-18,0.02009988901718118,0.061922315581538136
INV 01.05.032,250-450|18-30,0.031383498567806985,0.06149374295281402
INV 01.05.032,250-450|30-45,0.04640208390543207,0.06306815381169176
INV 01.05.032,250-450|45-60,0.04780503406540583,0.059257729481831264
INV 01.05.032,250-450|60+,0.05533642719502761,0.05731078384062489
INV 01.05.032,250-450|8-18,0.03289664436568646,0.0967084683174094
INV 01.05.032,450-650|18-30,0.03911433256207718,0.08911507928120356
INV 01.05.032,450-650|30-45,0.051020163312115764,0.04883200531592121
INV 01.05.032,450-650|45-60,0.08495403855506665,0.07038938138255953
INV 01.05.032,450-650|60+,0.08648446127774904,0.07136301036596528
INV 01.05.032,450-650|8-18,0.03886689772401623,0.12987605750310116
INV 01.05.032,650-850|18-30,0.05310672361523518,0.10733023261748069
INV 01.05.032,650-850|30-45,0.04305219584900797,0.07156428210450216
INV 01.05.032,650-850|45-60,0.0672735723315903,0.06061756653861574
INV 01.05.032,650-850|60+,0.12565295098374035,0.10214543936986327
INV 01.05.032,850+|18-30,0.05362463361129317,0.09522696592167278
INV 01.05.032,850+|30-45,0.05948447778589402,0.07563474070003905
INV 01.05.032,850+|45-60,0.05444482343763772,0.0467254597930483
INV 01.05.032,850+|60+,0.07666928499390702,0.058460825850471215
INV 01.05.033,100-250|18-30,0.015523791602834621,0.06962426708786346
INV 01.05.033,100-250|30-45,0.021399784476655012,0.06781452401660472
INV 01.05.033,100-250|45-60,0.01646902276528816,0.06532735670905335
INV 01.05.033,100-250|60+,0.015,0.0640809484748495
INV 01.05.033,100-250|8-18,0.01978614652173675,0.061922315581538136
INV 01.05.033,250-450|18-30,0.027970841549620918,0.06149374295281402
INV 01.05.033,250-450|30-45,0.0430519052639107,0.06306815381169176
INV 01.05.033,250-450|45-60,0.0448040992303721,0.059257729481831264
INV 01.05.033,250-450|60+,0.04404426613035291,0.05731078384062489
INV 01.05.033,250-450|8-18,0.03258538918532325,0.0967084683174094
INV 01.05.033,450-650|18-30,0.03530397226048732,0.08911507928120356
INV 01.05.033,450-650|30-45,0.04274994267350309,0.04883200531592121
INV 01.05.033,450-650|45-60,0.07449219787492964,0.07038938138255953
INV 01.05.033,450-650|60+,0.07475167266022925,0.07136301036596528
INV 01.05.033,450-650|8-18,0.03851481130742261,0.12987605750310116
INV 01.05.033,650-850|18-30,0.03744022262040687,0.10733023261748069
INV 01.05.033,650-850|30-45,0.03898420874217604,0.07156428210450216
INV 01.05.033,650-850|45-60,0.06261031132536914,0.06061756653861574
INV 01.05.033,650-850|60+,0.1108769316789512,0.10214543936986327
INV 01.05.033,850+|18-30,0.043725365108384866,0.09522696592167278
INV 01.05.033,850+|30-45,0.05851866135304951,0.07563474070003905
INV 01.05.033,850+|45-60,0.049271140913806195,0.0467254597930483
INV 01.05.033,850+|60+,0.0619345385983733,0.058460825850471215
INV 01.05.034,100-250|18-30,0.017761823239558553,0.06962426708786346
INV 01.05.034,100-250|30-45,0.023303675343364215,0.06781452401660472
INV 01.05.034,100-250|45-60,0.018441644108930722,0.06532735670905335
INV 01.05.034,100-250|60+,0.015895361033416027,0.0640809484748495
INV 01.05.034,100-250|8-18,0.02679657603690654,0.061922315581538136
INV 01.05.034,250-450|18-30,0.0335799257143418,0.06149374295281402
INV 01.05.034,250-450|30-45,0.046796305181753,0.06306815381169176
INV 01.05.034,250-450|45-60,0.046056524170721064,0.059257729481831264
INV 01.05.034,250-450|60+,0.04553343071599145,0.05731078384062489
INV 01.05.034,250-450|8-18,0.04041269876473617,0.0967084683174094
INV 01.05.034,450-650|18-30,0.04495685661375649,0.08911507928120356
INV 01.05.034,450-650|30-45,0.04756151163078909,0.04883200531592121
INV 01.05.034,450-650|45-60,0.07485122635188002,0.07038938138255953
INV 01.05.034,450-650|60+,0.07687292410840364,0.07136301036596528
INV 01.05.034,450-650|8-18,0.035906988717006184,0.12987605750310116
INV 01.05.034,650-850|18-30,0.04477616347257796,0.10733023261748069
INV 01.05.034,650-850|30-45,0.044179573448281856,0.07156428210450216
INV 01.05.034,650-850|45-60,0.06146156947350752,0.06061756653861574
INV 01.05.034,650-850|60+,0.11274567115853633,0.10214543936986327
INV 01.05.034,850+|18-30,0.03689326260639504,0.09522696592167278
INV 01.05.034,850+|30-45,0.06604235748950829,0.07563474070003905
INV 01.05.034,850+|45-60,0.047326315782191986,0.0467254597930483
INV 01.05.034,850+|60+,0.05875109554771624,0.058460825850471215
INV 01.05.035,100-250|18-30,0.016991450226392188,0.06962426708786346
INV 01.05.035,100-250|30-45,0.022143797833401084,0.06781452401660472
INV 01.05.035,100-250|45-60,0.01880615167017984,0.06532735670905335
INV 01.05.035,100-250|60+,0.016299472785722063,0.0640809484748495
INV 01.05.035,100-250|8-18,0.02161935942681154,0.061922315581538136
INV 01.05.035,250-450|18-30,0.03174234578778545,0.06149374295281402
INV 01.05.035,250-450|30-45,0.047403888863044114,0.06306815381169176
INV 01.05.035,250-450|45-60,0.046104526591653865,0.059257729481831264
INV 01.05.035,250-450|60+,0.05065955702259425,0.05731078384062489
INV 01.05.035,250-450|8-18,0.03699499493236888,0.0967084683174094
INV 01.05.035,450-650|18-30,0.04508259015353714,0.08911507928120356
INV 01.05.035,450-650|30-45,0.047732514070115216,0.04883200531592121
INV 01.05.035,450-650|45-60,0.07861034081502218,0.07038938138255953
INV 01.05.035,450-650|60+,0.07954230456421246,0.07136301036596528
INV 01.05.035,450-650|8-18,0.035118566152524185,0.12987605750310116
INV 01.05.035,650-850|18-30,0.04213562831286291,0.10733023261748069
INV 01.05.035,650-850|30-45,0.04653799106473711,0.07156428210450216
INV 01.05.035,650-850|45-60,0.06388287870914294,0.06061756653861574
INV 01.05.035,650-850|60+,0.10937056609913305,0.10214543936986327
INV 01.05.035,850+|18-30,0.0384400835767394,0.09522696592167278
INV 01.05.035,850+|30-45,0.057796001732721175,0.07563474070003905
INV 01.05.035,850+|45-60,0.0491356143966689,0.0467254597930483
INV 01.05.035,850+|60+,0.06142998396313865,0.058460825850471215
INV 01.06.036,100-250|18-30,0.015,0.06962426708786346
INV 01.06.036,100-250|30-45,0.015,0.06781452401660472
INV 01.06.036,100-250|45-60,0.015,0.06532735670905335
INV 01.06.036,100-250|60+,0.015,0.0640809484748495
INV 01.06.036,100-250|8-18,0.024792601887155662,0.061922315581538136
INV 01.06.036,250-450|18-30,0.025801669170168826,0.06149374295281402
INV 01.06.036,250-450|30-45,0.031350792378504,0.06306815381169176
INV 01.06.036,250-450|45-60,0.027353186077543,0.059257729481831264
INV 01.06.036,250-450|60+,0.03835839467210711,0.05731078384062489
INV 01.06.036,250-450|8-18,0.04134117879150244,0.0967084683174094
INV 01.06.036,450-650|18-30,0.03286863219404181,0.08911507928120356
INV 01.06.036,450-650|30-45,0.03224155503730087,0.04883200531592121
INV 01.06.036,450-650|45-60,0.048286478481778354,0.07038938138255953
INV 01.06.036,450-650|60+,0.05260814537056177,0.07136301036596528
INV 01.06.036,450-650|8-18,0.06299030066345654,0.12987605750310116
INV 01.06.036,650-850|18-30,0.038193571733003515,0.10733023261748069
INV 01.06.036,650-850|30-45,0.03317709267274339,0.07156428210450216
INV 01.06.036,650-850|45-60,0.04252946707914064,0.06061756653861574
INV 01.06.036,650-850|60+,0.0704379540279679,0.10214543936986327
INV 01.06.036,850+|18-30,0.1376775424357426,0.09522696592167278
INV 01.06.036,850+|30-45,0.04173357638755934,0.07563474070003905
INV 01.06.036,850+|45-60,0.03132006097923239,0.0467254597930483
INV 01.06.036,850+|60+,0.037726942787399895,0.058460825850471215
INV 01.06.037,100-250|18-30,0.018473460618179918,0.06962426708786346
INV 01.06.037,100-250|30-45,0.015,0.06781452401660472
INV 01.06.037,100-250|45-60,0.015,0.06532735670905335
INV 01.06.037,100-250|60+,0.015,0.0640809484748495
INV 01.06.037,100-250|8-18,0.022177045400110514,0.061922315581538136
INV 01.06.037,250-450|18-30,0.02865000772445219,0.06149374295281402
INV 01.06.037,250-450|30-45,0.033412744582785314,0.06306815381169176
INV 01.06.037,250-450|45-60,0.028934296179320012,0.059257729481831264
INV 01.06.037,250-450|60+,0.024699115098747264,0.05731078384062489
INV 01.06.037,250-450|8-18,0.0399304432407258,0.0967084683174094
INV 01.06.037,450-650|18-30,0.0344614617950397,0.08911507928120356
INV 01.06.037,450-650|30-45,0.03370407011228002,0.04883200531592121
INV 01.06.037,450-650|45-60,0.052539675881426245,0.07038938138255953
INV 01.06.037,450-650|60+,0.04707731899516206,0.07136301036596528
INV 01.06.037,450-650|8-18,0.05947107350993835,0.12987605750310116
INV 01.06.037,650-850|18-30,0.0409867041774002,0.10733023261748069
INV 01.06.037,650-850|30-45,0.033758389768976146,0.07156428210450216
INV 01.06.037,650-850|45-60,0.04533680433820007,0.06061756653861574
INV 01.06.037,650-850|60+,0.07953955686375892,0.10214543936986327
INV 01.06.037,850+|18-30,0.03457130833574361,0.09522696592167278
INV 01.06.037,850+|30-45,0.045198655126071054,0.07563474070003905
INV 01.06.037,850+|45-60,0.032586188186416384,0.0467254597930483
INV 01.06.037,850+|60+,0.03939562812418626,0.058460825850471215
INV 01.06.038,100-250|18-30,0.02060013206037453,0.06962426708786346
INV 01.06.038,100-250|30-45,0.015377742037494391,0.06781452401660472
INV 01.06.038,100-250|45-60,0.015,0.06532735670905335
INV 01.06.038,100-250|60+,0.015,0.0640809484748495
INV 01.06.038,100-250|8-18,0.02691798748454265,0.061922315581538136
INV 01.06.038,250-450|18-30,0.029566192493058602,0.06149374295281402
INV 01.06.038,250-450|30-45,0.03200792278256568,0.06306815381169176
INV 01.06.038,250-450|45-60,0.028924461024123403,0.059257729481831264
INV 01.06.038,250-450|60+,0.03793347754210088,0.05731078384062489
INV 01.06.038,250-450|8-18,0.07676003680341376,0.0967084683174094
INV 01.06.038,450-650|18-30,0.10056997081091001,0.08911507928120356
INV 01.06.038,450-650|30-45,0.033888210621577576,0.04883200531592121
INV 01.06.038,450-650|45-60,0.050998827663180736,0.07038938138255953
INV 01.06.038,450-650|60+,0.05314508514440443,0.07136301036596528
INV 01.06.038,450-650|8-18,0.10131714982936124,0.12987605750310116
INV 01.06.038,650-850|18-30,0.0481713594945032,0.10733023261748069
INV 01.06.038,650-850|30-45,0.03365673449912109,0.07156428210450216
INV 01.06.038,650-850|45-60,0.043478639374780054,0.06061756653861574
INV 01.06.038,650-850|60+,0.07175276295018242,0.10214543936986327
INV 01.06.038,850+|18-30,0.042060516671497274,0.09522696592167278
INV 01.06.038,850+|30-45,0.04196169514943905,0.07563474070003905
INV 01.06.038,850+|45-60,0.0340499104078339,0.0467254597930483
INV 01.06.038,850+|60+,0.04102294261883918,0.058460825850471215
INV 01.06.039,100-250|18-30,0.02187502449665672,0.06962426708786346
INV 01.06.039,100-250|30-45,0.021766486681669618,0.06781452401660472
INV 01.06.039,100-250|45-60,0.015,0.06532735670905335
INV 01.06.039,100-250|60+,0.015,0.0640809484748495
INV 01.06.039,100-250|8-18,0.03034054090940856,0.061922315581538136
INV 01.06.039,250-450|18-30,0.045846683122510605,0.06149374295281402
INV 01.06.039,250-450|30-45,0.04038426562432191,0.06306815381169176
INV 01.06.039,250-450|45-60,0.030103771080332242,0.059257729481831264
INV 01.06.039,250-450|60+,0.03783007634434647,0.05731078384062489
INV 01.06.039,250-450|8-18,0.06378305394551262,0.0967084683174094
INV 01.06.039,450-650|18-30,0.0870337437803835,0.08911507928120356
INV 01.06.039,450-650|30-45,0.047586263810257476,0.04883200531592121
INV 01.06.039,450-650|45-60,0.05208669638230009,0.07038938138255953
INV 01.06.039,450-650|60+,0.05494892104331058,0.07136301036596528
INV 01.06.039,450-650|8-18,0.029867416291439373,0.12987605750310116
INV 01.06.039,650-850|18-30,0.09488706247720267,0.10733023261748069
INV 01.06.039,650-850|30-45,0.11102241505536613,0.07156428210450216
INV 01.06.039,650-850|45-60,0.04557604726382139,0.06061756653861574
INV 01.06.039,650-850|60+,0.07332811408665584,0.10214543936986327
INV 01.06.039,850+|18-30,0.06097054068836046,0.09522696592167278
INV 01.06.039,850+|30-45,0.09674230216903645,0.07563474070003905
INV 01.06.039,850+|45-60,0.03763702831424842,0.0467254597930483
INV 01.06.039,850+|60+,0.04351808265687819,0.058460825850471215
INV 01.06.040,100-250|18-30,0.015935698366858854,0.06962426708786346
INV 01.06.040,100-250|30-45,0.01889294281581497,0.06781452401660472
INV 01.06.040,100-250|45-60,0.015,0.06532735670905335
INV 01.06.040,100-250|60+,0.015,0.0640809484748495
INV 01.06.040,100-250|8-18,0.02744974069366092,0.061922315581538136
INV 01.06.040,250-450|18-30,0.031247661309700487,0.06149374295281402
INV 01.06.040,250-450|30-45,0.03987700006878138,0.06306815381169176
INV 01.06.040,250-450|45-60,0.03704528160613695,0.059257729481831264
INV 01.06.040,250-450|60+,0.03133740753338618,0.05731078384062489
INV 01.06.040,250-450|8-18,0.04950984966652509,0.0967084683174094
INV 01.06.040,450-650|18-30,0.042873800892639445,0.08911507928120356
INV 01.06.040,450-650|30-45,0.04198739146548854,0.04883200531592121
INV 01.06.040,450-650|45-60,0.06338097307864657,0.07038938138255953
INV 01.06.040,450-650|60+,0.05983344515114391,0.07136301036596528
INV 01.06.040,450-650|8-18,0.07153088613098858,0.12987605750310116
INV 01.06.040,650-850|18-30,0.054550952524454396,0.10733023261748069
INV 01.06.040,650-850|30-45,0.04026218978365023,0.07156428210450216
INV 01.06.040,650-850|45-60,0.056710943888573374,0.06061756653861574
INV 01.06.040,650-850|60+,0.0906800032154858,0.10214543936986327
INV 01.06.040,850+|18-30,0.01769930654656015,0.09522696592167278
INV 01.06.040,850+|30-45,0.05181677309385974,0.07563474070003905
INV 01.06.040,850+|45-60,0.03942743967868053,0.0467254597930483
INV 01.06.040,850+|60+,0.04798137196588269,0.058460825850471215
INV 01.06.041,100-250|18-30,0.015,0.06962426708786346
INV 01.06.041,100-250|30-45,0.016457679337569406,0.06781452401660472
INV 01.06.041,100-250|45-60,0.015,0.06532735670905335
INV 01.06.041,100-250|60+,0.015,0.0640809484748495
INV 01.06.041,100-250|8-18,0.02555942617372505,0.061922315581538136
INV 01.06.041,250-450|18-30,0.027114332788188682,0.06149374295281402
INV 01.06.041,250-450|30-45,0.036193533743464776,0.06306815381169176
INV 01.06.041,250-450|45-60,0.0307694646360061,0.059257729481831264
INV 01.06.041,250-450|60+,0.033585757831488865,0.05731078384062489
INV 01.06.041,250-450|8-18,0.04501640785352005,0.0967084683174094
INV 01.06.041,450-650|18-30,0.03538122757827172,0.08911507928120356
INV 01.06.041,450-650|30-45,0.03715465937505116,0.04883200531592121
INV 01.06.041,450-650|45-60,0.05685945085554018,0.07038938138255953
INV 01.06.041,450-650|60+,0.05844561493550936,0.07136301036596528
INV 01.06.041,450-650|8-18,0.06361567656394104,0.12987605750310116
INV 01.06.041,650-850|18-30,0.039772951829424814,0.10733023261748069
INV 01.06.041,650-850|30-45,0.03498279411425519,0.07156428210450216
INV 01.06.041,650-850|45-60,0.04842896131167202,0.06061756653861574
INV 01.06.041,650-850|60+,0.08057428721371403,0.10214543936986327
INV 01.06.041,850+|18-30,0.030663395865295547,0.09522696592167278
INV 01.06.041,850+|30-45,0.04382718345550122,0.07563474070003905
INV 01.06.041,850+|45-60,0.03269389264073652,0.0467254597930483
INV 01.06.041,850+|60+,0.038597526575305505,0.058460825850471215
INV 01.06.042,100-250|18-30,0.016820052286773645,0.06962426708786346
INV 01.06.042,100-250|30-45,0.01558406203470195,0.06781452401660472
INV 01.06.042,100-250|45-60,0.015,0.06532735670905335
INV 01.06.042,100-250|60+,0.015,0.0640809484748495
INV 01.06.042,100-250|8-18,0.0256436131891766,0.061922315581538136
INV 01.06.042,250-450|18-30,0.030451372123949154,0.06149374295281402
INV 01.06.042,250-450|30-45,0.03450508429301871,0.06306815381169176
INV 01.06.042,250-450|45-60,0.030718983458158374,0.059257729481831264
INV 01.06.042,250-450|60+,0.027628490976684975,0.05731078384062489
INV 01.06.042,250-450|8-18,0.06203362213663176,0.0967084683174094
INV 01.06.042,450-650|18-30,0.10298773519590812,0.08911507928120356
INV 01.06.042,450-650|30-45,0.03562600929959157,0.04883200531592121
INV 01.06.042,450-650|45-60,0.057110408327417546,0.07038938138255953
INV 01.06.042,450-650|60+,0.05663929755633339,0.07136301036596528
INV 01.06.042,450-650|8-18,0.08858806126006184,0.12987605750310116
INV 01.06.042,650-850|18-30,0.05143542025772058,0.10733023261748069
INV 01.06.042,650-850|30-45,0.03284008357668472,0.07156428210450216
INV 01.06.042,650-850|45-60,0.04860815284613074,0.06061756653861574
INV 01.06.042,650-850|60+,0.0794690479074567,0.10214543936986327
INV 01.06.042,850+|18-30,0.0759894859025663,0.09522696592167278
INV 01.06.042,850+|30-45,0.0369830761121308,0.07563474070003905
INV 01.06.042,850+|45-60,0.03484832739449026,0.0467254597930483
INV 01.06.042,850+|60+,0.04006568227742249,0.058460825850471215
INV 01.06.043,100-250|18-30,0.019754432350839544,0.06962426708786346
INV 01.06.043,100-250|30-45,0.022973599155084255,0.06781452401660472
INV 01.06.043,100-250|45-60,0.015,0.06532735670905335
INV 01.06.043,100-250|60+,0.015,0.0640809484748495
INV 01.06.043,100-250|8-18,0.028665105139294614,0.061922315581538136
INV 01.06.043,250-450|18-30,0.040891734235594515,0.06149374295281402
INV 01.06.043,250-450|30-45,0.04342263161157522,0.06306815381169176
INV 01.06.043,250-450|45-60,0.032161070504413726,0.059257729481831264
INV 01.06.043,250-450|60+,0.029032948383451142,0.05731078384062489
INV 01.06.043,250-450|8-18,0.05797517415086454,0.0967084683174094
INV 01.06.043,450-650|18-30,0.08006253480563934,0.08911507928120356
INV 01.06.043,450-650|30-45,0.04875002549894672,0.04883200531592121
INV 01.06.043,450-650|45-60,0.059311618421261175,0.07038938138255953
INV 01.06.043,450-650|60+,0.05860484464035557,0.07136301036596528
INV 01.06.043,450-650|8-18,0.027850225880399683,0.12987605750310116
INV 01.06.043,650-850|18-30,0.07887040046100574,0.10733023261748069
INV 01.06.043,650-850|30-45,0.08260825010708679,0.07156428210450216
INV 01.06.043,650-850|45-60,0.05265544263093293,0.06061756653861574
INV 01.06.043,650-850|60+,0.07971581737599677,0.10214543936986327
INV 01.06.043,850+|18-30,0.047774126907999086,0.09522696592167278
INV 01.06.043,850+|30-45,0.0993600059601046,0.07563474070003905
INV 01.06.043,850+|45-60,0.03813051753690038,0.0467254597930483
INV 01.06.043,850+|60+,0.0436045140518394,0.058460825850471215
INV 01.07.044,100-250|18-30,0.015,0.06962426708786346
INV 01.07.044,100-250|30-45,0.017946479046540037,0.06781452401660472
INV 01.07.044,100-250|45-60,0.015,0.06532735670905335
INV 01.07.044,100-250|60+,0.015,0.0640809484748495
INV 01.07.044,100-250|8-18,0.02773639039574004,0.061922315581538136
INV 01.07.044,250-450|18-30,0.028141774276822986,0.06149374295281402
INV 01.07.044,250-450|30-45,0.03797777623998367,0.06306815381169176
INV 01.07.044,250-450|45-60,0.03274387218320957,0.059257729481831264
INV 01.07.044,250-450|60+,0.02910853735769979,0.05731078384062489
INV 01.07.044,250-450|8-18,0.04598328531806195,0.0967084683174094
INV 01.07.044,450-650|18-30,0.03656444626395377,0.08911507928120356
INV 01.07.044,450-650|30-45,0.039088378402137906,0.04883200531592121
INV 01.07.044,450-650|45-60,0.06054237020497051,0.07038938138255953
INV 01.07.044,450-650|60+,0.06021401537180224,0.07136301036596528
INV 01.07.044,450-650|8-18,0.0645776659534069,0.12987605750310116
INV 01.07.044,650-850|18-30,0.038375868160425645,0.10733023261748069
INV 01.07.044,650-850|30-45,0.03656538033308842,0.07156428210450216
INV 01.07.044,650-850|45-60,0.05317392068606855,0.06061756653861574
INV 01.07.044,650-850|60+,0.0862331450092187,0.10214543936986327
INV 01.07.044,850+|18-30,0.03059823014760744,0.09522696592167278
INV 01.07.044,850+|30-45,0.046375056326845694,0.07563474070003905
INV 01.07.044,850+|45-60,0.03678118922690799,0.0467254597930483
INV 01.07.044,850+|60+,0.04092430126414237,0.058460825850471215
INV 01.07.045,100-250|18-30,0.015,0.06962426708786346
INV 01.07.045,100-250|30-45,0.01835641616220496,0.06781452401660472
INV 01.07.045,100-250|45-60,0.015,0.06532735670905335
INV 01.07.045,100-250|60+,0.015,0.0640809484748495
INV 01.07.045,100-250|8-18,0.027483957657548148,0.061922315581538136
INV 01.07.045,250-450|18-30,0.028212773910115316,0.06149374295281402
INV 01.07.045,250-450|30-45,0.03907502689759121,0.06306815381169176
INV 01.07.045,250-450|45-60,0.03366754213531644,0.059257729481831264
INV 01.07.045,250-450|60+,0.029682332055716604,0.05731078384062489
INV 01.07.045,250-450|8-18,0.052780385382622495,0.0967084683174094
INV 01.07.045,450-650|18-30,0.03762613095041732,0.08911507928120356
INV 01.07.045,450-650|30-45,0.03988023475853147,0.04883200531592121
INV 01.07.045,450-650|45-60,0.06120799064011206,0.07038938138255953
INV 01.07.045,450-650|60+,0.061256936944476474,0.07136301036596528
INV 01.07.045,450-650|8-18,0.0651331804776954,0.12987605750310116
INV 01.07.045,650-850|18-30,0.040926517651297276,0.10733023261748069
INV 01.07.045,650-850|30-45,0.036798950421378936,0.07156428210450216
INV 01.07.045,650-850|45-60,0.05346345319302281,0.06061756653861574
INV 01.07.045,650-850|60+,0.08842948068966176,0.10214543936986327
INV 01.07.045,850+|18-30,0.038063616966349564,0.09522696592167278
INV 01.07.045,850+|30-45,0.04733760593638021,0.07563474070003905
INV 01.07.045,850+|45-60,0.037411477588884946,0.0467254597930483
INV 01.07.045,850+|60+,0.0411944832081385,0.058460825850471215
INV 01.07.046,100-250|18-30,0.015,0.06962426708786346
INV 01.07.046,100-250|30-45,0.017790662183106223,0.06781452401660472
INV 01.07.046,100-250|45-60,0.015,0.06532735670905335
INV 01.07.046,100-250|60+,0.015,0.0640809484748495
INV 01.07.046,100-250|8-18,0.03370269023269925,0.061922315581538136
INV 01.07.046,250-450|18-30,0.03682419122727343,0.06149374295281402
INV 01.07.046,250-450|30-45,0.03864858344955872,0.06306815381169176
INV 01.07.046,250-450|45-60,0.03482795541968365,0.059257729481831264
INV 01.07.046,250-450|60+,0.030757989669819182,0.05731078384062489
INV 01.07.046,250-450|8-18,0.09230649836639396,0.0967084683174094
INV 01.07.046,450-650|18-30,0.1301576767703948,0.08911507928120356
INV 01.07.046,450-650|30-45,0.040323351787165444,0.04883200531592121
INV 01.07.046,450-650|45-60,0.0627744965800643,0.07038938138255953
INV 01.07.046,450-650|60+,0.061779507878558036,0.07136301036596528
INV 01.07.046,450-650|8-18,0.11824621167457532,0.12987605750310116
INV 01.07.046,650-850|18-30,0.06581296401187214,0.10733023261748069
INV 01.07.046,650-850|30-45,0.03851520724479627,0.07156428210450216
INV 01.07.046,650-850|45-60,0.05479197831329456,0.06061756653861574
INV 01.07.046,650-850|60+,0.09080722504212056,0.10214543936986327
INV 01.07.046,850+|18-30,0.06616279860512508,0.09522696592167278
INV 01.07.046,850+|30-45,0.04174328797006315,0.07563474070003905
INV 01.07.046,850+|45-60,0.03951899842916746,0.0467254597930483
INV 01.07.046,850+|60+,0.04316643547066539,0.058460825850471215
INV 01.07.047,100-250|18-30,0.029039503906842876,0.06962426708786346
INV 01.07.047,100-250|30-45,0.035370654486893374,0.06781452401660472
INV 01.07.047,100-250|45-60,0.016524889987306928,0.06532735670905335
INV 01.07.047,100-250|60+,0.015,0.0640809484748495
INV 01.07.047,100-250|8-18,0.04419036932856588,0.061922315581538136
INV 01.07.047,250-450|18-30,0.07431742590943859,0.06149374295281402
INV 01.07.047,250-450|30-45,0.05472272052899816,0.06306815381169176
INV 01.07.047,250-450|45-60,0.036117080504620945,0.059257729481831264
INV 01.07.047,250-450|60+,0.0322750442985155,0.05731078384062489
INV 01.07.047,250-450|8-18,0.081761977654112,0.0967084683174094
INV 01.07.047,450-650|18-30,0.16272472914774677,0.08911507928120356
INV 01.07.047,450-650|30-45,0.07417743363057831,0.04883200531592121
INV 01.07.047,450-650|45-60,0.06470632919676785,0.07038938138255953
INV 01.07.047,450-650|60+,0.06455509103452844,0.07136301036596528
INV 01.07.047,450-650|8-18,0.05554941641892378,0.12987605750310116
INV 01.07.047,650-850|18-30,0.142964118662773,0.10733023261748069
INV 01.07.047,650-850|30-45,0.1907698812123261,0.07156428210450216
INV 01.07.047,650-850|45-60,0.05845943075156319,0.06061756653861574
INV 01.07.047,650-850|60+,0.09093131198700981,0.10214543936986327
INV 01.07.047,850+|18-30,0.08488902452596912,0.09522696592167278
INV 01.07.047,850+|30-45,0.17331174898726914,0.07563474070003905
INV 01.07.047,850+|45-60,0.04809967200008978,0.0467254597930483
INV 01.07.047,850+|60+,0.053111610986914706,0.058460825850471215
INV 01.07.048,100-250|18-30,0.019620914176167386,0.06962426708786346
INV 01.07.048,100-250|30-45,0.023824714474386617,0.06781452401660472
INV 01.07.048,100-250|45-60,0.019988840831432007,0.06532735670905335
INV 01.07.048,100-250|60+,0.015,0.0640809484748495
INV 01.07.048,100-250|8-18,0.03142792716367,0.061922315581538136
INV 01.07.048,250-450|18-30,0.03857427982673246,0.06149374295281402
INV 01.07.048,250-450|30-45,0.05061674124319909,0.06306815381169176
INV 01.07.048,250-450|45-60,0.04543827092122154,0.059257729481831264
INV 01.07.048,250-450|60+,0.040437081191533664,0.05731078384062489
INV 01.07.048,250-450|8-18,0.056848215345403755,0.0967084683174094
INV 01.07.048,450-650|18-30,0.049597224900500086,0.08911507928120356
INV 01.07.048,450-650|30-45,0.05059497784900307,0.04883200531592121
INV 01.07.048,450-650|45-60,0.08051963954336847,0.07038938138255953
INV 01.07.048,450-650|60+,0.07746287349746629,0.07136301036596528
INV 01.07.048,450-650|8-18,0.0755250276040781,0.12987605750310116
INV 01.07.048,650-850|18-30,0.06661939140406276,0.10733023261748069
INV 01.07.048,650-850|30-45,0.0447729971305838,0.07156428210450216
INV 01.07.048,650-850|45-60,0.06960126279599248,0.06061756653861574
INV 01.07.048,650-850|60+,0.11348560026282292,0.10214543936986327
INV 01.07.048,850+|18-30,0.030444619597174167,0.09522696592167278
INV 01.07.048,850+|30-45,0.05661830456613241,0.07563474070003905
INV 01.07.048,850+|45-60,0.04782372706557395,0.0467254597930483
INV 01.07.048,850+|60+,0.053334879058998114,0.058460825850471215
INV 01.07.049,100-250|18-30,0.030261703492435343,0.06962426708786346
INV 01.07.049,100-250|30-45,0.032444210477683186,0.06781452401660472
INV 01.07.049,100-250|45-60,0.02930379718208504,0.06532735670905335
INV 01.07.049,100-250|60+,0.021415041771481513,0.0640809484748495
INV 01.07.049,100-250|8-18,0.047538615900121296,0.061922315581538136
INV 01.07.049,250-450|18-30,0.05649963662816577,0.06149374295281402
INV 01.07.049,250-450|30-45,0.07045348608036754,0.06306815381169176
INV 01.07.049,250-450|45-60,0.0641266430887149,0.059257729481831264
INV 01.07.049,250-450|60+,0.0586316653866561,0.05731078384062489
INV 01.07.049,250-450|8-18,0.11663084753700453,0.0967084683174094
INV 01.07.049,450-650|18-30,0.08789117148520455,0.08911507928120356
INV 01.07.049,450-650|30-45,0.07145115031027668,0.04883200531592121
INV 01.07.049,450-650|45-60,0.11196575692463488,0.07038938138255953
INV 01.07.049,450-650|60+,0.11091594428159611,0.07136301036596528
INV 01.07.049,450-650|8-18,0.143457306571436,0.12987605750310116
INV 01.07.049,650-850|18-30,0.09423808596372926,0.10733023261748069
INV 01.07.049,650-850|30-45,0.0605760188958969,0.07156428210450216
INV 01.07.049,650-850|45-60,0.09363102140867692,0.06061756653861574
INV 01.07.049,650-850|60+,0.15668806583163514,0.10214543936986327
INV 01.07.049,850+|18-30,,0.09522696592167278
INV 01.07.049,850+|30-45,0.07858087694091896,0.07563474070003905
INV 01.07.049,850+|45-60,0.06755795637174764,0.0467254597930483
INV 01.07.049,850+|60+,0.1018384056335621,0.058460825850471215
INV 01.07.050,100-250|18-30,0.03175644251154954,0.06962426708786346
INV 01.07.050,100-250|30-45,0.023842296690244524,0.06781452401660472
INV 01.07.050,100-250|45-60,0.021195769824086594,0.06532735670905335
INV 01.07.050,100-250|60+,0.01627197655824875,0.0640809484748495
INV 01.07.050,100-250|8-18,0.04035427866356924,0.061922315581538136
INV 01.07.050,250-450|18-30,0.04255709881735945,0.06149374295281402
INV 01.07.050,250-450|30-45,0.05120733834528229,0.06306815381169176
INV 01.07.050,250-450|45-60,0.04808578568813188,0.059257729481831264
INV 01.07.050,250-450|60+,0.043032511709965325,0.05731078384062489
INV 01.07.050,250-450|8-18,0.08719368510039464,0.0967084683174094
INV 01.07.050,450-650|18-30,0.11474534477947666,0.08911507928120356
INV 01.07.050,450-650|30-45,0.05178163568407799,0.04883200531592121
INV 01.07.050,450-650|45-60,0.08412951740641667,0.07038938138255953
INV 01.07.050,450-650|60+,0.08043801778507978,0.07136301036596528
INV 01.07.050,450-650|8-18,0.12406535088515111,0.12987605750310116
INV 01.07.050,650-850|18-30,0.05436374935071864,0.10733023261748069
INV 01.07.050,650-850|30-45,0.04623011256738807,0.07156428210450216
INV 01.07.050,650-850|45-60,0.07192382876782091,0.06061756653861574
INV 01.07.050,650-850|60+,0.11795315615230488,0.10214543936986327
INV 01.07.050,850+|18-30,0.076715387214692,0.09522696592167278
INV 01.07.050,850+|30-45,0.052989159128563154,0.07563474070003905
INV 01.07.050,850+|45-60,0.05131486217205057,0.0467254597930483
INV 01.07.050,850+|60+,0.058458078345642914,0.058460825850471215
INV 01.07.051,100-250|18-30,0.05239555741448736,0.06962426708786346
INV 01.07.051,100-250|30-45,0.06284283895288736,0.06781452401660472
INV 01.07.051,100-250|45-60,0.03236881674883207,0.06532735670905335
INV 01.07.051,100-250|60+,0.025509908036887012,0.0640809484748495
INV 01.07.051,100-250|8-18,0.07293099421595561,0.061922315581538136
INV 01.07.051,250-450|18-30,0.12317443150299331,0.06149374295281402
INV 01.07.051,250-450|30-45,0.09698801760962017,0.06306815381169176
INV 01.07.051,250-450|45-60,0.06814003193897937,0.059257729481831264
INV 01.07.051,250-450|60+,0.060207570923527506,0.05731078384062489
INV 01.07.051,250-450|8-18,0.13637473760742935,0.0967084683174094
INV 01.07.051,450-650|18-30,0.27021411593475647,0.08911507928120356
INV 01.07.051,450-650|30-45,0.1263768560362848,0.04883200531592121
INV 01.07.051,450-650|45-60,0.11937773630568072,0.07038938138255953
INV 01.07.051,450-650|60+,0.12000597824243454,0.07136301036596528
INV 01.07.051,450-650|8-18,0.07072657518226369,0.12987605750310116
INV 01.07.051,650-850|18-30,0.25527593325446096,0.10733023261748069
INV 01.07.051,650-850|30-45,0.3162193964906326,0.07156428210450216
INV 01.07.051,650-850|45-60,0.10231124773687139,0.06061756653861574
INV 01.07.051,650-850|60+,0.1634671569937022,0.10214543936986327
INV 01.07.051,850+|18-30,0.1739359939947037,0.09522696592167278
INV 01.07.051,850+|30-45,0.1866643720451476,0.07563474070003905
INV 01.07.051,850+|45-60,0.0712718376995519,0.0467254597930483
INV 01.07.051,850+|60+,0.09997263070966296,0.058460825850471215
INV 01.08.052,100-250|18-30,0.026165870107554806,0.06962426708786346
INV 01.08.052,100-250|30-45,0.026939710466269164,0.06781452401660472
INV 01.08.052,100-250|45-60,0.020672055559800593,0.06532735670905335
INV 01.08.052,100-250|60+,0.020270331432121428,0.0640809484748495
INV 01.08.052,100-250|8-18,0.0319018079578277,0.061922315581538136
INV 01.08.052,250-450|18-30,0.04076848552289143,0.06149374295281402
INV 01.08.052,250-450|30-45,0.05801609776790792,0.06306815381169176
INV 01.08.052,250-450|45-60,0.05238963257822917,0.059257729481831264
INV 01.08.052,250-450|60+,0.039591905886326655,0.05731078384062489
INV 01.08.052,250-450|8-18,0.05889864719498581,0.0967084683174094
INV 01.08.052,450-650|18-30,0.07416222641455027,0.08911507928120356
INV 01.08.052,450-650|30-45,0.06077926949700971,0.04883200531592121
INV 01.08.052,450-650|45-60,0.08472086506711637,0.07038938138255953
INV 01.08.052,450-650|60+,0.0946298948918371,0.07136301036596528
INV 01.08.052,450-650|8-18,0.12421484419120254,0.12987605750310116
INV 01.08.052,650-850|18-30,0.09360529581490568,0.10733023261748069
INV 01.08.052,650-850|30-45,0.06773440756356848,0.07156428210450216
INV 01.08.052,650-850|45-60,0.08536136460038798,0.06061756653861574
INV 01.08.052,650-850|60+,0.13947127297602605,0.10214543936986327
INV 01.08.052,850+|18-30,0.2164587983428544,0.09522696592167278
INV 01.08.052,850+|30-45,0.08355171195348533,0.07563474070003905
INV 01.08.052,850+|45-60,0.0640705310659908,0.0467254597930483
INV 01.08.052,850+|60+,0.09385825613567965,0.058460825850471215
INV 01.08.053,100-250|18-30,0.015,0.06962426708786346
INV 01.08.053,100-250|30-45,0.015,0.06781452401660472
INV 01.08.053,100-250|45-60,0.015,0.06532735670905335
INV 01.08.053,100-250|60+,0.015,0.0640809484748495
INV 01.08.053,100-250|8-18,0.01856616811968516,0.061922315581538136
INV 01.08.053,250-450|18-30,0.022483036541449848,0.06149374295281402
INV 01.08.053,250-450|30-45,0.03384853060947917,0.06306815381169176
INV 01.08.053,250-450|45-60,0.032013124701665736,0.059257729481831264
INV 01.08.053,250-450|60+,0.02464209057802267,0.05731078384062489
INV 01.08.053,250-450|8-18,0.03462014148277398,0.0967084683174094
INV 01.08.053,450-650|18-30,0.03711786168106741,0.08911507928120356
INV 01.08.053,450-650|30-45,0.03355235421020259,0.04883200531592121
INV 01.08.053,450-650|45-60,0.05292986913462044,0.07038938138255953
INV 01.08.053,450-650|60+,0.05378581267392346,0.07136301036596528
INV 01.08.053,450-650|8-18,0.05681824126142792,0.12987605750310116
INV 01.08.053,650-850|18-30,0.04486314429974277,0.10733023261748069
INV 01.08.053,650-850|30-45,0.03476300046444962,0.07156428210450216
INV 01.08.053,650-850|45-60,0.050509345039064825,0.06061756653861574
INV 01.08.053,650-850|60+,0.08072723302004951,0.10214543936986327
INV 01.08.053,850+|18-30,0.14897730598430722,0.09522696592167278
INV 01.08.053,850+|30-45,0.049031161858320134,0.07563474070003905
INV 01.08.053,850+|45-60,0.040522027031427016,0.0467254597930483
INV 01.08.053,850+|60+,0.045602196516796104,0.058460825850471215
INV 01.08.054,100-250|18-30,0.015,0.06962426708786346
INV 01.08.054,100-250|30-45,0.016264631402549978,0.06781452401660472
INV 01.08.054,100-250|45-60,0.015,0.06532735670905335
INV 01.08.054,100-250|60+,0.015,0.0640809484748495
INV 01.08.054,100-250|8-18,0.022638174128959687,0.061922315581538136
INV 01.08.054,250-450|18-30,0.02531368303745919,0.06149374295281402
INV 01.08.054,250-450|30-45,0.03609039336875231,0.06306815381169176
INV 01.08.054,250-450|45-60,0.031751374624017004,0.059257729481831264
INV 01.08.054,250-450|60+,0.026629028819676614,0.05731078384062489
INV 01.08.054,250-450|8-18,0.04564831231553479,0.0967084683174094
INV 01.08.054,450-650|18-30,0.03843006508874628,0.08911507928120356
INV 01.08.054,450-650|30-45,0.03534259247014804,0.04883200531592121
INV 01.08.054,450-650|45-60,0.053098824996834396,0.07038938138255953
INV 01.08.054,450-650|60+,0.05585109156829849,0.07136301036596528
INV 01.08.054,450-650|8-18,0.0641460975194625,0.12987605750310116
INV 01.08.054,650-850|18-30,0.04539834364363402,0.10733023261748069
INV 01.08.054,650-850|30-45,0.0355840360800001,0.07156428210450216
INV 01.08.054,650-850|45-60,0.04985850461287482,0.06061756653861574
INV 01.08.054,650-850|60+,0.08155368859398286,0.10214543936986327
INV 01.08.054,850+|18-30,0.015,0.09522696592167278
INV 01.08.054,850+|30-45,0.054356657506354045,0.07563474070003905
INV 01.08.054,850+|45-60,0.037372633628071514,0.0467254597930483
INV 01.08.054,850+|60+,0.04410776595638996,0.058460825850471215
INV 01.08.055,100-250|18-30,0.015,0.06962426708786346
INV 01.08.055,100-250|30-45,0.016356578581847504,0.06781452401660472
INV 01.08.055,100-250|45-60,0.015,0.06532735670905335
INV 01.08.055,100-250|60+,0.015,0.0640809484748495
INV 01.08.055,100-250|8-18,0.021448437710602206,0.061922315581538136
INV 01.08.055,250-450|18-30,0.02671866011121023,0.06149374295281402
INV 01.08.055,250-450|30-45,0.03730382844001512,0.06306815381169176
INV 01.08.055,250-450|45-60,0.03249120873642106,0.059257729481831264
INV 01.08.055,250-450|60+,0.02838951554647267,0.05731078384062489
INV 01.08.055,250-450|8-18,0.04918704637285971,0.0967084683174094
INV 01.08.055,450-650|18-30,0.03877269647035527,0.08911507928120356
INV 01.08.055,450-650|30-45,0.038419567279819225,0.04883200531592121
INV 01.08.055,450-650|45-60,0.05796175277779771,0.07038938138255953
INV 01.08.055,450-650|60+,0.053838374095321245,0.07136301036596528
INV 01.08.055,450-650|8-18,0.06572890598897524,0.12987605750310116
INV 01.08.055,650-850|18-30,0.04730297370460784,0.10733023261748069
INV 01.08.055,650-850|30-45,0.036162848581023074,0.07156428210450216
INV 01.08.055,650-850|45-60,0.05273327355325503,0.06061756653861574
INV 01.08.055,650-850|60+,0.08715648181167895,0.10214543936986327
INV 01.08.055,850+|18-30,0.015600432081643958,0.09522696592167278
INV 01.08.055,850+|30-45,0.05362916321558007,0.07563474070003905
INV 01.08.055,850+|45-60,0.04045469090373714,0.0467254597930483
INV 01.08.055,850+|60+,0.04659153332188148,0.058460825850471215
INV 01.08.056,100-250|18-30,0.02578214059460671,0.06962426708786346
INV 01.08.056,100-250|30-45,0.015947350372277368,0.06781452401660472
INV 01.08.056,100-250|45-60,0.015,0.06532735670905335
INV 01.08.056,100-250|60+,0.015,0.0640809484748495
INV 01.08.056,100-250|8-18,0.027544959445659045,0.061922315581538136
INV 01.08.056,250-450|18-30,0.031646500753598726,0.06149374295281402
INV 01.08.056,250-450|30-45,0.036635309194489096,0.06306815381169176
INV 01.08.056,250-450|45-60,0.03298781799657279,0.059257729481831264
INV 01.08.056,250-450|60+,0.029289930720667233,0.05731078384062489
INV 01.08.056,250-450|8-18,0.06417684230694568,0.0967084683174094
INV 01.08.056,450-650|18-30,0.04553768518419052,0.08911507928120356
INV 01.08.056,450-650|30-45,0.03905906507110783,0.04883200531592121
INV 01.08.056,450-650|45-60,0.05907004641734057,0.07038938138255953
INV 01.08.056,450-650|60+,0.056161636176910036,0.07136301036596528
INV 01.08.056,450-650|8-18,0.08753441495594631,0.12987605750310116
INV 01.08.056,650-850|18-30,0.052431908830779965,0.10733023261748069
INV 01.08.056,650-850|30-45,0.03714851978303538,0.07156428210450216
INV 01.08.056,650-850|45-60,0.05344401926302315,0.06061756653861574
INV 01.08.056,650-850|60+,0.08775577454711242,0.10214543936986327
INV 01.08.056,850+|18-30,0.01797003552574544,0.09522696592167278
INV 01.08.056,850+|30-45,0.048927025258087356,0.07563474070003905
INV 01.08.056,850+|45-60,0.040289167916945194,0.0467254597930483
INV 01.08.056,850+|60+,0.046771081169568844,0.058460825850471215
INV 01.08.057,100-250|18-30,0.021937505786488135,0.06962426708786346
INV 01.08.057,100-250|30-45,0.023245338713259442,0.06781452401660472
INV 01.08.057,100-250|45-60,0.015,0.06532735670905335
INV 01.08.057,100-250|60+,0.015,0.0640809484748495
INV 01.08.057,100-250|8-18,0.023010672282460145,0.061922315581538136
INV 01.08.057,250-450|18-30,0.03270365451896802,0.06149374295281402
INV 01.08.057,250-450|30-45,0.0447558881815377,0.06306815381169176
INV 01.08.057,250-450|45-60,0.03417383090863014,0.059257729481831264
INV 01.08.057,250-450|60+,0.032035469775546374,0.05731078384062489
INV 01.08.057,250-450|8-18,0.05356323083113707,0.0967084683174094
INV 01.08.057,450-650|18-30,0.06684994215945032,0.08911507928120356
INV 01.08.057,450-650|30-45,0.04797125088216137,0.04883200531592121
INV 01.08.057,450-650|45-60,0.06082181496973243,0.07038938138255953
INV 01.08.057,450-650|60+,0.05855348381473992,0.07136301036596528
INV 01.08.057,450-650|8-18,0.03566507133882403,0.12987605750310116
INV 01.08.057,650-850|18-30,0.07970849167673955,0.10733023261748069
INV 01.08.057,650-850|30-45,0.0652002992267538,0.07156428210450216
INV 01.08.057,650-850|45-60,0.05626188290967521,0.06061756653861574
INV 01.08.057,650-850|60+,0.08873685997691061,0.10214543936986327
INV 01.08.057,850+|18-30,0.035454980397555506,0.09522696592167278
INV 01.08.057,850+|30-45,0.10754020772790027,0.07563474070003905
INV 01.08.057,850+|45-60,0.046002721442493774,0.0467254597930483
INV 01.08.057,850+|60+,0.05259642634006154,0.058460825850471215
INV 01.08.058,100-250|18-30,0.015,0.06962426708786346
INV 01.08.058,100-250|30-45,0.01618723536486358,0.06781452401660472
INV 01.08.058,100-250|45-60,0.015,0.06532735670905335
INV 01.08.058,100-250|60+,0.015,0.0640809484748495
INV 01.08.058,100-250|8-18,0.0180629184630509,0.061922315581538136
INV 01.08.058,250-450|18-30,0.025162697965875967,0.06149374295281402
INV 01.08.058,250-450|30-45,0.03720248564613676,0.06306815381169176
INV 01.08.058,250-450|45-60,0.03466258267887579,0.059257729481831264
INV 01.08.058,250-450|60+,0.03891850181682626,0.05731078384062489
INV 01.08.058,250-450|8-18,0.033219140971345554,0.0967084683174094
INV 01.08.058,450-650|18-30,0.0416865219590809,0.08911507928120356
INV 01.08.058,450-650|30-45,0.03861730038057477,0.04883200531592121
INV 01.08.058,450-650|45-60,0.06193593768547766,0.07038938138255953
INV 01.08.058,450-650|60+,0.06013463175396028,0.07136301036596528
INV 01.08.058,450-650|8-18,0.05286529285378376,0.12987605750310116
INV 01.08.058,650-850|18-30,0.04860604589635872,0.10733023261748069
INV 01.08.058,650-850|30-45,0.03512683712140823,0.07156428210450216
INV 01.08.058,650-850|45-60,0.05476311742572203,0.06061756653861574
INV 01.08.058,650-850|60+,0.0906347292719625,0.10214543936986327
INV 01.08.058,850+|18-30,0.023121750320220222,0.09522696592167278
INV 01.08.058,850+|30-45,0.04534271761049122,0.07563474070003905
INV 01.08.058,850+|45-60,0.04131835614865939,0.0467254597930483
INV 01.08.058,850+|60+,0.052125137561559017,0.058460825850471215
INV 01.08.059,100-250|18-30,0.030411773553140016,0.06962426708786346
INV 01.08.059,100-250|30-45,0.031106929527360144,0.06781452401660472
INV 01.08.059,100-250|45-60,0.024662303871160928,0.06532735670905335
INV 01.08.059,100-250|60+,0.021302889102266607,0.0640809484748495
INV 01.08.059,100-250|8-18,0.038415949820196714,0.061922315581538136
INV 01.08.059,250-450|18-30,0.04916878495700389,0.06149374295281402
INV 01.08.059,250-450|30-45,0.06801578083429762,0.06306815381169176
INV 01.08.059,250-450|45-60,0.060735283688648944,0.059257729481831264
INV 01.08.059,250-450|60+,0.05449590827763782,0.05731078384062489
INV 01.08.059,250-450|8-18,0.10430899612277891,0.0967084683174094
INV 01.08.059,450-650|18-30,0.09822305296997809,0.08911507928120356
INV 01.08.059,450-650|30-45,0.07154836790924729,0.04883200531592121
INV 01.08.059,450-650|45-60,0.1063430457326171,0.07038938138255953
INV 01.08.059,450-650|60+,0.11069794937055284,0.07136301036596528
INV 01.08.059,450-650|8-18,0.1514575041850096,0.12987605750310116
INV 01.08.059,650-850|18-30,0.11665499417405496,0.10733023261748069
INV 01.08.059,650-850|30-45,0.07848087430268877,0.07156428210450216
INV 01.08.059,650-850|45-60,0.09714254067810094,0.06061756653861574
INV 01.08.059,650-850|60+,0.15727569919149623,0.10214543936986327
INV 01.08.059,850+|18-30,0.12298050472090157,0.09522696592167278
INV 01.08.059,850+|30-45,0.08834666077795918,0.07563474070003905
INV 01.08.059,850+|45-60,0.07272956216993964,0.0467254597930483
INV 01.08.059,850+|60+,0.11756588451735445,0.058460825850471215
INV 01.09.060,100-250|18-30,0.015223527286129154,0.06962426708786346
INV 01.09.060,100-250|30-45,0.018172804062209107,0.06781452401660472
INV 01.09.060,100-250|45-60,0.015,0.06532735670905335
INV 01.09.060,100-250|60+,0.015,0.0640809484748495
INV 01.09.060,100-250|8-18,0.023774718718620115,0.061922315581538136
INV 01.09.060,250-450|18-30,0.027789969677554458,0.06149374295281402
INV 01.09.060,250-450|30-45,0.040172126017314534,0.06306815381169176
INV 01.09.060,250-450|45-60,0.036044836427349784,0.059257729481831264
INV 01.09.060,250-450|60+,0.033218742249135694,0.05731078384062489
INV 01.09.060,250-450|8-18,0.04503070643464933,0.0967084683174094
INV 01.09.060,450-650|18-30,0.03893316871996494,0.08911507928120356
INV 01.09.060,450-650|30-45,0.04010123353738315,0.04883200531592121
INV 01.09.060,450-650|45-60,0.06408499124310567,0.07038938138255953
INV 01.09.060,450-650|60+,0.06428640432135928,0.07136301036596528
INV 01.09.060,450-650|8-18,0.07039947173731172,0.12987605750310116
INV 01.09.060,650-850|18-30,0.0447128968423891,0.10733023261748069
INV 01.09.060,650-850|30-45,0.037980430608312764,0.07156428210450216
INV 01.09.060,650-850|45-60,0.05748928006055358,0.06061756653861574
INV 01.09.060,650-850|60+,0.09549795895582852,0.10214543936986327
INV 01.09.060,850+|18-30,0.015,0.09522696592167278
INV 01.09.060,850+|30-45,0.0528053348928765,0.07563474070003905
INV 01.09.060,850+|45-60,0.04182600323258164,0.0467254597930483
INV 01.09.060,850+|60+,0.051101486010341986,0.058460825850471215
INV 01.09.061,100-250|18-30,0.015420594582370857,0.06962426708786346
INV 01.09.061,100-250|30-45,0.018348412313764235,0.06781452401660472
INV 01.09.061,100-250|45-60,0.015,0.06532735670905335
INV 01.09.061,100-250|60+,0.015,0.0640809484748495
INV 01.09.061,100-250|8-18,0.023283728189720226,0.061922315581538136
INV 01.09.061,250-450|18-30,0.027835806208260067,0.06149374295281402
INV 01.09.061,250-450|30-45,0.04096145046154108,0.06306815381169176
INV 01.09.061,250-450|45-60,0.03644834623353597,0.059257729481831264
INV 01.09.061,250-450|60+,0.03246268049092035,0.05731078384062489
INV 01.09.061,250-450|8-18,0.048195501033956145,0.0967084683174094
INV 01.09.061,450-650|18-30,0.038836697102011604,0.08911507928120356
INV 01.09.061,450-650|30-45,0.04036190545426583,0.04883200531592121
INV 01.09.061,450-650|45-60,0.06503536955262432,0.07038938138255953
INV 01.09.061,450-650|60+,0.06603674546103482,0.07136301036596528
INV 01.09.061,450-650|8-18,0.07207158799672578,0.12987605750310116
INV 01.09.061,650-850|18-30,0.046215312538297276,0.10733023261748069
INV 01.09.061,650-850|30-45,0.03811115888027469,0.07156428210450216
INV 01.09.061,650-850|45-60,0.05760580459911788,0.06061756653861574
INV 01.09.061,650-850|60+,0.09846754323096052,0.10214543936986327
INV 01.09.061,850+|18-30,0.019699593264469267,0.09522696592167278
INV 01.09.061,850+|30-45,0.053911044254529424,0.07563474070003905
INV 01.09.061,850+|45-60,0.04627748926506667,0.0467254597930483
INV 01.09.061,850+|60+,0.05610574706659782,0.058460825850471215
INV 01.09.062,100-250|18-30,0.025988208082444418,0.06962426708786346
INV 01.09.062,100-250|30-45,0.017951520642899017,0.06781452401660472
INV 01.09.062,100-250|45-60,0.01570335905055472,0.06532735670905335
INV 01.09.062,100-250|60+,0.015,0.0640809484748495
INV 01.09.062,100-250|8-18,0.028659953611646125,0.061922315581538136
INV 01.09.062,250-450|18-30,0.033295970831060714,0.06149374295281402
INV 01.09.062,250-450|30-45,0.040605952778815506,0.06306815381169176
INV 01.09.062,250-450|45-60,0.03779578602851189,0.059257729481831264
INV 01.09.062,250-450|60+,0.03319739099476455,0.05731078384062489
INV 01.09.062,250-450|8-18,0.05674494510680868,0.0967084683174094
INV 01.09.062,450-650|18-30,0.05245446066941383,0.08911507928120356
INV 01.09.062,450-650|30-45,0.03928465388222201,0.04883200531592121
INV 01.09.062,450-650|45-60,0.06727849755945664,0.07038938138255953
INV 01.09.062,450-650|60+,0.06717085806948701,0.07136301036596528
INV 01.09.062,450-650|8-18,0.05431865973242989,0.12987605750310116
INV 01.09.062,650-850|18-30,0.061454874379080426,0.10733023261748069
INV 01.09.062,650-850|30-45,0.03831511418874967,0.07156428210450216
INV 01.09.062,650-850|45-60,0.05862655780136867,0.06061756653861574
INV 01.09.062,650-850|60+,0.10302220359932152,0.10214543936986327
INV 01.09.062,850+|18-30,0.0254867394876309,0.09522696592167278
INV 01.09.062,850+|30-45,0.055946689090094155,0.07563474070003905
INV 01.09.062,850+|45-60,0.04488046341910673,0.0467254597930483
INV 01.09.062,850+|60+,0.05417479322172653,0.058460825850471215
INV 01.09.063,100-250|18-30,0.023628969186022846,0.06962426708786346
INV 01.09.063,100-250|30-45,0.021566646263077537,0.06781452401660472
INV 01.09.063,100-250|45-60,0.01575429715215919,0.06532735670905335
INV 01.09.063,100-250|60+,0.015,0.0640809484748495
INV 01.09.063,100-250|8-18,0.023358899155301302,0.061922315581538136
INV 01.09.063,250-450|18-30,0.031350742882467794,0.06149374295281402
INV 01.09.063,250-450|30-45,0.04589564331969088,0.06306815381169176
INV 01.09.063,250-450|45-60,0.03826293558226125,0.059257729481831264
INV 01.09.063,250-450|60+,0.03648802392658867,0.05731078384062489
INV 01.09.063,250-450|8-18,0.04709621187659648,0.0967084683174094
INV 01.09.063,450-650|18-30,0.07311178891892714,0.08911507928120356
INV 01.09.063,450-650|30-45,0.045177292011600985,0.04883200531592121
INV 01.09.063,450-650|45-60,0.06828054145195972,0.07038938138255953
INV 01.09.063,450-650|60+,0.06913320061688506,0.07136301036596528
INV 01.09.063,450-650|8-18,0.050151061924528714,0.12987605750310116
INV 01.09.063,650-850|18-30,0.08856196427979376,0.10733023261748069
INV 01.09.063,650-850|30-45,0.05588783596160453,0.07156428210450216
INV 01.09.063,650-850|45-60,0.061487418265897806,0.06061756653861574
INV 01.09.063,650-850|60+,0.10652797249553612,0.10214543936986327
INV 01.09.063,850+|18-30,0.033026975395515745,0.09522696592167278
INV 01.09.063,850+|30-45,0.08119385067499311,0.07563474070003905
INV 01.09.063,850+|45-60,0.0484103934781879,0.0467254597930483
INV 01.09.063,850+|60+,0.06044508634294114,0.058460825850471215
INV 01.09.064,100-250|18-30,0.015420708182257197,0.06962426708786346
INV 01.09.064,100-250|30-45,0.01866010446637915,0.06781452401660472
INV 01.09.064,100-250|45-60,0.015517052140145902,0.06532735670905335
INV 01.09.064,100-250|60+,0.015,0.0640809484748495
INV 01.09.064,100-250|8-18,0.022476697926925346,0.061922315581538136
INV 01.09.064,250-450|18-30,0.02816436331846346,0.06149374295281402
INV 01.09.064,250-450|30-45,0.04218476850405482,0.06306815381169176
INV 01.09.064,250-450|45-60,0.03969459827956571,0.059257729481831264
INV 01.09.064,250-450|60+,0.03665869836297271,0.05731078384062489
INV 01.09.064,250-450|8-18,0.04870769288524732,0.0967084683174094
INV 01.09.064,450-650|18-30,0.040773726090208774,0.08911507928120356
INV 01.09.064,450-650|30-45,0.040031437719332284,0.04883200531592121
INV 01.09.064,450-650|45-60,0.0700896146702949,0.07038938138255953
INV 01.09.064,450-650|60+,0.07059961573058478,0.07136301036596528
INV 01.09.064,450-650|8-18,0.056752571542589045,0.12987605750310116
INV 01.09.064,650-850|18-30,0.06164350976460378,0.10733023261748069
INV 01.09.064,650-850|30-45,0.03786794464381913,0.07156428210450216
INV 01.09.064,650-850|45-60,0.06183646664682048,0.06061756653861574
INV 01.09.064,650-850|60+,0.10613623938864827,0.10214543936986327
INV 01.09.064,850+|18-30,0.01871749238263104,0.09522696592167278
INV 01.09.064,850+|30-45,0.054440669507769025,0.07563474070003905
INV 01.09.064,850+|45-60,0.05336007400117407,0.0467254597930483
INV 01.09.064,850+|60+,0.06937334240813517,0.058460825850471215
INV 01.09.065,100-250|18-30,0.0242461802150452,0.06962426708786346
INV 01.09.065,100-250|30-45,0.018183252106197294,0.06781452401660472
INV 01.09.065,100-250|45-60,0.015287251604576486,0.06532735670905335
INV 01.09.065,100-250|60+,0.015,0.0640809484748495
INV 01.09.065,100-250|8-18,0.023127684721076017,0.061922315581538136
INV 01.09.065,250-450|18-30,0.027010372328451326,0.06149374295281402
INV 01.09.065,250-450|30-45,0.04205256327071205,0.06306815381169176
INV 01.09.065,250-450|45-60,0.03938247536353396,0.059257729481831264
INV 01.09.065,250-450|60+,0.03710324230904841,0.05731078384062489
INV 01.09.065,250-450|8-18,0.035191348184454824,0.0967084683174094
INV 01.09.065,450-650|18-30,0.046074833002030344,0.08911507928120356
INV 01.09.065,450-650|30-45,0.04140825941592218,0.04883200531592121
INV 01.09.065,450-650|45-60,0.06942605956579836,0.07038938138255953
INV 01.09.065,450-650|60+,0.06965874751136351,0.07136301036596528
INV 01.09.065,450-650|8-18,0.04258004036335075,0.12987605750310116
INV 01.09.065,650-850|18-30,0.06581904611827265,0.10733023261748069
INV 01.09.065,650-850|30-45,0.043506313435308246,0.07156428210450216
INV 01.09.065,650-850|45-60,0.06178294773887237,0.06061756653861574
INV 01.09.065,650-850|60+,0.10697641172458339,0.10214543936986327
INV 01.09.065,850+|18-30,0.02579578616228001,0.09522696592167278
INV 01.09.065,850+|30-45,0.0597461595690664,0.07563474070003905
INV 01.09.065,850+|45-60,0.046769018549976366,0.0467254597930483
INV 01.09.065,850+|60+,0.059336845810937275,0.058460825850471215
