date,year,inverter_id,inverter_group,expected_kwh,current_expected_kwh,actual_kwh,lost_kwh,mean_residual_z,min_residual_z,mean_acute_residual_z,min_acute_residual_z,mean_factor,mean_relative_factor,strong_samples,outage_samples,slow_degradation_samples,fast_degradation_samples,curtailed_samples,error_samples,explained_fault_samples,sustained_underperformance,event_type
2019-05-30,2019,INV 01.05.029,INV 01.05,195.45406141037665,198.41022214071685,0.0,195.45406141037665,-12.608703345243313,-17.4282666311322,-13.584744280676832,-17.59929163748816,1.0151245807276086,1.024463309731951,146,132,0,0,0,146,146,True,outage
2019-06-03,2019,INV 01.05.029,INV 01.05,193.19473763063962,196.11672703608338,0.0,193.19473763063962,-12.01656749288516,-17.75729192345852,-13.01324989234741,-17.931545681927492,1.0151245807276086,1.024463309731951,146,132,0,0,0,146,146,True,outage
2019-06-02,2019,INV 01.05.029,INV 01.05,193.08045661467358,196.00071756766573,0.0,193.08045661467358,-12.002847523783792,-17.8346470720724,-13.005079006171702,-18.00965992294358,1.0151245807276086,1.024463309731951,146,130,0,0,0,146,146,True,outage
2019-07-04,2019,INV 01.03.017,INV 01.03,193.05866871728048,190.0531760768863,0.0,193.05866871728048,-12.670281117053133,-18.68455406318266,-12.868089659629224,-18.19413332170602,0.9844322316093691,0.9939250182579688,148,130,0,148,0,148,148,True,outage
2019-06-27,2019,INV 01.05.033,INV 01.05,189.9767099518357,187.64306337302426,0.0,189.9767099518357,-10.81349278399905,-15.557698167738794,-11.755736688715697,-15.853767158493975,0.9877161438399314,1.0000248914904422,149,132,0,149,0,149,149,True,outage
2019-06-27,2019,INV 01.04.026,INV 01.04,187.9613340455279,186.66642386826717,0.0,187.9613340455279,-10.413160127509915,-14.412954681563754,-10.809615735984645,-14.82109366547227,0.9931107629990161,1.0041013087820714,149,141,0,0,0,149,149,True,outage
2019-07-04,2019,INV 01.05.033,INV 01.05,187.27420644337383,184.97375702893243,0.0,187.27420644337383,-10.812096942272316,-15.191262406542593,-11.774411477506755,-15.464058482324717,0.9877161438399316,1.0000248914904422,148,133,0,148,0,148,148,True,outage
2019-06-30,2019,INV 01.05.033,INV 01.05,186.9820111367439,184.6851510074198,0.0,186.9820111367439,-10.556628616935896,-15.522298363419011,-11.433536030901088,-15.494744945379626,0.9877161438399314,1.0000248914904422,149,132,0,149,0,149,149,True,outage
2019-06-30,2019,INV 01.04.026,INV 01.04,186.60964657445444,185.32404849253317,0.0,186.60964657445444,-10.230950023682187,-14.46261963313809,-10.629366502297398,-14.877040843495287,0.9931107629990161,1.0041013087820714,149,140,0,0,0,149,149,True,outage
2019-06-29,2019,INV 01.05.033,INV 01.05,186.30294550042402,184.01442691569972,0.0,186.30294550042402,-10.506217616529682,-15.35659561267564,-11.433070475391235,-15.703346778068653,0.9877161438399314,1.0000248914904422,149,131,0,149,0,149,149,True,outage
2019-06-29,2019,INV 01.04.026,INV 01.04,185.72612183592608,184.4466105653248,0.0,185.72612183592608,-10.184109216202048,-14.35221009181885,-10.603792980688258,-14.763467556125256,0.9931107629990161,1.0041013087820714,149,140,0,0,0,149,149,True,outage
2019-07-04,2019,INV 01.04.026,INV 01.04,185.03140487258054,183.75667967178833,0.0,185.03140487258054,-10.39313397557341,-14.271829371484742,-10.8038080488474,-14.680783554901842,0.9931107629990162,1.0041013087820714,148,140,0,0,0,148,148,True,outage
2019-06-01,2019,INV 01.05.029,INV 01.05,183.84056156447696,186.62107297886777,0.0,183.84056156447696,-10.939986443451305,-17.833035192136773,-12.020666255763283,-18.008032225498265,1.0151245807276086,1.024463309731951,147,131,0,0,0,147,147,True,outage
2019-05-26,2019,INV 01.05.029,INV 01.05,181.28385267386759,184.02569493824538,0.0,181.28385267386759,-10.829819185158152,-17.48902348703546,-11.978148706480917,-17.66064470538926,1.0151245807276086,1.024463309731951,153,127,0,0,0,153,153,True,outage
2019-07-06,2019,INV 01.03.017,INV 01.03,173.3971471028984,170.69774047720435,0.0,173.3971471028984,-11.170139379995904,-18.93960287504395,-11.4377860408957,-18.4424877684247,0.9844322316093691,0.9939250182579688,148,119,0,148,0,148,148,True,outage
2019-04-17,2019,INV 01.01.004,INV 01.01,174.36759459278824,175.5689656071334,2.4469419,172.112464476888,-8.552817517476477,-13.659790784819982,-9.81184622715777,-17.82823613150715,1.006889875479161,1.0238075591556015,126,121,0,0,0,128,128,True,outage
2019-07-03,2019,INV 01.03.017,INV 01.03,171.22929295592056,168.5636349814913,0.0,171.22929295592056,-11.046568075295255,-18.833836075223328,-11.434624453648372,-18.339497070844264,0.9844322316093691,0.9939250182579688,148,123,0,148,0,148,148,True,outage
2019-07-06,2019,INV 01.04.026,INV 01.04,170.0248029912244,168.85346182737226,0.0,170.0248029912244,-9.246857115888082,-14.466735915444094,-9.674913472940643,-14.881275076403515,0.9931107629990162,1.0041013087820714,148,131,0,0,0,148,148,True,outage
2019-07-03,2019,INV 01.04.026,INV 01.04,167.0459197400996,165.89510080896272,0.0,167.0459197400996,-9.186056302916473,-15.45644473378743,-9.610352414101232,-14.852769354849963,0.9931107629990162,1.0041013087820714,148,138,0,0,0,148,148,True,outage
2019-07-06,2019,INV 01.05.033,INV 01.05,166.48249364523795,164.43744664013033,0.0,166.48249364523795,-9.40614062890881,-15.547384524321991,-10.35393454239652,-15.649804882281096,0.9877161438399316,1.0000248914904422,148,120,0,148,0,148,148,True,outage
2019-07-03,2019,INV 01.05.033,INV 01.05,166.0153329051598,163.9760244353869,0.0,166.0153329051598,-9.478103943527575,-16.07361240099556,-10.536867250169331,-16.915629383034332,0.9877161438399316,1.0000248914904422,148,125,0,148,0,148,148,True,outage
2019-07-01,2019,INV 01.04.026,INV 01.04,156.1169687880829,155.0414419902266,0.0,156.1169687880829,-7.995049821813495,-14.154153089003795,-8.583015945543854,-14.559735300492356,0.9931107629990161,1.0041013087820714,150,136,0,0,0,150,150,True,outage
2019-07-01,2019,INV 01.03.017,INV 01.03,155.75053503486663,153.325846778727,0.0,155.75053503486663,-9.404195125024058,-18.080421818613168,-9.941094195668262,-17.605857970607456,0.9844322316093691,0.9939250182579688,150,121,0,150,0,150,150,True,outage
2019-07-10,2019,INV 01.03.017,INV 01.03,154.13250349745383,151.73300438153734,0.0,154.13250349745383,-10.026577112814905,-18.757441669136032,-10.580988957851936,-18.408355797926358,0.9844322316093691,0.9939250182579688,147,114,0,147,0,147,147,True,outage
2019-05-25,2019,INV 01.05.029,INV 01.05,152.54657377095094,154.8537767406698,0.0,152.54657377095094,-8.580447068625825,-16.83250538067402,-9.926321314085454,-16.99768413313665,1.0151245807276086,1.024463309731951,146,127,0,0,0,146,146,True,outage
2019-07-10,2019,INV 01.04.026,INV 01.04,151.86157593255155,150.81536554460928,0.0,151.86157593255155,-8.484750783616276,-15.359052370167507,-9.067928527229213,-14.694675283784278,0.993110762999016,1.0041013087820714,147,139,0,0,0,147,147,True,outage
2019-07-10,2019,INV 01.05.033,INV 01.05,150.09797269353587,148.25419078705056,0.0,150.09797269353587,-8.53050599167581,-16.215247018584513,-9.76788370934605,-17.064683537083372,0.9877161438399314,1.0000248914904422,147,117,0,147,0,147,147,True,outage
2019-07-01,2019,INV 01.05.033,INV 01.05,149.88331949799965,148.04217436049262,0.0,149.88331949799965,-7.953698075305733,-14.531487120063407,-9.133729974748244,-15.292719792851587,0.9877161438399316,1.0000248914904422,150,123,0,150,0,150,150,True,outage
2019-07-02,2019,INV 01.04.026,INV 01.04,139.24338050683247,138.2840998577027,0.0,139.24338050683247,-7.255276651783832,-14.823872811250073,-7.927781114848396,-14.800012524087704,0.9931107629990161,1.0041013087820714,150,135,0,0,0,150,150,True,outage
2019-07-02,2019,INV 01.03.017,INV 01.03,139.12381456649933,136.95796724370697,0.0,139.12381456649933,-8.497040041563421,-18.833130502294576,-9.26745395046098,-18.338810017361986,0.9844322316093691,0.9939250182579688,150,122,0,150,0,150,150,True,outage
2019-05-27,2019,INV 01.05.029,INV 01.05,136.18549472378731,138.24524323266655,0.0,136.18549472378731,-8.27833884554142,-17.833089639241898,-9.774437245903897,-18.008087206897287,1.0151245807276086,1.024463309731951,149,111,0,0,0,149,149,True,outage
2019-07-02,2019,INV 01.05.033,INV 01.05,135.7379207446251,134.07053565073133,0.0,135.7379207446251,-7.32430938563823,-15.524392285992018,-8.651780862209222,-16.16553071569235,0.9877161438399316,1.0000248914904422,150,125,0,150,0,150,150,True,outage
2019-07-07,2019,INV 01.03.017,INV 01.03,131.45991489269136,129.4133773849899,0.0,131.45991489269136,-8.958967369376584,-18.623435182193028,-9.641729231104737,-18.134618651704336,0.9844322316093691,0.9939250182579688,129,104,0,129,0,129,129,True,outage
2019-07-07,2019,INV 01.04.026,INV 01.04,130.8841294424715,129.98243765507488,0.0,130.8841294424715,-7.541385211762393,-14.263529493606034,-8.118041994011142,-14.67224584698103,0.9931107629990161,1.0041013087820714,129,115,0,0,0,129,129,True,outage
2019-07-07,2019,INV 01.05.033,INV 01.05,127.51303121371899,125.94667947975533,0.0,127.51303121371899,-7.589070166992482,-15.348720545287838,-8.607267254164675,-15.31053641590144,0.9877161438399314,1.0000248914904422,129,105,0,129,0,129,129,True,outage
2019-06-28,2019,INV 01.04.026,INV 01.04,126.9532954878596,126.0786841471878,0.0,126.9532954878596,-7.180229799583047,-14.546807829386172,-7.915206389462593,-14.842700806670255,0.9931107629990161,1.0041013087820714,146,136,0,0,0,146,146,True,outage
2019-06-28,2019,INV 01.05.033,INV 01.05,122.77332586199717,121.26519598681517,0.0,122.77332586199717,-7.179112504172816,-15.532544870810964,-8.593023396660003,-15.862245114812726,0.9877161438399314,1.0000248914904422,146,118,0,146,0,146,146,True,outage
2019-10-07,2019,INV 01.07.047,INV 01.07,131.78641108022296,121.55904750081316,12.33215,119.45426109777057,-3.1219063547681047,-5.007088226215256,-2.9291148838463648,-4.474417639584888,0.922394399425719,0.9184380852982004,52,0,0,0,0,0,0,True,acute_fault
2019-05-29,2019,INV 01.05.029,INV 01.05,118.31196318403735,120.10138202225619,0.0,118.31196318403735,-6.842787700244909,-17.278178174653984,-8.263731614834063,-17.44773035070694,1.0151245807276086,1.024463309731951,140,103,0,0,0,140,140,True,outage
2019-05-31,2019,INV 01.05.029,INV 01.05,113.92989709395133,115.65303901983694,0.0,113.92989709395133,-8.052913169477064,-17.757656263271027,-9.524829776367742,-17.931913597036385,1.0151245807276086,1.024463309731951,142,105,0,0,0,142,142,True,outage
2019-10-12,2019,INV 01.07.047,INV 01.07,118.04510338721434,107.60912097491283,8.325033,109.72007001060008,-3.1597442895646615,-4.957284949609368,-2.897102385988754,-4.234915601410026,0.9115932629744994,0.9052957062126061,37,0,1,108,0,0,0,True,acute_fault
2019-10-07,2019,INV 01.07.051,INV 01.07,120.42811244125885,119.52089328768864,12.790717,107.63739570871712,-2.8186258008463416,-4.753294335648911,-2.818252946735854,-4.127372022667129,0.9924667161580506,0.988209849363681,51,0,0,111,0,0,0,True,acute_fault
2019-02-15,2019,INV 01.07.047,INV 01.07,112.72554243625312,112.72554243625312,5.785259,106.94028408349662,-4.16829849288666,-5.794387770617885,-4.068839435921229,-7.464600910310803,1.0,1.0,0,4,0,95,0,0,0,False,outage
2019-02-16,2019,INV 01.07.047,INV 01.07,112.39174499612288,112.39174499612288,6.5439587,105.84778663268919,-4.111450601158838,-5.939116396662314,-4.005065263829542,-7.232603308511167,1.0,0.9523809523809522,0,2,0,96,0,0,0,False,outage
2019-07-08,2019,INV 01.04.026,INV 01.04,103.96475702011266,103.2485191692514,0.0,103.96475702011266,-6.520386599027612,-15.505538980945246,-7.218045873359953,-14.552163688856563,0.993110762999016,1.0041013087820714,138,116,0,0,0,138,138,True,outage
2019-07-08,2019,INV 01.03.017,INV 01.03,103.61713907808158,102.00405145561422,0.0,103.61713907808158,-7.760348255190207,-18.582850774252005,-8.696125035471717,-18.095099478468278,0.984432231609369,0.9939250182579689,138,102,0,138,0,138,138,True,outage
2019-10-12,2019,INV 01.07.051,INV 01.07,112.07376428856128,110.91486536471795,8.605675,103.46808930897387,-2.984227971431104,-4.934868328264479,-2.926457212577709,-4.077276486083586,0.9896594985347378,0.9828226370526413,54,0,0,108,0,0,0,True,acute_fault
2019-07-08,2019,INV 01.05.033,INV 01.05,101.30013105528201,100.05577481640283,0.0,101.30013105528201,-6.574966691001572,-15.951116143786017,-7.8957943696029504,-16.786716153321443,0.9877161438399314,1.0000248914904422,138,102,0,138,0,138,138,True,outage
2019-07-05,2019,INV 01.04.026,INV 01.04,99.70230038130157,99.01542760443151,0.0,99.70230038130157,-5.859805625369202,-14.066064381787172,-6.64038633267275,-14.46912244276984,0.9931107629990161,1.0041013087820714,140,119,0,0,0,140,140,True,outage
2019-06-26,2019,INV 01.04.026,INV 01.04,178.20854369340788,176.98082280030383,83.34299,97.51120196368065,-4.9732811118937805,-14.00043320491826,-5.1975442738550015,-14.40161062792212,0.9931107629990161,1.0041013087820714,79,72,0,0,0,81,79,True,outage
2019-07-05,2019,INV 01.03.017,INV 01.03,97.2507751682511,95.73679762462244,0.0,97.2507751682511,-6.809017739963083,-18.15420362866644,-7.709814057757424,-17.677703200859497,0.9844322316093691,0.9939250182579689,140,87,0,140,0,140,140,True,outage
2019-06-04,2019,INV 01.05.029,INV 01.05,169.02819337713598,169.76151665571666,73.11732,96.77506390422363,-5.682018342939118,-17.41829108663034,-6.215813325876929,-17.4023255710454,1.0043384672339513,1.0180179249368846,76,65,0,0,0,75,74,True,outage
2019-07-05,2019,INV 01.05.033,INV 01.05,95.24957013011874,94.079538111332,0.0,95.24957013011874,-5.627794103407329,-14.521270537768485,-7.000643979137187,-14.096264722774505,0.9877161438399314,1.0000248914904422,140,87,0,140,0,140,140,True,outage
2019-10-14,2019,INV 01.07.047,INV 01.07,111.665082876283,101.59424622978649,11.419101,94.72267437771039,-3.0616490149490354,-4.877341219533984,-2.7864533306021437,-3.8800217700331547,0.9098121240132487,0.9025967091853063,33,0,2,106,13,0,0,True,acute_fault
2019-10-07,2019,INV 01.06.039,INV 01.06,103.79102543752832,99.76442015104142,13.356126,90.43490039816939,-3.9638778564539896,-5.795695261186769,-3.4330043097895313,-5.522552171013997,0.9612046873078588,0.9720394248231214,79,0,7,111,0,0,0,True,acute_fault
2019-10-13,2019,INV 01.07.047,INV 01.07,104.2937742032088,95.07350193382875,13.930909,90.3628658908086,-2.9280051048301328,-6.115854481133964,-2.6545279653014147,-5.737656045808105,0.9115932629744993,0.9046905772141025,26,0,3,102,0,0,0,True,acute_fault
2019-10-14,2019,INV 01.07.051,INV 01.07,105.12026376027639,103.9244632003783,11.8334255,87.99458208183762,-2.8587423660695217,-4.638000177414481,-2.803895996164429,-4.173137868651648,0.9886244524402539,0.9807840034671866,26,0,0,106,13,0,0,True,acute_fault
2019-10-07,2019,INV 01.09.063,INV 01.09,89.41181531917766,88.26107928323287,13.24015,76.17166531455234,-5.289384315056624,-8.892601567584485,-5.217363427914366,-8.57814132810204,0.9871299331991311,0.9708086195165389,104,0,0,111,0,0,0,True,acute_fault
2019-10-07,2019,INV 01.02.011,INV 01.02,84.21316243793987,81.32841586466029,12.148833,72.0643291655821,-3.382592561014617,-4.856091176223868,-2.970788493807059,-4.459378960216826,0.9657447067683098,0.9766306195637366,43,0,6,0,0,0,0,True,acute_fault
2019-07-09,2019,INV 01.04.026,INV 01.04,71.67239575375194,71.17862763297605,0.0,71.67239575375194,-6.332290164860348,-14.084959775762673,-7.19029317561677,-13.691073372095088,0.9931107629990161,1.0041013087820714,140,115,0,0,0,140,140,True,outage
2019-07-09,2019,INV 01.03.017,INV 01.03,69.73714004936804,68.65148840485449,0.0,69.73714004936804,-7.23059316525498,-13.568700824386738,-8.047188411114014,-13.357466432590922,0.9844322316093691,0.9939250182579689,140,51,0,140,0,140,140,True,outage
2019-07-09,2019,INV 01.05.033,INV 01.05,69.41097732676394,68.5583428653522,0.0,69.41097732676394,-6.069570801086112,-14.079978031435457,-7.648498069727829,-13.90702160656038,0.9877161438399314,1.0000248914904422,140,55,0,140,0,140,140,True,outage
2019-10-07,2019,INV 01.08.057,INV 01.08,80.94309178682332,78.31536602184903,12.410742,68.5323501347717,-4.352777438399091,-6.837341301335959,-4.169637750684496,-6.53525225881407,0.967536133016826,0.9651971259497006,84,0,0,0,0,0,0,True,acute_fault
2019-10-07,2019,INV 01.01.004,INV 01.01,74.77151226136557,75.35967930829479,12.4272585,62.34425391886107,-3.098540930407503,-4.765583125722972,-3.035768242248842,-4.744711189774044,1.0078661916703417,1.0192268995210703,45,0,1,0,0,0,0,True,acute_fault
2019-02-08,2019,INV 01.07.047,INV 01.07,60.35370713633711,60.35370713633711,1.0318167,59.32189047109871,-3.68459370466222,-5.042677735902421,-3.5308583676032135,-5.5823290878389935,1.0,1.0,0,56,0,60,0,0,0,False,outage
2019-02-08,2019,INV 01.02.009,INV 01.02,75.27360416540577,75.27360416540577,16.764967,58.50863749746555,-5.354563710061385,-9.461003557334939,-7.140888972367529,-14.459765243973699,1.0,1.0,0,14,0,0,0,0,0,False,outage
2019-02-08,2019,INV 01.08.055,INV 01.08,61.994013383607246,61.994013383607246,7.13635,54.85766341872034,-4.769273396398561,-7.909488741378765,-7.290854495959702,-10.58672126717732,1.0,1.0,0,15,0,71,0,0,0,False,outage
2019-02-08,2019,INV 01.07.051,INV 01.07,55.37730928193077,55.37730928193077,2.6813002,52.69600928909376,-3.241518960533875,-4.592358390795387,-3.0722118911771172,-6.530071709206299,1.0,1.0,0,7,0,60,0,1,1,False,outage
2019-02-08,2019,INV 01.02.010,INV 01.02,56.157136515687014,56.157136515687014,4.877842,51.27929485167449,-4.18868106903637,-7.236926541002569,-4.465571720949888,-8.00836003881398,1.0,1.0,0,16,1,71,0,0,0,False,outage
2019-05-24,2019,INV 01.05.029,INV 01.05,179.26484834851613,181.97615401898577,133.63063,50.91215028924626,-3.065413062668235,-17.377840025727508,-3.684958321565862,-17.54837019167895,1.0151245807276086,1.024463309731951,56,39,0,0,0,31,29,True,outage
2019-05-28,2019,INV 01.05.029,INV 01.05,50.34512396357499,51.10657285520354,0.0,50.34512396357499,-7.328058660323776,-14.812475841848698,-8.995905223604845,-15.03650832849449,1.0151245807276086,1.024463309731951,112,44,0,0,0,112,112,True,outage
2023-08-18,2023,INV 01.01.002,INV 01.01,154.308149575382,154.308149575382,0.0,50.27718404625422,-9.947644522583868,-16.827794659346118,-13.14877851854586,-20.431590210659568,1.0,1.0,0,28,0,0,106,128,27,False,outage
2019-10-12,2019,INV 01.08.057,INV 01.08,57.5932243341312,55.87392338305836,8.303917,49.28930762401275,-3.2596107818684716,-5.7966266808326425,-3.181432747883735,-6.034576779030335,0.9701475135148158,0.9660193434699934,51,0,0,108,0,0,0,True,acute_fault
2023-08-18,2023,INV 01.09.062,INV 01.09,149.57254491043534,149.57254491043534,0.0,48.82190342351174,-5.437533839385689,-9.60088572267815,-11.409149810354462,-18.21184802500235,1.0,1.0,0,28,0,0,106,134,28,False,outage
2019-02-08,2019,INV 01.01.002,INV 01.01,72.19626146409934,72.19626146409934,23.675083,48.53125179025102,-4.749709905171404,-9.862562917987553,-6.526217009276593,-15.104360388827029,1.0,1.0,0,14,0,0,0,0,0,False,outage
2023-08-18,2023,INV 01.01.004,INV 01.01,148.89624381396806,148.89624381396806,46.317375,44.414179065656754,-5.1840562640280785,-13.892606371139749,-6.160154814287416,-18.008025073842067,1.0,1.0,0,14,0,0,106,38,3,False,outage
2019-02-08,2019,INV 01.07.046,INV 01.07,51.43976880386563,51.43976880386563,7.801592,43.63817715918116,-4.0352490527872025,-6.6486114455551775,-4.014082889503687,-6.618709806281242,1.0,1.0,0,13,0,60,0,0,0,False,outage
2019-03-11,2019,INV 01.06.040,INV 01.06,44.34825166045524,45.92350572837165,0.7616917,43.58655999083218,-8.338366143442139,-14.384093845114842,-11.467124111422224,-18.948181277415873,1.035520094004541,1.0134272992602094,60,43,0,0,0,60,60,True,outage
2019-03-11,2019,INV 01.06.041,INV 01.06,44.274569215863885,48.702026137450275,0.74605,43.52851923554136,-7.8858154856966785,-12.76913532483234,-10.95744208472239,-17.606923975960928,1.1,1.0765315281089483,60,37,0,0,0,60,60,True,outage
2019-03-11,2019,INV 01.05.034,INV 01.05,43.85475177397604,48.24022695137365,0.65904164,43.19571011096512,-6.428015915443878,-11.688314454940572,-8.857395849458925,-14.516251117971693,1.1,1.1624224114535575,60,38,0,0,0,60,60,True,outage
2019-03-11,2019,INV 01.03.019,INV 01.03,43.76111316292658,47.08112106346775,0.62710834,43.1340048472998,-7.798808160660428,-14.811133166298044,-10.303294594793666,-17.01198581692259,1.0758666235975416,1.0940056067269952,60,38,0,0,0,60,60,True,outage
2019-03-11,2019,INV 01.08.055,INV 01.08,43.72743511822186,46.2537237490332,0.60260004,43.124835119906685,-7.882830226381817,-14.055475459929626,-11.192836151268578,-18.025838678795246,1.057773537916899,1.0264743975075914,60,40,0,0,0,60,60,True,outage
2019-03-11,2019,INV 01.07.049,INV 01.07,43.779801618431435,44.07743664089676,0.65524167,43.1245599502071,-7.639555437037401,-12.746046555955171,-9.022686916107796,-16.160603207920467,1.0067984552570475,1.0,60,52,0,0,0,60,60,True,outage
2019-03-11,2019,INV 01.07.048,INV 01.07,43.74126537536146,45.69600590334729,0.67937505,43.061890382514015,-7.694345588088606,-13.70246101849365,-10.166200782372929,-17.99923749884868,1.0446887055326683,1.0486834648509524,61,48,0,0,0,60,60,True,outage
2019-03-11,2019,INV 01.08.054,INV 01.08,43.72743511822186,46.859892382443874,0.70297503,43.024460123244545,-7.9766659682112255,-14.206129946961891,-11.663542671881634,-18.55912478021241,1.0716359707756258,1.0399266459393997,60,40,0,0,0,60,60,True,outage
2019-03-11,2019,INV 01.06.036,INV 01.06,43.67799451223606,47.76679467697889,0.7395834,42.93841117890273,-8.259834487588737,-13.37455402215779,-11.718264949363318,-18.407063532196712,1.0936123604209296,1.0702801686570702,60,36,0,0,0,60,60,True,outage
2019-03-11,2019,INV 01.06.037,INV 01.06,43.5107227739935,46.48454310390772,0.68265,42.828072784070656,-8.303495202686126,-13.251659361327249,-10.64107091519607,-17.636974047078432,1.0683468382118368,1.0455536857186838,60,36,0,0,0,60,60,True,outage
2019-03-11,2019,INV 01.04.023,INV 01.04,43.225526522179344,46.759002524557324,0.578375,42.647151540299156,-7.636063752468527,-14.298647488847207,-10.269934348874093,-16.196305020332524,1.081745123464602,1.0109228520405134,61,40,0,0,0,60,60,True,outage
2019-03-11,2019,INV 01.03.015,INV 01.03,43.19476180350067,45.947115560062485,0.57942504,42.61533680632991,-8.05519315223459,-15.98860108589862,-10.625875718770578,-17.767347242740986,1.06371961880662,1.0816538048821052,60,37,0,0,0,60,60,True,outage
2019-03-11,2019,INV 01.04.022,INV 01.04,43.225526522179344,47.0708728223625,0.7636667,42.46185985265165,-7.528709587551661,-14.228978841311847,-10.340985519221832,-16.367288472507102,1.0889600800631098,1.0176654426412937,60,40,0,0,0,60,60,True,outage
2019-03-11,2019,INV 01.03.016,INV 01.03,42.92911626954003,45.39584298827905,0.6238333,42.30528295098865,-7.980664805575115,-16.031683610317394,-10.37944919854158,-17.34797717399051,1.0574604588468843,1.0752891162309648,60,37,0,0,0,60,60,True,outage
2019-03-11,2019,INV 01.09.060,INV 01.09,42.873038210483614,45.8713790481588,0.604325,42.26871321401221,-7.458397792915059,-13.406324273619521,-10.760526496651314,-17.428044997517663,1.0699353477809281,1.0223242833988528,60,41,0,0,0,60,60,True,outage
2019-03-11,2019,INV 01.07.044,INV 01.07,42.838775598836875,46.25898023471773,0.58508337,42.253692273132934,-7.721841735459565,-12.995502956265092,-10.948742270184395,-17.45402900647375,1.0798389913826978,1.0839681610101928,61,40,0,0,0,60,60,True,outage
2019-03-11,2019,INV 01.09.064,INV 01.09,42.811395536089165,45.191400422698536,0.56605834,42.24533719840072,-7.3172388202122205,-13.054087347852782,-10.36697054068999,-17.298296590708304,1.0555927891816346,1.0086199544666983,61,41,0,0,0,60,60,True,outage
2019-03-11,2019,INV 01.07.045,INV 01.07,42.79318684743806,46.1254479551856,0.586075,42.20711185939078,-7.716960119147022,-13.091819619881955,-10.727672848528307,-17.300883138844743,1.0778689635718737,1.0819906000587183,61,40,0,0,0,60,60,True,outage
2019-07-11,2019,INV 01.05.033,INV 01.05,42.2019116578758,41.68350944539053,0.0,42.2019116578758,-9.161519276343155,-15.191759029924258,-10.921438433986062,-15.876060474304577,0.9877161438399314,1.0000248914904422,46,37,0,46,0,46,46,True,outage
2019-03-11,2019,INV 01.09.061,INV 01.09,42.77662361798562,45.32974982909038,0.63968337,42.13694027203199,-7.407637169289566,-13.406956756096925,-10.498722822778841,-17.183369816180722,1.0596850801948587,1.0125301425787474,60,41,0,0,0,60,60,True,outage
2019-07-11,2019,INV 01.03.017,INV 01.03,41.69403974443011,41.04495659041906,0.0,41.69403974443011,-10.230585952236094,-18.685250554592205,-10.670550343565345,-18.19481153203525,0.9844322316093691,0.9939250182579688,45,36,0,45,0,44,44,True,outage
2019-03-11,2019,INV 01.04.026,INV 01.04,42.107105033587445,37.36093575651984,0.6129917,41.494113362819974,-6.8149801151820455,-11.831992916195738,-6.696655410916742,-10.554350783349209,0.8872834104058748,0.9022429030227,60,51,0,63,0,60,60,True,outage
2019-03-11,2019,INV 01.09.062,INV 01.09,42.173331580946105,44.137402314384474,0.7288,41.44453158218588,-4.0238519585018,-10.476931475021491,-9.1319408791293,-16.742532636521723,1.0465713914412618,1.0,60,40,0,0,0,60,60,True,outage
2019-03-11,2019,INV 01.03.017,INV 01.03,42.017315714847356,41.320654403232396,0.62105,41.39626571465662,-8.038585699036767,-15.156262076196844,-8.579797050848313,-15.612075343294475,0.9834196616380045,1.0,60,35,0,0,0,60,60,True,outage
2019-03-11,2019,INV 01.07.046,INV 01.07,41.907697224884856,41.30568688563057,0.6613834,41.24631388412876,-7.363645739202892,-12.814003782881324,-8.94830455601799,-15.025926143808379,0.9856348504184379,0.9894037951598543,60,39,0,0,0,60,60,True,outage
2019-03-11,2019,INV 01.08.056,INV 01.08,41.79996683299346,41.93415451922256,0.5946917,41.20527517894708,-7.765325528609771,-13.35746855709975,-9.136655481750118,-16.313110145870834,1.0032102342751905,0.9735256024924086,60,39,0,0,0,60,60,True,outage
2019-03-11,2019,INV 01.04.024,INV 01.04,41.77625412782368,44.21469121172755,0.6477167,41.12853744666116,-7.402865522058166,-13.729574094238771,-8.533725687236116,-15.356985468556022,1.058368973830036,0.9890771479594868,60,39,0,0,0,60,60,True,outage
2019-03-11,2019,INV 01.07.047,INV 01.07,41.59458812532028,20.79729406266014,0.60558337,40.989004775456586,-5.815401946281153,-10.798742272946109,-2.4476270593165976,-3.6758893504133883,0.5,0.5019119376409106,19,41,14,63,0,60,53,False,outage
2019-03-11,2019,INV 01.06.038,INV 01.06,41.63236594386919,44.07234119736638,0.6769417,40.955424270908274,-8.006054950589935,-12.737744872776137,-9.641087233486628,-16.988376543409803,1.0586076529204917,1.0360222856966583,60,35,0,0,0,60,60,True,outage
2019-03-11,2019,INV 01.05.035,INV 01.05,41.5254954485647,36.68628040250033,0.7518333,40.784866193429416,-6.458690738144276,-11.728963827504943,-6.871574528167671,-11.730830807976085,0.8834640022041775,0.9335985053405372,60,38,0,63,0,60,60,True,outage
2019-03-11,2019,INV 01.04.028,INV 01.04,40.59753694327043,38.60840799166149,0.66283333,39.934703610254985,-6.8891976527626015,-12.794793145217104,-7.855227399234679,-12.352672049455375,0.9510037036387582,1.0049709258954813,60,38,0,63,0,60,60,True,outage
2019-02-04,2019,INV 01.04.022,INV 01.04,40.40062431482585,40.40062431482585,0.51765,39.88297431500615,-5.203307986884146,-10.90815241901367,-9.37755291556132,-13.970497702572942,1.0,1.0,0,42,0,0,0,0,0,False,outage
2019-03-11,2019,INV 01.07.050,INV 01.07,40.3363867634261,39.2457745570667,0.657525,39.67886177040381,-7.04125294165699,-12.811360720304796,-7.751294213716324,-15.037696492278643,0.9729620748443368,0.9766825604724835,60,43,0,63,0,60,60,True,outage
2019-03-11,2019,INV 01.05.033,INV 01.05,40.004642156340154,40.0995731470307,0.608725,39.39591716485965,-6.7856706017028285,-13.109722483126728,-8.655385437217536,-14.894542938012854,1.0023729993714117,0.9991654442158041,60,38,0,0,0,60,60,True,outage
2019-02-08,2019,INV 01.08.056,INV 01.08,41.37359396620064,41.37359396620064,2.0599,39.313693965548026,-4.6796099878660975,-7.577511716469525,-5.353416680921176,-8.173067348675321,1.0,1.0,0,29,0,60,0,1,0,False,outage
2019-03-11,2019,INV 01.05.031,INV 01.05,39.76901578116287,35.93507546868687,0.6562667,39.112749111730544,-6.873256160859017,-12.30081848576742,-7.313894005770164,-11.371655860148575,0.9035947901357921,0.9007033214614586,60,38,0,63,0,60,60,True,outage
2019-03-11,2019,INV 01.05.029,INV 01.05,39.76901578116287,38.46453610287846,0.6779667,39.091049106993964,-7.069018590236085,-13.106630874039036,-8.212868185326403,-12.705985789141076,0.9671985928577519,0.9641035944540014,60,38,0,63,0,60,60,True,outage
2019-03-11,2019,INV 01.03.021,INV 01.03,39.512809778942604,36.49658753003218,0.64281666,38.86999311615421,-7.684754564571244,-12.944911453514026,-7.9928230214122795,-12.313171806535662,0.923664698466525,0.90395833572769,60,35,0,63,0,60,60,True,outage
2019-02-09,2019,INV 01.07.047,INV 01.07,50.11962249611516,50.11962249611516,11.387508,38.73211421553989,-2.752506572857064,-5.2747716490591925,-2.7918479433235186,-5.119993777510788,1.0,1.0,0,10,1,77,0,0,0,False,outage
2019-03-11,2019,INV 01.08.058,INV 01.08,39.14467640089711,37.642818568206806,0.6580167,38.48665973909418,-7.4570597217381085,-12.449909795077962,-9.225412320241402,-14.547273088402992,0.9616331524289754,0.9331787716175656,60,38,0,63,0,60,60,True,outage
2019-03-11,2019,INV 01.08.052,INV 01.08,39.09690443001586,33.76673394079018,0.64234996,38.454554451727844,-7.78436310245764,-13.36578804120669,-8.170050355165833,-13.027451492045191,0.8636677106043835,0.9733842653603898,60,51,0,63,0,60,60,True,outage
2019-03-11,2019,INV 01.06.042,INV 01.06,38.91934480667734,37.90369044935911,0.61003333,38.309311483309905,-7.4938889836673255,-13.257941807049189,-8.264770242168284,-15.468458545920448,0.9739036111125906,0.9531254024562364,60,35,0,63,0,60,60,True,outage
2019-03-11,2019,INV 01.08.053,INV 01.08,38.90571528528456,35.25863134348277,0.66565835,38.24005695039356,-8.048889858655238,-12.966316344863642,-9.577547174667867,-14.592427242530938,0.9062584014955448,0.9033584093670133,60,39,0,63,0,60,60,True,outage
2019-03-11,2019,INV 01.08.059,INV 01.08,38.589258944671975,35.239696790799776,0.65414166,37.94825365883829,-7.077372057410537,-11.699953625296224,-7.4957460684673975,-11.866959180007578,0.9131996248314928,0.9070332002032543,60,51,0,63,0,60,60,True,outage
2019-03-11,2019,INV 01.07.051,INV 01.07,38.53524437160396,19.26762218580198,0.63109165,37.90415271730327,-5.3194314902371165,-8.9723116142358,-2.143292824755997,-3.2714127910017132,0.5,0.5019119376409106,12,51,22,63,0,60,51,False,outage
2019-03-11,2019,INV 01.04.027,INV 01.04,37.66372138023448,35.463999306402606,0.6728333,36.99088803688756,-6.294455738553333,-11.25376109608192,-6.825871573958382,-10.538522900046216,0.9415957320939013,0.9950290741045186,60,43,0,63,0,60,60,True,outage
2019-02-04,2019,INV 01.03.015,INV 01.03,37.35350863309484,37.35350863309484,0.470275,36.883233632115335,-5.125650234860034,-11.521900731486149,-9.591386599445958,-13.846606928192495,1.0,1.0,0,41,0,0,0,0,0,False,outage
2019-07-11,2019,INV 01.04.026,INV 01.04,36.25246965677923,36.00271780144271,0.0,36.25246965677923,-8.62015689707152,-14.434758750132767,-9.18912869970823,-12.91294362543253,0.993110762999016,1.0041013087820714,42,39,0,0,0,42,42,True,outage
2019-03-11,2019,INV 01.03.020,INV 01.03,36.260442593363365,29.62092207891968,0.60875,35.65169258780026,-7.102004100478556,-11.76712400885743,-5.861420372495374,-9.150716151981499,0.8168935611486746,0.830666289291023,60,35,0,63,0,60,60,True,outage
2019-02-08,2019,INV 01.07.050,INV 01.07,39.514462650871494,39.514462650871494,4.0935917,35.42087101296208,-4.539584092594288,-8.811362229476542,-4.9640338188882005,-9.748584510493512,1.0,1.0,0,13,0,60,0,0,0,False,outage
2019-02-04,2019,INV 01.04.026,INV 01.04,35.520216826091094,35.520216826091094,0.22437501,35.29584182555714,-4.877211057847083,-7.8502336208811245,-6.152751876449796,-9.265763267169094,1.0,1.0,0,38,0,38,0,0,0,False,outage
2019-02-04,2019,INV 01.04.023,INV 01.04,35.60238348505924,35.60238348505924,0.31462502,35.287758484167654,-5.23158788754833,-10.909311561802703,-9.53496108359562,-13.716832896616541,1.0,1.0,0,38,0,0,0,0,0,False,outage
2019-02-04,2019,INV 01.01.001,INV 01.01,35.6098955372385,35.6098955372385,0.33558333,35.27431220586467,-7.840252747222771,-14.701367561509109,-11.662334096399684,-17.338531078952084,1.0,1.0,0,32,0,0,0,0,0,False,outage
2019-03-11,2019,INV 01.09.065,INV 01.09,35.63993459911141,30.667638704082798,0.6613084,34.97862625093255,-6.784515454165735,-11.894956398364357,-6.532598348958079,-10.578437954711724,0.860485268815488,0.8221945257174387,60,37,0,63,0,60,60,True,outage
2019-02-04,2019,INV 01.05.034,INV 01.05,37.033745280019374,37.033745280019374,2.09835,34.935395273863705,-4.512966186138869,-11.59380619591064,-7.4976658828126865,-14.082975015713624,1.0,1.0,0,33,0,0,0,0,0,False,outage
2019-02-08,2019,INV 01.03.017,INV 01.03,37.47829253275058,37.47829253275058,2.8504,34.627892528214666,-3.8184280452730874,-6.1822021474209885,-3.8693277550985683,-6.294823698397542,1.0,1.0,0,11,0,0,0,0,0,False,outage
2019-02-08,2019,INV 01.01.003,INV 01.01,55.620050651434305,55.620050651434305,21.113676,34.506375704063224,-2.706740184327563,-6.376739027400598,-2.7320268091871664,-6.694204483800693,1.0,1.0,0,13,0,0,0,0,0,False,outage
2019-02-08,2019,INV 01.09.061,INV 01.09,60.33257552580005,60.33257552580005,26.219501,34.13530350292697,-2.991466859796983,-7.40299560795871,-4.535826340094274,-10.428451293164617,1.0,1.0,0,15,0,0,0,0,0,False,outage
2019-03-11,2019,INV 01.09.063,INV 01.09,34.19886602414525,18.985171381916313,0.624175,33.57469101203358,-6.3316656332748735,-9.917831159460524,-3.538079136569936,-5.740162107234457,0.5551403771257302,0.5304371795995982,46,35,0,63,0,60,60,True,outage
2019-02-04,2019,INV 01.03.019,INV 01.03,33.35288602497562,33.35288602497562,0.33185834,33.02102769224106,-5.04109114656604,-11.24908208709975,-9.434793196504282,-14.104110836369895,1.0,1.0,0,35,0,0,0,0,0,False,outage
2019-03-11,2019,INV 01.06.039,INV 01.06,32.08847234420516,16.04423617210258,0.62147504,31.466997343028964,-5.936036400882638,-10.687117175235706,-2.6020478513218235,-4.482156197822868,0.5,0.4893325127767947,26,34,11,63,0,60,53,True,outage
2019-02-08,2019,INV 01.04.024,INV 01.04,40.81620583707787,40.81620583707787,9.4536085,31.36259757751919,-3.1919432126849325,-5.364711597946024,-3.3849648694294503,-5.845481153319738,1.0,1.0,0,7,0,0,0,0,0,False,outage
2019-02-04,2019,INV 01.02.008,INV 01.02,30.959415179942877,30.959415179942877,0.31635836,30.6430568446267,-6.69919984001993,-13.168789234734932,-10.302820022864184,-16.121385723688817,1.0,1.0,0,30,0,0,0,0,0,False,outage
2019-03-11,2019,INV 01.05.032,INV 01.05,30.741431767043867,30.518405427305392,0.54330003,30.202277066994707,-3.632543353613608,-9.44449194902972,-7.634004035818185,-12.531241026446999,0.9927450893820251,1.0100640700190326,60,41,0,63,0,60,60,True,outage
2022-06-29,2022,INV 01.01.003,INV 01.01,51.572835708821586,51.572835708821586,0.0,30.100200739070278,-6.2744863933311095,-11.909661053611577,-8.103172664512142,-13.153106958477988,1.0,1.0,0,25,0,0,51,108,25,False,outage
2019-03-11,2019,INV 01.04.025,INV 01.04,30.29352913301944,17.054786375798617,0.6036,29.689929127710652,-5.342845589670723,-9.49065792648133,-2.7139272427475856,-4.76180674179453,0.5629844677690321,0.5261256570205415,30,35,6,63,0,60,58,True,outage
2019-02-07,2019,INV 01.02.009,INV 01.02,30.214842518045693,30.214842518045693,1.0252167,29.189625854168526,-5.136753979256498,-7.572947507986527,-7.316095488069221,-11.895715833222615,1.0,1.0,0,24,0,0,0,0,0,False,outage
2019-03-11,2019,INV 01.08.057,INV 01.08,29.599641907289946,16.026174417099206,0.59554166,29.0135911476114,-5.666402227239712,-9.84278568790662,-2.943514544542767,-4.831832701925431,0.5414313614771197,0.525410601269554,39,35,3,63,0,60,58,True,outage
2019-03-11,2019,INV 01.06.043,INV 01.06,29.58942319322926,15.580526220977898,0.62135834,28.9680648582111,-5.43169006548525,-9.81075949106731,-2.6075626986495126,-4.4770309870882485,0.5265572809321637,0.5153231947989045,19,30,6,63,0,60,58,False,outage
2019-03-11,2019,INV 01.03.018,INV 01.03,29.490810540339634,14.745405270169817,0.5726417,28.918168869635746,-5.733254302828818,-9.94799884225103,-2.5234620568093824,-4.34972910003447,0.5,0.5084299404459632,18,31,6,63,0,60,58,False,outage
2019-02-04,2019,INV 01.02.012,INV 01.02,29.08896744745684,29.08896744745684,0.2387,28.85026744797416,-6.043027510328722,-11.647237621164033,-9.269826779009339,-15.001727837202866,1.0,1.0,0,30,0,0,0,0,0,False,outage
2019-02-04,2019,INV 01.01.002,INV 01.01,27.896757257614208,27.896757257614208,0.15890834,27.737848923829617,-6.885384866400142,-13.341551845773493,-11.094822396677454,-16.90788120758997,1.0,1.0,0,29,0,0,0,0,0,False,outage
2019-02-08,2019,INV 01.02.013,INV 01.02,41.41570697744255,41.41570697744255,14.006358,27.409348696664612,-2.9004792020950503,-6.02218345464377,-2.9314503248441945,-5.684830011980206,1.0,1.0,0,12,2,77,0,0,0,False,outage
2019-02-04,2019,INV 01.01.006,INV 01.01,27.515346430508373,27.515346430508373,0.22681667,27.288529763574974,-6.280688490344541,-12.41669679493693,-9.7693906276137,-15.663166846213567,1.0,1.0,0,28,0,0,0,0,0,False,outage
2019-02-07,2019,INV 01.01.002,INV 01.01,28.061597583549606,28.061597583549606,0.9933584,27.068239245297896,-5.136825220195159,-8.132214167206183,-7.424960188760669,-12.054978321460363,1.0,1.0,0,11,0,0,0,0,0,False,outage
2019-02-08,2019,INV 01.06.042,INV 01.06,42.1023322111818,42.1023322111818,15.1928425,26.909490544741637,-3.1288889501108046,-6.616704887817299,-3.130372696976658,-6.661259739163851,1.0,1.0,0,2,0,60,0,0,0,False,outage
2019-02-04,2019,INV 01.03.016,INV 01.03,25.885300994885352,25.885300994885352,0.24318334,25.642117661769078,-4.093482508948089,-9.500953717975422,-8.071748832197143,-12.580871757665076,1.0,1.0,0,35,0,0,0,0,0,False,outage
2019-02-07,2019,INV 01.04.026,INV 01.04,26.69652175836368,26.69652175836368,1.2451917,25.451330088651215,-5.063143450431124,-8.326471801801175,-6.005913480236672,-10.101950215917833,1.0,1.0,0,54,0,61,0,0,0,False,outage
2019-02-07,2019,INV 01.06.037,INV 01.06,25.928791634237008,25.928791634237008,0.7795667,25.1492249616064,-5.505016363174558,-8.284843692315544,-6.829769166735486,-9.860225808110625,1.0,1.0,0,14,0,0,0,0,0,False,outage
2019-02-04,2019,INV 01.02.009,INV 01.02,25.01976966459647,25.01976966459647,0.15686667,24.862902998046035,-6.763625377435265,-12.86993031774248,-10.143245301543203,-15.589358199826314,1.0,1.0,0,25,0,0,0,0,0,False,outage
2019-02-04,2019,INV 01.05.035,INV 01.05,24.7697931064612,24.7697931064612,0.13521667,24.63457643991075,-5.220630383921982,-11.973550055301114,-7.5151334703629376,-13.908300751175455,1.0,1.0,0,30,0,35,0,0,0,False,outage
2019-02-04,2019,INV 01.04.028,INV 01.04,24.77887521438106,24.77887521438106,0.278025,24.5008502130936,-4.9211275565711645,-10.88432083557259,-7.1888079218291745,-11.913509049718552,1.0,1.0,0,30,0,41,0,1,0,False,outage
2019-02-07,2019,INV 01.08.055,INV 01.08,25.563539934856873,25.563539934856873,1.2470667,24.31647327003696,-4.914036542012893,-7.326083964559036,-7.788230907536304,-13.33782755524468,1.0,1.0,0,25,0,58,0,0,0,False,outage
2019-02-07,2019,INV 01.06.041,INV 01.06,25.268158116927623,25.268158116927623,0.9592167,24.308941458901643,-5.0656978595984254,-7.517070373001719,-7.1673484685715945,-12.081392239829718,1.0,1.0,0,10,0,0,0,0,0,False,outage
2019-02-07,2019,INV 01.03.016,INV 01.03,25.150139257337273,25.150139257337273,1.0056834,24.144455924034737,-4.702613377131354,-7.721239322860424,-7.2608386978875625,-12.228720113618376,1.0,1.0,0,6,0,0,0,0,0,False,outage
2019-02-07,2019,INV 01.04.023,INV 01.04,25.04886381115496,25.04886381115496,1.2357084,23.813155475119547,-4.568856572260215,-7.21768331126079,-6.822471988260132,-12.08401905244826,1.0,1.0,0,11,0,0,0,0,0,False,outage
2019-02-07,2019,INV 01.07.045,INV 01.07,24.649199965104035,24.649199965104035,1.0762084,23.572991630687884,-5.004595087685171,-7.681108772236835,-7.355633228972424,-13.162822398432045,1.0,1.0,0,24,0,0,0,0,0,False,outage
2019-02-04,2019,INV 01.05.033,INV 01.05,28.651243970570032,28.651243970570032,5.17325,23.477993967162632,-4.2177896108749735,-12.841541847124228,-6.573785761415956,-15.505800853258371,1.0,1.0,0,14,0,0,0,0,0,False,outage
2019-02-04,2019,INV 01.05.029,INV 01.05,23.482137219436144,23.482137219436144,0.21127501,23.270862218224433,-5.079650651951319,-12.193662672067767,-7.220708032824635,-13.464293215599627,1.0,1.0,0,31,0,38,0,0,0,False,outage
2023-08-18,2023,INV 01.08.055,INV 01.08,152.69091218699253,152.69091218699253,124.65983,22.594174958279314,-1.6370736276454312,-14.467912098074017,-2.2274322581150856,-19.812815738376784,1.0,1.0,0,7,0,0,106,7,2,False,outage
2019-02-07,2019,INV 01.07.046,INV 01.07,23.05393837366374,23.05393837366374,0.515925,22.538013372931598,-4.7817646953523205,-7.964286061595138,-5.98087117133246,-13.12044131710318,1.0,1.0,0,10,0,56,0,0,0,False,outage
2019-02-04,2019,INV 01.05.031,INV 01.05,22.603966702266007,22.603966702266007,0.18911667,22.414850034930776,-5.043802258009664,-13.2397435560335,-7.118373364660638,-13.545515987081824,1.0,1.0,0,31,0,36,0,0,0,False,outage
2019-02-07,2019,INV 01.04.024,INV 01.04,23.057468122578115,23.057468122578115,0.6894,22.368068121769973,-4.606137783209312,-9.028539224599303,-4.917266092811673,-9.397564253826472,1.0,1.0,0,2,0,0,0,0,0,False,outage
2019-06-04,2019,INV 01.04.028,INV 01.04,167.4219575787523,166.27053067059583,146.02663,22.175904554639857,-1.0459457765622167,-12.554350343928972,-1.0084045470607885,-12.410620401068037,0.9931226051540171,0.9891265523257894,10,9,0,0,0,10,10,False,outage
2019-02-08,2019,INV 01.09.062,INV 01.09,46.71278447861495,46.71278447861495,26.930601,21.966148651429954,-1.8050405713305306,-6.844577161177572,-2.268873206809017,-6.6873997774461,1.0,1.0,0,10,0,72,0,0,0,False,outage
2019-02-08,2019,INV 01.06.038,INV 01.06,44.117475080395074,44.117475080395074,22.683126,21.434350014134576,-2.4591068447787996,-6.665072979864584,-2.5984490863616148,-7.231967152053873,1.0,1.0,0,2,0,0,0,0,0,False,outage
2019-02-14,2019,INV 01.08.059,INV 01.08,88.85260148209018,96.89342517633393,67.61928,21.333635725623914,-1.552016474634427,-2.310396213134138,-2.3288472236742432,-3.503915063028236,1.0904962101291376,1.0904962101291376,29,0,0,0,0,0,0,True,acute_fault
2019-02-04,2019,INV 01.04.027,INV 01.04,20.921457650071908,20.921457650071908,0.20337501,20.71808264925483,-3.8799719246839444,-7.861808525868863,-4.796048928325726,-8.700981348363465,1.0,1.0,0,31,0,40,0,0,0,False,outage
2019-02-04,2019,INV 01.07.048,INV 01.07,20.2948868801677,20.2948868801677,0.22851667,20.066370214880383,-7.869413678394551,-13.062933761932095,-11.269741073588081,-14.446550258004837,1.0,1.0,0,21,0,0,0,0,0,False,outage
2019-06-30,2019,INV 01.03.017,INV 01.03,193.85475772307225,190.8368717534176,176.55302,19.803672420476605,-1.4334344408422444,-10.658688063276504,-1.33123034826181,-11.470799582903082,0.984432231609369,0.9939250182579688,26,16,0,149,0,27,27,True,outage
2019-02-04,2019,INV 01.05.032,INV 01.05,19.839902482255393,19.839902482255393,0.16153334,19.678369148957305,-3.9813245148606753,-11.3680898785447,-7.327768120318456,-12.300898943427725,1.0,1.0,0,30,0,42,0,0,0,False,outage
2022-02-14,2022,INV 01.03.016,INV 01.03,94.86829447971705,94.86829447971705,0.0,19.093840861936435,-6.639343767944129,-9.592611731160307,-10.822610879974052,-14.97985969562719,1.0,1.0,0,19,0,0,68,0,0,False,outage
2019-02-07,2019,INV 01.07.050,INV 01.07,19.20924873500881,19.20924873500881,0.4843917,18.72485706992266,-4.320738484506492,-7.016799581470609,-4.507898335088984,-7.107609702204464,1.0,1.0,0,13,0,55,0,0,0,False,outage
2019-02-06,2019,INV 01.04.026,INV 01.04,18.75704379420738,18.75704379420738,0.36595002,18.391093791076862,-4.449197814261366,-6.368121025589678,-5.047362022405195,-6.730952765785125,1.0,1.0,0,23,0,24,0,0,0,False,outage
2019-02-06,2019,INV 01.04.023,INV 01.04,17.94131355879187,17.94131355879187,0.4994917,17.441821889554255,-4.608017017362625,-7.823034489357316,-6.8216682748923025,-9.836299589307016,1.0,1.0,0,19,0,0,0,0,0,False,outage
2019-02-06,2019,INV 01.03.019,INV 01.03,18.008032417726433,18.008032417726433,0.5830834,17.424949083657975,-4.613450512209135,-7.956314410435904,-6.881480515558277,-9.975635294055076,1.0,1.0,0,16,0,0,0,0,0,False,outage
2019-02-06,2019,INV 01.03.015,INV 01.03,18.06729740486451,18.06729740486451,0.701375,17.365922410273633,-4.567626390444312,-7.793045154476063,-6.747250239490082,-9.365402075788136,1.0,1.0,0,17,0,0,0,0,0,False,outage
2019-02-04,2019,INV 01.04.024,INV 01.04,17.482924246384414,17.482924246384414,0.13268334,17.35024091191004,-2.9262597492879983,-8.887203324139968,-3.09423442005006,-9.683648149300456,1.0,1.0,0,21,2,0,0,0,0,False,outage
2019-02-04,2019,INV 01.07.044,INV 01.07,17.330288084030542,17.330288084030542,0.20886667,17.121421417028102,-6.584742320737176,-12.05439587795012,-10.960017671562488,-17.061617143256758,1.0,1.0,0,17,0,0,0,0,0,False,outage
2023-08-18,2023,INV 01.09.065,INV 01.09,147.52078054843744,147.52078054843744,123.035545,17.04589897831721,-1.4376030282615677,-13.401995187663006,-1.7508122475777126,-17.137779862417997,1.0,1.0,0,3,0,0,106,5,1,False,outage
2019-02-05,2019,INV 01.01.001,INV 01.01,17.794116853612746,17.794116853612746,0.9861917,16.80792517513095,-4.792135346122447,-8.45642243799094,-6.9058820092206625,-12.863365815624713,1.0,1.0,0,8,0,0,0,0,0,False,outage
2019-02-04,2019,INV 01.03.021,INV 01.03,16.576453048250784,16.576453048250784,0.10445,16.472003047985094,-5.608815808880196,-13.154157442630428,-7.077411038429428,-14.333344503214548,1.0,1.0,0,20,0,25,0,0,0,False,outage
2019-02-04,2019,INV 01.06.040,INV 01.06,16.025272528710314,16.025272528710314,0.13635834,15.888914195734856,-8.206725604819784,-14.408851367282928,-12.70775563240062,-16.723999095608743,1.0,1.0,0,14,0,0,0,0,0,False,outage
2019-10-24,2019,INV 01.08.059,INV 01.08,72.34406333775934,77.11029175149663,56.532608,15.829110921751754,-1.5962219247153546,-3.096718088698178,-2.3200342922304356,-4.313352064968576,1.0658827855920225,1.038086906280037,24,0,0,96,0,0,0,True,acute_fault
2019-02-04,2019,INV 01.01.003,INV 01.01,15.637405330575518,15.637405330575518,0.08769167,15.549713663512668,-3.1583207424848765,-10.02173816301716,-3.1068561281049822,-10.520669617820857,1.0,1.0,0,19,1,0,0,0,0,False,outage
2019-02-05,2019,INV 01.02.008,INV 01.02,16.682339340669692,16.682339340669692,1.4066668,15.275672673158626,-4.088468892013026,-7.181935299674592,-6.296983644655704,-11.505157760184943,1.0,1.0,0,5,0,0,0,0,0,False,outage
2019-02-04,2019,INV 01.06.037,INV 01.06,14.965689180032308,14.965689180032308,0.07225,14.893439179404286,-6.719459312536969,-11.834988934949516,-10.369823625984553,-15.102299557327449,1.0,1.0,0,16,0,0,0,0,0,False,outage
2019-02-06,2019,INV 01.05.035,INV 01.05,15.12304312862806,15.12304312862806,0.29926667,14.823776462143684,-4.827780825952897,-8.139008090073498,-6.161422189616966,-9.454152846078827,1.0,1.0,0,12,0,25,0,0,0,False,outage
2019-02-04,2019,INV 01.02.010,INV 01.02,14.532535488863672,14.532535488863672,0.079475,14.453060488207772,-3.450329481198638,-10.2793141086497,-3.5874634271998254,-11.375056506062407,1.0,1.0,0,16,0,17,0,0,0,False,outage
2019-02-06,2019,INV 01.03.016,INV 01.03,14.772855511321769,14.772855511321769,0.39100835,14.381847179570938,-4.066191196142158,-6.493581248252507,-6.266712128518524,-8.598601293855376,1.0,1.0,0,13,0,0,0,0,0,False,outage
2019-02-04,2019,INV 01.06.041,INV 01.06,14.296925903838913,14.296925903838913,0.08341667,14.213509236508601,-6.468730238904119,-11.888368490552514,-10.22653722433537,-15.393875560215605,1.0,1.0,0,14,0,0,0,0,0,False,outage
2019-02-04,2019,INV 01.06.036,INV 01.06,13.863465525130273,13.863465525130273,0.11947501,13.743990525407249,-6.611101920158415,-12.342400398894469,-10.681439519152107,-16.30714454910527,1.0,1.0,0,12,0,0,0,0,0,False,outage
2023-08-18,2023,INV 01.04.027,INV 01.04,149.88989124119732,149.88989124119732,134.03922,13.225733713103006,-1.0602902808008687,-17.350456480288788,-1.0863152938537652,-17.455027329667114,1.0,1.0,0,3,0,0,106,5,1,False,outage
2023-08-18,2023,INV 01.04.023,INV 01.04,152.2652656591163,152.2652656591163,134.60037,13.144497523298924,-1.2499704753344907,-17.51965767043156,-1.3837133104688646,-18.750793011064466,1.0,1.0,0,2,0,0,106,2,1,False,outage
2019-02-04,2019,INV 01.07.045,INV 01.07,13.083934492299125,13.083934492299125,0.1124,12.971534492160297,-6.52042700919733,-12.16981227877049,-10.573889361428128,-15.931669413185086,1.0,1.0,0,13,0,0,0,0,0,False,outage
2019-03-11,2019,INV 01.05.030,INV 01.05,13.011103332431533,14.312213665674689,0.6651917,12.77170514164707,-2.034533061758321,-17.201477259885678,-2.7381713306457325,-18.921624985874246,1.1,1.0925721968049278,24,51,0,0,0,60,51,True,outage
2019-02-05,2019,INV 01.03.015,INV 01.03,12.880425123453714,12.880425123453714,0.31675002,12.563675121670542,-4.2829166698387295,-7.430794979018883,-7.026531453013335,-11.829260604109246,1.0,1.0,0,6,0,0,0,0,0,False,outage
2019-02-05,2019,INV 01.03.019,INV 01.03,12.714566277887506,12.714566277887506,0.24915001,12.465416277219685,-4.1190680274034595,-6.441046401170846,-6.830249311676018,-10.415947553995146,1.0,1.0,0,5,0,0,0,0,0,False,outage
2019-02-04,2019,INV 01.07.049,INV 01.07,12.449240391752936,12.449240391752936,0.0793,12.369940390954978,-9.011974882359384,-12.807636280222845,-10.239821914778632,-13.146694265017317,1.0,1.0,0,13,0,0,0,0,0,False,outage
2019-02-05,2019,INV 01.02.012,INV 01.02,12.569699181722616,12.569699181722616,0.20846668,12.361232513575022,-4.655978941126127,-6.83238615165047,-6.818608437600166,-10.351111434132621,1.0,1.0,0,5,0,0,0,0,0,False,outage
2023-08-18,2023,INV 01.08.053,INV 01.08,148.30782426078468,148.30782426078468,131.38327,12.325265393881564,-1.0689728391384599,-14.484123962637529,-1.42966272678975,-19.694640849852274,1.0,1.0,0,1,0,0,106,3,0,False,outage
2019-02-05,2019,INV 01.01.006,INV 01.01,12.424254283177406,12.424254283177406,0.21434167,12.20991261600708,-4.5976452581233005,-6.670261169482791,-7.001182585104141,-10.606357728686154,1.0,1.0,0,5,0,0,0,0,0,False,outage
2023-08-18,2023,INV 01.08.058,INV 01.08,150.4469370552576,150.4469370552576,132.5663,12.147729895773514,-1.0702440504030497,-14.17375408678268,-1.4150159119149375,-19.178759038248042,1.0,1.0,0,1,0,0,106,4,1,False,outage
2019-02-08,2019,INV 01.09.065,INV 01.09,26.00809928303546,26.00809928303546,14.095176,12.11508518758442,-1.637540792511209,-4.440875519993832,-1.8621552947297844,-4.909574258216782,1.0,1.0,0,1,0,66,0,0,0,False,outage
2023-08-18,2023,INV 01.07.048,INV 01.07,153.457743980339,153.457743980339,136.9778,11.948316685992475,-0.9917686770708238,-14.576739609775084,-1.3536442417755365,-20.579727358711878,1.0,1.0,0,3,0,0,106,4,0,False,outage
2019-02-04,2019,INV 01.05.030,INV 01.05,12.046607562249049,13.251268318473954,0.22645834,11.820149228971594,-3.378815934073804,-5.2855834766536995,-3.6588536274932277,-6.0766597854161235,1.1,1.0,29,37,0,0,0,0,0,True,outage
2022-08-25,2022,INV 01.01.004,INV 01.01,118.15986776989516,118.15986776989516,75.4007,11.692171665331683,-2.3132860766351704,-13.489094100046815,-2.702036611044149,-17.48498001654168,1.0,1.0,0,4,0,0,109,11,1,False,outage
2019-02-05,2019,INV 01.04.023,INV 01.04,11.750811445620648,11.750811445620648,0.206525,11.544286444256198,-4.246611904416671,-6.92397166133889,-7.109710758801905,-11.592279941638997,1.0,1.0,0,7,0,0,0,0,0,False,outage
2019-02-06,2019,INV 01.04.024,INV 01.04,11.770334910733848,11.770334910733848,0.26596668,11.504368242474495,-4.287792204964247,-6.380748721796954,-4.599439360626896,-6.952572513238833,1.0,1.0,0,11,0,0,0,0,0,False,outage
2019-07-25,2019,INV 01.02.014,INV 01.02,180.03097158716477,176.32096740740073,169.67563,10.741642102491598,-0.5431959615372556,-13.558204511854981,-0.4218511428637568,-17.375336743438606,0.9793924114997746,0.9973546320794353,4,2,0,0,0,7,1,False,outage
2023-08-18,2023,INV 01.02.011,INV 01.02,152.06117634686575,152.06117634686575,131.6242,10.55423542781676,-1.0845914394904415,-13.461061699735163,-1.241914916974879,-17.097784051766357,1.0,1.0,0,3,0,0,106,3,1,False,outage
2019-02-04,2019,INV 01.03.017,INV 01.03,10.573256201072523,10.573256201072523,0.09254167,10.480714534936187,-2.482043501573542,-8.344095284701837,-2.5360620713165494,-8.496100173906454,1.0,1.0,0,14,0,0,0,0,0,False,outage
2019-02-05,2019,INV 01.04.022,INV 01.04,13.260660955438812,13.260660955438812,3.0682917,10.192369294419684,-2.952643426207357,-4.694723733680656,-5.106215403988306,-8.147841262720355,1.0,1.0,0,6,0,0,0,0,0,False,outage
2019-02-04,2019,INV 01.01.005,INV 01.01,10.189534827272679,10.189534827272679,0.05116667,10.138368160392469,-5.189816409370089,-7.663744395244434,-5.740274680524997,-7.732080637976746,1.0,1.0,0,11,0,17,0,0,0,False,outage
2022-03-09,2022,INV 01.03.016,INV 01.03,143.21646621286962,143.21646621286962,0.0,10.133100222547522,-11.39952954594936,-19.640423542179366,-14.28730335491568,-20.09816562129278,1.0,1.0,0,9,0,0,105,0,0,False,outage
2019-02-04,2019,INV 01.07.047,INV 01.07,9.74231713704307,9.74231713704307,0.0,9.74231713704307,-3.5499217932500566,-6.3754024942910075,-3.6665175754010804,-5.36737986221326,1.0,1.0,0,9,0,11,0,0,0,False,outage
2019-02-06,2019,INV 01.03.017,INV 01.03,9.714112556261753,9.714112556261753,0.19935834,9.51475422097547,-3.341776470997491,-5.403726864932215,-3.3857639870959297,-5.502166884535297,1.0,1.0,0,11,0,0,0,0,0,False,outage
2019-02-05,2019,INV 01.01.002,INV 01.01,9.48965884573262,9.48965884573262,0.08411667,9.40554217965933,-4.753712293382515,-7.123826418905266,-6.936840002680417,-10.560171102239032,1.0,1.0,0,5,0,0,0,0,0,False,outage
2023-08-18,2023,INV 01.07.046,INV 01.07,151.7187453309064,151.7187453309064,134.16478,9.205117176993454,-1.071108823581018,-14.608708065780634,-1.3857540989031283,-20.105539871253193,1.0,1.0,0,1,0,0,106,3,1,False,outage
2019-02-05,2019,INV 01.04.026,INV 01.04,8.98326968589224,8.98326968589224,0.112825006,8.870444686164932,-5.888224994488196,-8.069120220049994,-7.20433455035703,-9.789722788896972,1.0,1.0,0,20,0,20,0,0,0,False,outage
2019-05-02,2019,INV 01.04.026,INV 01.04,138.37362013928572,139.75882299897475,139.0576,8.43569933666514,-0.03226968294242838,-4.918387457980964,-0.16108139452512113,-5.313087716188638,1.0100105992623065,1.0174678640185641,2,1,1,0,0,5,3,False,outage
2019-02-04,2019,INV 01.07.046,INV 01.07,8.419970110230919,8.419970110230919,0.06004167,8.359928443268712,-3.849743117982103,-9.116203485878835,-4.095991688787343,-9.075204033524797,1.0,1.0,0,9,0,10,0,0,0,False,outage
2023-08-18,2023,INV 01.09.060,INV 01.09,150.8204708359827,150.8204708359827,136.4667,8.347772437269613,-0.8629525913116007,-14.20202873393228,-1.1611923489162432,-19.28616710868841,1.0,1.0,0,2,0,0,106,2,1,False,outage
2019-02-07,2019,INV 01.07.047,INV 01.07,8.046594999463418,8.046594999463418,0.009216667,8.037378332659722,-3.892187450637377,-7.599679555411454,-4.012832644832601,-7.376681802277191,1.0,1.0,0,8,0,17,0,0,0,False,outage
2019-02-05,2019,INV 01.03.016,INV 01.03,8.129299869936332,8.129299869936332,0.13223334,7.997066536472863,-3.8063926407929327,-6.1132372338325895,-6.419606017065195,-9.682003625940546,1.0,1.0,0,1,0,0,0,0,0,False,outage
2019-02-04,2019,INV 01.02.014,INV 01.02,7.884793685814494,7.368828931612027,0.029708333,7.855085352833298,-4.27731316450346,-7.963851258990416,-4.397130319611221,-7.561762650869643,0.9345620475611509,0.90590317546042,12,9,0,13,0,0,0,False,outage
2019-02-07,2019,INV 01.07.051,INV 01.07,7.753756118887136,7.753756118887136,0.04681667,7.706939451190054,-3.2563522646287164,-7.696309017488604,-3.1370430989801217,-6.051293754547965,1.0,1.0,0,19,0,19,0,0,0,False,outage
2019-05-02,2019,INV 01.08.057,INV 01.08,137.18559251666724,134.6116610348081,135.63829,7.650838423005745,-0.18418438420243374,-5.206648652109641,0.020697642203805187,-5.301933093530541,0.9812375962035049,0.9791573457698871,2,1,1,0,0,4,1,False,outage
2019-06-26,2019,INV 01.07.046,INV 01.07,180.98969307069527,177.01060687155336,174.52321,7.583114999705423,-0.37241169597857654,-17.245417953324672,-0.147634618913632,-16.798445926354493,0.9780148464167644,0.990344560072346,1,1,1,0,0,5,1,False,outage
2019-02-05,2019,INV 01.02.009,INV 01.02,7.621567114441122,7.621567114441122,0.086600006,7.5349671147128205,-4.8895077409966845,-7.316297535376244,-7.210936506625725,-11.49256565430529,1.0,1.0,0,5,0,0,0,0,0,False,outage
2019-05-02,2019,INV 01.09.063,INV 01.09,135.38906688208473,135.41155698832716,135.07443,7.466194828315412,-0.10755119469171727,-5.09516875876782,-0.09801311225860054,-5.289626531603636,1.0001661146410146,0.9885705910334267,4,1,0,0,0,2,1,False,outage
2019-02-06,2019,INV 01.03.020,INV 01.03,7.51664875353164,5.871396267870286,0.08930001,7.427348753112421,-2.3645085287698597,-3.3802875008902533,-2.0161331244679297,-3.069503049050123,0.7811188816175102,0.7885383685651257,4,5,4,21,0,0,0,False,outage
2019-07-25,2019,INV 01.01.003,INV 01.01,178.58983212652228,176.05577664183264,171.79974,7.329579638930785,-0.3760838137572616,-14.237613871303655,-0.30401864883308505,-19.30685955606205,0.9858107516283773,1.003890685639132,3,1,0,139,0,6,2,False,outage
2019-02-04,2019,INV 01.06.038,INV 01.06,7.324255047605325,7.324255047605325,0.028400002,7.295855047032499,-4.056292866132713,-10.859842341858128,-4.327031825134504,-11.783520350049862,1.0,1.0,0,8,0,0,0,0,0,False,outage
2023-08-18,2023,INV 01.02.009,INV 01.02,155.22063028472576,155.22063028472576,140.48074,6.986849240252728,-0.885172180858501,-14.257755968663885,-1.1710193296733922,-19.895669511663897,1.0,1.0,0,1,0,0,106,2,0,False,outage
2019-06-26,2019,INV 01.08.055,INV 01.08,178.67035071090208,175.8942970400267,173.26299,6.840107874295589,-0.29938080855762533,-13.346265665123765,-0.19533156383948352,-17.992825721217145,0.9844627065440353,0.9963276615566986,2,1,0,147,0,5,1,False,outage
2019-02-05,2019,INV 01.09.064,INV 01.09,6.989014477091863,6.989014477091863,0.16955,6.819464477333262,-4.811107977463648,-6.4405047257678625,-8.586550255792652,-11.936243298196354,1.0,1.0,0,1,0,20,0,0,0,False,outage
2019-06-26,2019,INV 01.02.009,INV 01.02,186.50171563430104,183.81024656575482,183.3373,6.81627855183685,-0.17070239748091623,-11.954523733405486,-0.05429491356734464,-11.78875566762658,0.985568663219036,1.0,1,1,0,149,0,2,1,False,outage
2019-05-02,2019,INV 01.09.062,INV 01.09,138.91512472453755,138.55580631651367,138.09459,6.775517541447317,-0.04696859099556511,-3.0557847121067723,-0.08993549163970141,-6.1981908420393195,0.9974133960665809,0.9858497863708399,3,1,0,128,0,0,0,False,outage
2019-02-05,2019,INV 01.09.060,INV 01.09,7.043938923175302,7.043938923175302,0.30092502,6.74301391981062,-4.682697174308325,-6.452035612207554,-8.503390000637115,-12.378073767728583,1.0,1.0,0,3,0,20,0,0,0,False,outage
2019-07-25,2019,INV 01.07.048,INV 01.07,181.62888752844103,179.91064644070534,175.29018,6.713834261751805,-0.35385293781982013,-14.493268038589845,-0.33888167424947674,-20.268307580733524,0.9905398248532099,1.001806456321238,1,1,0,142,0,3,1,False,outage
2022-06-29,2022,INV 01.01.004,INV 01.01,49.09952078389317,49.09952078389317,41.302742,6.712716025935892,-0.8040630720818529,-8.593820204008153,-1.1984365785407605,-13.809661015468032,1.0,1.0,0,7,0,0,51,10,7,False,outage
2019-02-05,2019,INV 01.08.054,INV 01.08,6.972290568135022,6.972290568135022,0.28296667,6.689323899107018,-4.851197845873729,-6.595439585264195,-8.557142025751073,-12.0391187661783,1.0,1.0,0,1,0,20,0,0,0,False,outage
2019-02-05,2019,INV 01.08.055,INV 01.08,6.546819195008405,6.546819195008405,0.10728334,6.439535862002401,-5.2266962962004255,-6.653903560326776,-9.196156689423635,-12.114059664917999,1.0,1.0,0,1,0,18,0,0,0,False,outage
2020-11-07,2020,INV 01.07.047,INV 01.07,84.00781494083294,60.94105820403874,4.2208333,6.421258662397994,-3.0550488352871783,-4.525693910476485,-2.5514728205411132,-5.315687629237972,0.725421298565613,0.7433267636954262,0,4,3,0,77,0,0,False,outage
2019-05-02,2019,INV 01.07.049,INV 01.07,107.36009891832714,108.85486617473775,104.50137,6.419588326741973,-0.22659977110617255,-5.4613350077374845,-0.4223060202327141,-6.223526921680289,1.0139229310653648,1.0116356425504271,4,1,0,0,0,3,2,False,outage
2022-06-06,2022,INV 01.03.016,INV 01.03,142.59695164517183,142.59695164517183,0.0,6.41556744054892,-10.882205292428612,-19.605084481324266,-11.826469058369828,-19.46324160891513,1.0,1.0,0,6,0,0,113,0,0,False,outage
2019-02-06,2019,INV 01.09.061,INV 01.09,6.477485371328038,6.477485371328038,0.11019167,6.367293702973365,-2.6672547300720617,-3.70684198623033,-4.664985019744417,-5.543685745597597,1.0,1.0,0,9,0,13,0,0,0,False,outage
2019-05-02,2019,INV 01.07.048,INV 01.07,143.86979946581246,144.80615952462853,143.83661,6.360811211253792,-0.018944078795857223,-5.50876953862385,-0.09924187233356155,-6.359299873284407,1.0065083850974474,1.0042378229088569,4,1,0,128,0,3,2,False,outage
2019-05-02,2019,INV 01.05.029,INV 01.05,139.58730141180746,141.69850082055936,141.6402,6.2960474662663435,0.06876040286550644,-5.067244145654556,-0.12378274418276643,-5.639487383181058,1.0151245807276086,1.01950530274693,2,1,0,0,0,3,1,False,outage
2019-08-21,2019,INV 01.02.012,INV 01.02,163.20112827850525,157.7534674659004,160.62953,6.258040566083786,-0.20361469285110165,-8.787546670084215,0.21137151660848685,-9.866333066899257,0.9666199561849332,0.994660839200013,4,1,0,126,0,1,1,False,outage
2019-02-05,2019,INV 01.08.059,INV 01.08,6.390781705671091,6.390781705671091,0.13651668,6.254265039320826,-6.845871832444089,-8.680729178192445,-7.9532928295831065,-10.32595219556247,1.0,1.0,0,15,0,17,0,1,1,False,outage
2019-05-02,2019,INV 01.01.001,INV 01.01,144.02328216776306,141.15430944493608,143.06746,6.199565961054169,-0.1411531001206414,-5.906922107670468,0.09880226917532729,-6.699277749352417,0.9800797990460658,0.9925531290784917,2,1,0,128,0,2,1,False,outage
2021-09-21,2021,INV 01.03.016,INV 01.03,45.91697284251142,45.91697284251142,0.0,6.157070061368614,-7.772217787493587,-17.882167825726984,-8.942634204837637,-18.29893178512045,1.0,1.0,0,4,0,0,75,0,0,False,outage
2019-02-04,2019,INV 01.01.007,INV 01.01,6.015135046617919,4.677717952765297,0.0022500001,6.012885046559556,-2.680704022279523,-6.390544520841348,-2.2293301501257967,-5.507113336355209,0.7776580104207967,0.7661649656749369,2,1,3,19,0,0,0,False,outage
2019-02-05,2019,INV 01.09.061,INV 01.09,6.100473146351035,6.100473146351035,0.095800005,6.004673146729028,-4.914466184164361,-6.1059095763508076,-8.893859977213872,-11.541572297644189,1.0,1.0,0,3,0,17,0,0,0,False,outage
2019-05-02,2019,INV 01.07.045,INV 01.07,141.56189101179606,141.28068907533017,141.70676,5.962935461016658,-0.020016479300950747,-5.697234943157816,0.012987772865420681,-6.431502864617709,0.9980135760093621,0.995762177091143,3,1,0,128,0,3,1,False,outage
2019-06-19,2019,INV 01.02.014,INV 01.02,158.76563046460547,154.8690841681962,154.67973,5.960503263191681,-0.26256336937455793,-11.497506278383797,-0.05641002016356812,-11.64510307710957,0.9754572429498337,0.9930427876112786,1,1,0,0,0,1,1,False,outage
2019-02-04,2019,INV 01.07.050,INV 01.07,5.930317547421818,5.930317547421818,0.03815,5.892167547501539,-4.6539147793925375,-13.169734843495526,-5.064194638123844,-14.570536287013395,1.0,1.0,0,8,0,9,0,1,0,False,outage
2019-05-02,2019,INV 01.07.044,INV 01.07,141.6659709914047,141.05724513501286,141.92116,5.849663320132494,-0.016671518070267483,-5.559650465080472,0.04672041136594069,-6.374951781593951,0.9957030905013262,0.9934569037612762,6,1,0,128,0,3,1,False,outage
2019-02-05,2019,INV 01.07.048,INV 01.07,6.021098457470681,6.021098457470681,0.22123334,5.799865124941017,-6.05860337841666,-8.184018139924797,-9.5407023285017,-13.291774268772143,1.0,1.0,0,8,0,0,0,0,0,False,outage
2023-08-18,2023,INV 01.05.029,INV 01.05,150.8991364291445,150.8991364291445,142.32259,5.789001113365974,-0.6101833075257385,-17.705776528441387,-0.6188925098398315,-17.613133502598096,1.0,1.0,0,1,0,0,106,3,0,False,outage
2020-08-08,2020,INV 01.08.055,INV 01.08,150.1593486876739,150.1593486876739,142.04112,5.783340407777136,-0.4528505253864585,-14.061499932191078,-0.5957788023338679,-19.25626208351008,1.0,1.0,0,1,0,0,48,5,1,False,outage
2019-02-06,2019,INV 01.08.055,INV 01.08,5.738365054286823,5.738365054286823,0.12196667,5.61639838805527,-2.414341881070932,-3.933918818400033,-4.21320259308292,-5.712906787422393,1.0,1.0,0,7,0,12,0,0,0,False,outage
2021-09-15,2021,INV 01.06.037,INV 01.06,69.17310125356701,69.17310125356701,0.0,5.57344451952587,-8.487942435285666,-14.618064817851506,-10.244511141324503,-18.21090070524793,1.0,1.0,0,5,0,0,96,0,0,False,outage
2019-06-02,2019,INV 01.09.061,INV 01.09,185.2672797684014,186.48852265688035,180.07701,5.536520759862858,-0.2894402327702053,-14.496562023387469,-0.4377658620723042,-14.597688126172999,1.0065917893866936,1.0006984996053687,1,1,0,142,0,5,0,False,outage
2019-05-02,2019,INV 01.09.061,INV 01.09,139.73872468938163,141.37780205596206,141.69681,5.472756846491069,0.07815071894452483,-5.315274511319892,-0.05323074211715513,-6.135877505140648,1.0117295858411752,1.0,3,1,0,128,0,3,2,False,outage
2023-08-09,2023,INV 01.09.062,INV 01.09,131.09464676252298,131.09464676252298,0.0,5.400650858628683,-5.5550055199976045,-9.34115338545372,-12.492263276389458,-18.635409451832864,1.0,1.0,0,3,0,0,110,113,3,False,outage
2023-08-18,2023,INV 01.07.050,INV 01.07,149.80680262543208,149.80680262543208,140.08594,5.394995146495655,-0.5814043316502283,-13.990624698767078,-0.7276754738513427,-18.97014788816353,1.0,1.0,0,1,0,0,106,1,1,False,outage
2019-02-05,2019,INV 01.07.049,INV 01.07,5.448455242749005,5.448455242749005,0.06541667,5.383038576380361,-7.65634159070479,-8.979197453764659,-9.548437785152316,-11.387578814053953,1.0,1.0,0,12,0,0,0,0,0,False,outage
2019-02-04,2019,INV 01.02.013,INV 01.02,5.404974624601053,3.070337510559803,0.023458334,5.381516291652356,-4.1051442826046065,-11.898823465003154,-2.4608884040957064,-6.366592943231752,0.5680577104996913,0.5506379005325213,1,7,5,9,0,0,0,False,outage
2023-08-18,2023,INV 01.08.059,INV 01.08,137.6892461997903,137.6892461997903,133.82822,5.345286484255578,-0.18434029621245404,-9.671465038664074,-0.2970603025703646,-15.797260989650969,1.0,1.0,0,1,0,0,106,2,0,False,outage
2019-02-06,2019,INV 01.05.030,INV 01.05,5.578357980023533,6.136193778025887,0.29665002,5.281707981503963,-3.132326667477346,-4.65876208726997,-3.5455427854109254,-5.372126552572642,1.1,1.0,11,8,0,0,0,0,0,False,outage
2019-06-26,2019,INV 01.08.053,INV 01.08,176.02714786026283,175.06695572400744,172.12044,5.150494657610641,-0.21461539370248373,-16.45506318356749,-0.1683012595223,-16.30804795741521,0.9945452042600973,1.0069390544797279,3,1,0,0,0,3,1,False,outage
2019-02-05,2019,INV 01.06.040,INV 01.06,5.228065024209157,5.228065024209157,0.107825,5.12024002437009,-6.339070340303338,-8.403706528212382,-10.852694033965143,-14.995608053126846,1.0,1.0,0,6,0,0,0,0,0,False,outage
2022-06-06,2022,INV 01.08.057,INV 01.08,139.76548790587944,132.21722066819441,126.07992,5.006567407531044,-1.3089782647704407,-11.192504081862086,-0.7902324656452954,-11.412391592948055,0.9459933396235258,0.9615787178803761,8,4,0,0,113,14,8,False,outage
2019-06-04,2019,INV 01.09.061,INV 01.09,74.37942944430412,74.75240251008746,69.83662,4.977288165393663,-0.47005665070979097,-12.652720358626116,-0.6738557320518442,-16.648322161139376,1.0050144652704365,1.0002617524931303,2,1,0,74,0,1,1,False,outage
2019-05-02,2019,INV 01.08.053,INV 01.08,137.83910007933346,138.2548068409545,139.59412,4.854950645668304,0.06236938236460342,-6.1704113939504746,0.04423280608909078,-7.541505815360613,1.0030158841822225,1.007344351695458,3,1,0,0,0,4,2,False,outage
2019-05-02,2019,INV 01.09.060,INV 01.09,139.93461465509182,142.92834617218986,143.53447,4.64245300233447,0.1899911596783862,-5.521990211438865,-0.024305093830380504,-6.520045815622757,1.021393788266591,1.0095521595500054,3,1,0,128,0,3,1,False,outage
2019-06-04,2019,INV 01.09.064,INV 01.09,68.97414345305789,69.30187196219664,64.781715,4.604296172489977,-0.42604502884589845,-11.940257930067338,-0.59278695007225,-14.739908591335015,1.0047514690684314,1.0,1,1,0,71,0,0,0,False,outage
2019-02-05,2019,INV 01.06.036,INV 01.06,4.787212828194645,4.787212828194645,0.52815,4.259062826032983,-5.00426539884881,-6.013754282574327,-7.7270011198243465,-9.2282757383486,1.0,1.0,0,1,0,0,0,0,0,False,outage
2019-06-03,2019,INV 01.07.048,INV 01.07,194.6689139853314,193.37834017231125,192.04482,4.12409901001033,-0.17210719797564666,-18.523278605440915,-0.1010923469615583,-18.366437570042404,0.993370416536472,0.9998390922190463,1,1,0,146,0,1,0,False,outage
2019-02-05,2019,INV 01.07.045,INV 01.07,4.141180184284577,4.141180184284577,0.06475,4.076430184381435,-5.68037648928141,-6.87434897983959,-9.389498024005569,-11.78030899048451,1.0,1.0,0,1,0,0,0,0,0,False,outage
2019-06-26,2019,INV 01.01.004,INV 01.01,179.06117239655097,182.77433870601544,183.14099,3.9589890944670394,0.20449181181321477,-12.897096478476325,0.012887450627144442,-13.0496384768041,1.0207368591401895,1.0356831514978249,3,1,0,0,0,8,1,False,outage
2019-06-04,2019,INV 01.09.065,INV 01.09,64.06934694409775,64.27182682209046,60.594284,3.951136924774657,-0.4329639934477231,-12.947090211732862,-0.5470020934761451,-16.60839339739222,1.0031603237374869,0.9984163791943297,1,1,0,0,0,1,1,False,outage
2019-08-21,2019,INV 01.01.004,INV 01.01,158.1592261203722,158.73930222456264,162.19214,3.6197701950252616,0.18963186494388218,-7.600857185978448,0.18397432095691135,-8.083944381196318,1.0036676716143573,1.0327832796521157,2,1,0,0,0,1,1,False,outage
2023-07-30,2023,INV 01.09.062,INV 01.09,118.91179605861389,118.91179605861389,0.0,3.5612126919373073,-4.769356194221533,-9.549956407405114,-9.271790363924232,-18.58349571847963,1.0,1.0,0,2,0,0,133,135,2,False,outage
2019-02-04,2019,INV 01.06.042,INV 01.06,3.51280032808297,3.51280032808297,0.016841667,3.495958660999568,-4.1041127019623564,-7.539910712620944,-4.120999146634869,-7.590682147445798,1.0,1.0,0,4,0,5,0,0,0,False,outage
2024-04-24,2024,INV 01.09.062,INV 01.09,104.57001805487607,104.57001805487607,0.0,3.3135209409131914,-4.391434020603812,-9.566322112407178,-8.590368192098456,-17.932104393858456,1.0,1.0,0,4,0,0,133,140,4,False,outage
2019-02-05,2019,INV 01.06.037,INV 01.06,3.1176237850822104,3.1176237850822104,0.024783334,3.0928404517843915,-6.070235626717972,-7.334094649721322,-7.261863216455614,-8.728689644607714,1.0,1.0,0,1,0,0,0,0,0,False,outage
2019-02-05,2019,INV 01.06.041,INV 01.06,3.0488993396886306,3.0488993396886306,0.038075,3.010824339796167,-5.500311519725778,-6.646091655500395,-8.473979745619708,-10.681560257882284,1.0,1.0,0,1,0,0,0,0,0,False,outage
2019-02-04,2019,INV 01.03.018,INV 01.03,2.7601341768455194,1.3800670884227597,0.0,2.7601341768455194,-2.260052266860496,-5.164300376693508,-1.0374297467571791,-2.3896522539739533,0.5,0.5080692183620967,0,1,2,14,0,0,0,False,outage
2021-12-10,2021,INV 01.09.060,INV 01.09,9.184478466236932,9.184478466236932,0.82155,2.656206182094038,-3.2482096837336116,-4.238457036347588,-5.256146006050729,-8.430737120674442,1.0,1.0,0,1,0,0,16,0,0,False,outage
2021-12-10,2021,INV 01.01.001,INV 01.01,9.16579195773541,9.16579195773541,1.0804751,2.6001671762512353,-3.709130236178355,-6.142379780431048,-4.2341053017122094,-6.924660731954979,1.0,1.0,0,1,0,0,16,0,0,False,outage
2019-02-04,2019,INV 01.09.060,INV 01.09,2.5806747052673873,2.5806747052673873,0.035283335,2.545391371645468,-5.794308393934679,-8.511384256512226,-10.433293501636712,-12.231204830265805,1.0,1.0,0,1,0,6,0,0,0,False,outage
2021-12-10,2021,INV 01.08.055,INV 01.08,8.905932944092521,8.905932944092521,0.7360833,2.541479714584762,-3.4276671686182207,-4.666045357760125,-5.308908828348071,-6.96867632358738,1.0,1.0,0,2,0,0,16,0,0,False,outage
2021-12-10,2021,INV 01.09.061,INV 01.09,8.898301837402142,8.898301837402142,0.85055006,2.541397841697605,-3.214727124499039,-4.283963861687428,-5.012280001206833,-7.641824845278013,1.0,1.0,0,1,0,0,16,0,0,False,outage
2021-12-10,2021,INV 01.08.054,INV 01.08,8.905932944092521,8.905932944092521,0.874175,2.4893047192418716,-3.1982499837277043,-4.297829934999074,-5.149493787348688,-7.434867905946878,1.0,1.0,0,1,0,0,16,0,0,False,outage
2019-06-30,2019,INV 01.04.024,INV 01.04,192.98390519481057,192.12826210729426,192.5242,2.425087651549283,-0.04261881104456048,-9.910508429472701,0.0017146221558489506,-10.697532620111327,0.9955662463838496,0.9994022485970122,1,1,0,149,0,1,1,False,outage
2021-12-10,2021,INV 01.09.064,INV 01.09,8.637549500005369,8.637549500005369,0.84293336,2.3801652010039964,-3.225341598679346,-4.356925905445957,-5.083174062127164,-6.803205155324762,1.0,1.0,0,1,0,0,16,0,0,False,outage
2019-02-05,2019,INV 01.05.030,INV 01.05,2.4560306384832575,2.7016337023315833,0.0816,2.3744306386431964,-1.7612538195079832,-2.462882935065225,-2.0042868062028907,-2.511113597646729,1.1,1.0,0,17,0,0,0,0,0,False,outage
2021-12-10,2021,INV 01.06.036,INV 01.06,8.275966791169934,8.275966791169934,0.939175,2.3330659316395694,-3.113791303204891,-4.557312384298898,-4.2016335074862345,-7.140844432111201,1.0,1.0,0,2,0,0,16,0,0,False,outage
2021-12-10,2021,INV 01.02.009,INV 01.02,8.302375427837788,8.302375427837788,0.770775,2.3292215461266816,-3.4077124038067486,-5.3573400267264235,-4.415106549144503,-7.731123101227412,1.0,1.0,0,1,0,0,16,0,0,False,outage
2021-12-10,2021,INV 01.07.045,INV 01.07,8.156513090646625,8.156513090646625,0.62895834,2.300634256966823,-3.1638371364076012,-4.106742950759274,-4.080335358691019,-5.856565837562593,1.0,1.0,0,2,0,0,16,0,0,False,outage
2021-12-10,2021,INV 01.06.037,INV 01.06,8.071954062985933,8.071954062985933,0.79709166,2.297901428393152,-3.3580107704292828,-4.886045229861314,-4.530890718193226,-7.355613761264796,1.0,1.0,0,1,0,0,16,0,0,False,outage
2021-12-10,2021,INV 01.01.002,INV 01.01,7.880848600874724,7.880848600874724,0.9722667,2.1498023924217287,-3.3364390140695956,-5.167261566679188,-4.467355009162107,-7.83528686311815,1.0,1.0,0,1,0,0,16,0,0,False,outage
2021-12-10,2021,INV 01.07.051,INV 01.07,7.694788174093024,7.694788174093024,0.45990834,2.1408565116433302,-2.2318822772971743,-3.305034842871942,-2.504136144721061,-3.756661684914195,1.0,1.0,0,4,0,0,16,1,0,False,outage
2021-12-10,2021,INV 01.08.059,INV 01.08,7.748290988588438,7.748290988588438,0.567525,2.1160357354498722,-4.528274612699655,-7.598912112585531,-4.282046301237268,-7.1017714955147735,1.0,1.0,0,1,0,0,16,0,0,False,outage
2023-07-19,2023,INV 01.01.002,INV 01.01,163.52668132925956,163.52668132925956,79.58317,2.05940739099986,-5.062920819335619,-15.70711971739012,-6.665631467112815,-20.343986639381264,1.0,1.0,0,2,0,0,138,61,2,False,outage
2021-12-10,2021,INV 01.08.052,INV 01.08,7.646413779221919,7.646413779221919,0.821825,2.038061130288667,-4.144185270459659,-6.391726766333567,-5.291325562189825,-7.750851904520788,1.0,1.0,0,2,0,0,16,2,0,False,outage
2019-01-10,2019,INV 01.07.049,INV 01.07,1.9505070125311543,2.0561334950787575,0.0,1.9505070125311543,-2.376599177198724,-4.168872524649613,-2.657570657432483,-4.667079188748928,1.0541533467293371,0.9787170893194432,4,1,0,0,0,11,9,False,outage
2019-02-04,2019,INV 01.02.011,INV 01.02,1.8578377963802728,0.9484775650961877,0.003041667,1.8782760811948507,-3.126931610392206,-5.248824911145877,-1.51627015117591,-2.527116707037435,0.5105276504462114,0.5091079099449392,0,1,3,7,0,0,0,False,outage
2019-02-05,2019,INV 01.07.051,INV 01.07,1.8627944331919655,1.8627944331919655,0.007616667,1.855177766425461,-5.388340477042777,-6.8756933902586015,-4.3932783539349085,-5.406077169733421,1.0,1.0,0,4,0,5,0,0,0,False,outage
2019-02-04,2019,INV 01.04.025,INV 01.04,1.7611907011625805,0.8805953505812902,0.0,1.7611907011625805,-2.1057069284155987,-4.129894306426146,-0.9572584196050418,-1.767886515817858,0.5,0.48725811897414645,0,1,2,6,0,0,0,False,outage
2019-06-30,2019,INV 01.04.025,INV 01.04,190.75703198455102,190.27153583292326,191.88763,1.7039828448401715,0.054943569079547755,-9.046091453024076,0.08053755800309075,-8.464832125887774,0.9974548977483195,1.0012981770973235,1,1,0,0,0,1,1,False,outage
2019-06-02,2019,INV 01.08.059,INV 01.08,109.06130678930876,117.8024640552743,114.32793,1.686901067673842,0.4769640053584819,-9.960366835507394,-0.2517822724850634,-10.674022770416743,1.080149023730774,1.073825078641038,1,1,0,0,0,1,1,False,outage
2019-02-04,2019,INV 01.08.054,INV 01.08,1.7009818452346486,1.7009818452346486,0.02465,1.6763318451988858,-5.727475263904093,-7.759999638014414,-9.861752718624071,-11.792832543470475,1.0,1.0,0,1,0,4,0,0,0,False,outage
2021-12-10,2021,INV 01.07.047,INV 01.07,8.02869412396274,8.02869412396274,0.212475,1.6645932537681452,-2.5537812861187454,-3.928166132657035,-3.0369478509191863,-4.4445451304817,1.0,1.0,0,2,0,0,16,1,1,False,outage
2019-02-04,2019,INV 01.08.059,INV 01.08,1.6136150186707345,1.6136150186707345,0.0062083337,1.6074066851346833,-8.049539606129434,-8.860561292790488,-9.575135851258857,-10.539867153678117,1.0,1.0,0,4,0,4,0,0,0,False,outage
2025-08-14,2025,INV 01.06.041,INV 01.06,130.9556523393545,130.9556523393545,15.448359,1.5893988419113905,-9.742462349548305,-14.21375755561929,-13.268053148250898,-20.738200237044204,1.0,1.0,0,1,0,0,92,3,1,False,outage
2025-08-14,2025,INV 01.01.001,INV 01.01,131.5231526124344,131.5231526124344,107.876656,1.5876140588646428,-2.1681372142678783,-15.56318548035933,-2.865880430607884,-19.324362817575416,1.0,1.0,0,1,0,0,92,3,1,False,outage
2025-08-14,2025,INV 01.01.006,INV 01.01,130.6189724848115,130.6189724848115,108.985504,1.5828405202875555,-1.8187008943022063,-14.865560588338425,-2.389674762378625,-18.001538773651628,1.0,1.0,0,1,0,0,92,3,1,False,outage
2025-08-14,2025,INV 01.02.008,INV 01.02,130.7011753915593,130.7011753915593,109.7566,1.5827263981644437,-1.7941144396962165,-14.585877523217308,-2.324289677577833,-17.732321324023076,1.0,1.0,0,1,0,0,92,3,1,False,outage
2025-08-14,2025,INV 01.02.009,INV 01.02,130.7011753915593,130.7011753915593,102.16517,1.5827263981644437,-2.378437644215548,-14.546264220828439,-3.128833706794319,-19.090377822064102,1.0,1.0,0,1,0,0,92,7,1,False,outage
2025-08-14,2025,INV 01.06.036,INV 01.06,130.33630436692502,130.33630436692502,1.0710584,1.579259831423514,-11.7243440283952,-14.96577295881194,-16.509463770438625,-22.602216223358152,1.0,1.0,0,1,0,0,92,92,1,False,outage
2025-08-14,2025,INV 01.02.010,INV 01.02,130.40949308867363,130.40949308867363,108.234215,1.5784663046010134,-1.8422527468262702,-13.7450879218636,-2.293410105895733,-16.50254848579927,1.0,1.0,0,1,0,0,92,4,1,False,outage
2025-08-14,2025,INV 01.06.037,INV 01.06,130.27400936501468,130.27400936501468,0.0,1.5764235541298703,-11.694445731758831,-14.699733746073644,-15.785734009468253,-21.72401344801856,1.0,1.0,0,1,0,0,92,4,0,False,outage
2025-08-14,2025,INV 01.03.021,INV 01.03,130.57170682056008,130.57170682056008,110.90511,1.5752721680499868,-2.0109198969912687,-16.15775099142065,-2.0741915944239295,-15.810608097026137,1.0,1.0,0,1,0,0,92,4,1,False,outage
2025-08-14,2025,INV 01.06.038,INV 01.06,130.1099761102284,130.1099761102284,107.296906,1.5751649778398353,-2.1244911568777542,-14.567652956482034,-2.7544184082020604,-18.353288434198888,1.0,1.0,0,1,0,0,92,3,1,False,outage
2025-08-14,2025,INV 01.01.002,INV 01.01,130.32918508880687,130.32918508880687,103.410675,1.5746760868845018,-2.4499560294959406,-15.659964305096965,-3.2042858779496735,-18.905092542982967,1.0,1.0,0,1,0,0,92,2,0,False,outage
2025-08-14,2025,INV 01.01.003,INV 01.01,130.32918508880687,130.32918508880687,108.57767,1.5746760868845018,-1.9061287010797034,-14.355939963073714,-2.390653603204914,-17.35288404492844,1.0,1.0,0,1,0,0,92,3,1,False,outage
2025-08-14,2025,INV 01.01.005,INV 01.01,130.13573576172058,130.13573576172058,107.28542,1.5729245512423695,-2.0338881673901112,-15.269359521503494,-2.4337751764095423,-16.09093327789459,1.0,1.0,0,1,0,0,92,4,1,False,outage
2025-08-14,2025,INV 01.06.042,INV 01.06,129.7550757635522,129.7550757635522,107.60748,1.5712912078476196,-2.0724733703971543,-15.662363283681996,-2.5955819999551237,-18.763430643823114,1.0,1.0,0,1,0,0,92,3,1,False,outage
2025-08-14,2025,INV 01.06.040,INV 01.06,132.99960830947825,132.99960830947825,111.99435,1.5645035131666467,-1.9497477778409686,-14.973471185504572,-2.654741970825819,-19.047982510822738,1.0,1.0,0,1,0,0,92,3,1,False,outage
2025-08-14,2025,INV 01.04.026,INV 01.04,125.71781019606264,125.71781019606264,108.197174,1.5594873971567447,-1.5445718518124312,-14.299173135671696,-1.5677164697738482,-12.880388461360718,1.0,1.0,0,1,0,0,92,3,1,False,outage
2025-08-14,2025,INV 01.01.007,INV 01.01,129.46224865441786,129.46224865441786,106.60204,1.5574783370111538,-1.9860033346440529,-13.793746648382273,-2.233135086457507,-13.225770916497208,1.0,1.0,0,1,0,0,92,3,1,False,outage
2025-08-14,2025,INV 01.02.011,INV 01.02,129.18456785031165,129.18456785031165,92.037766,1.5573784946682685,-2.6066655122445486,-12.751785168053594,-3.079206566576295,-16.19688505567039,1.0,1.0,0,1,0,0,92,11,0,False,outage
2025-08-14,2025,INV 01.06.043,INV 01.06,128.63811782015085,128.63811782015085,106.91925,1.5571974357777647,-1.6015369373067372,-8.081816393449882,-1.8405804025774486,-7.754692863353292,1.0,1.0,0,1,0,0,92,3,1,False,outage
2025-08-14,2025,INV 01.03.016,INV 01.03,128.24583520863092,128.24583520863092,105.54579,1.556347853887612,-2.403184979789912,-17.323400691463448,-2.6006188081655615,-17.727141956655398,1.0,1.0,0,1,0,0,92,2,0,False,outage
2025-08-14,2025,INV 01.06.039,INV 01.06,128.47258397563894,128.47258397563894,17.078684,1.5544284389701493,-8.397374365191148,-13.286841892849367,-10.414512873289832,-17.710132448480916,1.0,1.0,0,1,0,0,92,3,1,False,outage
2025-08-14,2025,INV 01.03.017,INV 01.03,128.17874547746743,128.17874547746743,104.66105,1.5524242825941612,-2.475204133347779,-16.52706049496583,-2.5886800181174836,-17.311123791025715,1.0,1.0,0,1,0,0,92,3,1,False,outage
2025-08-14,2025,INV 01.03.019,INV 01.03,128.26866372807328,128.26866372807328,105.08998,1.5521921419724531,-2.3757243234903744,-16.031976889066648,-2.5923642996561362,-17.115727707841362,1.0,1.0,0,1,0,0,92,4,1,False,outage
2025-08-14,2025,INV 01.04.028,INV 01.04,127.47311855995343,127.47311855995343,115.35417,1.5499356586391544,-1.162671481589558,-15.421248590609348,-1.214913423085489,-15.498868898123261,1.0,1.0,0,1,0,0,92,3,1,False,outage
2025-08-14,2025,INV 01.03.020,INV 01.03,127.5191613437692,127.5191613437692,96.66852,1.538929623130596,-3.1815832641629465,-17.753187669671792,-3.050293118589608,-17.242883631933722,1.0,1.0,0,1,0,0,92,6,1,False,outage
2025-08-14,2025,INV 01.07.044,INV 01.07,126.09600949882233,126.09600949882233,89.53048,1.5377550068939014,-3.2380641956218112,-14.388171194808228,-4.322404133097383,-17.89572067239427,1.0,1.0,0,1,0,0,92,4,1,False,outage
2025-08-14,2025,INV 01.08.054,INV 01.08,126.47900719209701,126.47900719209701,112.41273,1.5373042783884758,-1.2881125958097008,-15.080034729276274,-1.685417628029032,-18.383862692980845,1.0,1.0,0,1,0,0,92,4,1,False,outage
2025-08-14,2025,INV 01.08.055,INV 01.08,126.47900719209701,126.47900719209701,81.87921,1.5373042783884758,-3.7193766877855308,-14.920112575596855,-4.945826463829332,-18.397766565303854,1.0,1.0,0,1,0,0,92,17,1,False,outage
2025-08-14,2025,INV 01.07.045,INV 01.07,126.01601414259422,126.01601414259422,110.35398,1.5368948417731692,-1.4121708962520978,-14.4956790943458,-1.8284767830511255,-17.772186367302172,1.0,1.0,0,1,0,0,92,4,1,False,outage
2025-08-14,2025,INV 01.04.022,INV 01.04,126.36746462259696,126.36746462259696,114.64115,1.5307408847095119,-1.1946971189356899,-15.235172768090424,-1.3002528327436533,-16.093052478771664,1.0,1.0,0,1,0,0,92,3,1,False,outage
2025-08-14,2025,INV 01.08.056,INV 01.08,125.97037303635578,125.97037303635578,109.685135,1.527690248099911,-1.461697799785138,-14.374914706142103,-1.8229076900050205,-17.49951170154383,1.0,1.0,0,1,0,0,92,4,1,False,outage
2025-08-14,2025,INV 01.03.018,INV 01.03,126.70966310387975,126.70966310387975,103.36787,1.5262866893516762,-1.8681059599732244,-10.198296578972467,-1.8115919446296262,-11.178451834528426,1.0,1.0,0,1,0,0,92,4,1,False,outage
2025-08-14,2025,INV 01.08.058,INV 01.08,125.02491622208447,125.02491622208447,101.80295,1.518788611555089,-2.1315887578949577,-15.142042580647647,-2.722236815582336,-18.398839154230835,1.0,1.0,0,1,0,0,92,3,1,False,outage
2025-08-14,2025,INV 01.05.029,INV 01.05,125.82214003482248,125.82214003482248,99.402756,1.5183043186669267,-2.5671216945569033,-16.40564865193454,-2.6045715346472202,-16.3198083653142,1.0,1.0,0,1,0,0,92,10,1,False,outage
2025-08-14,2025,INV 01.04.024,INV 01.04,125.61434359084596,125.61434359084596,111.14664,1.5179360101456538,-1.4191808669736874,-14.850480818815255,-1.4971538869206724,-15.694674870757478,1.0,1.0,0,1,0,0,92,3,1,False,outage
2025-08-14,2025,INV 01.08.052,INV 01.08,120.84035028608727,120.84035028608727,111.72758,1.5058935642205897,-0.8708109570707512,-13.83948370266485,-1.0072202849761371,-15.439116650074638,1.0,1.0,0,1,0,0,92,3,1,False,outage
2025-08-14,2025,INV 01.04.025,INV 01.04,124.19357755465117,124.19357755465117,92.30408,1.5017443214674304,-2.510662608037047,-11.751857874402956,-2.4931407713910203,-11.635590687346827,1.0,1.0,0,1,0,0,92,11,1,False,outage
2025-08-14,2025,INV 01.08.057,INV 01.08,123.94505870913144,123.94505870913144,0.0,1.501121119570468,-10.097047188343028,-12.72281023425073,-11.695004777015766,-15.942895457724127,1.0,1.0,0,1,0,0,92,93,1,False,outage
2025-08-14,2025,INV 01.08.053,INV 01.08,123.37219322953463,123.37219322953463,0.0,1.4990054553469983,-11.5635478841375,-15.361347418208624,-15.170561483897828,-18.748137203843648,1.0,1.0,0,1,0,0,92,92,0,False,outage
2025-08-14,2025,INV 01.01.004,INV 01.01,126.85408877134391,126.85408877134391,101.68302,1.4833996392140998,-1.8025412890336685,-6.765150620469354,-2.131246337133259,-6.676876770979659,1.0,1.0,0,1,0,0,92,3,1,False,outage
2019-02-04,2019,INV 01.09.064,INV 01.09,1.4480333930930107,1.4480333930930107,0.016716667,1.4313167265733688,-6.123071978640957,-6.966746369633189,-10.552511579190632,-10.991812018309137,1.0,1.0,0,1,0,3,0,0,0,False,outage
2024-03-13,2024,INV 01.09.062,INV 01.09,99.89959450074076,99.89959450074076,0.0,1.4026187921733775,-4.3698779422753065,-10.41077360167472,-10.6865773338309,-20.10335556193083,1.0,1.0,0,1,0,0,100,101,1,False,outage
2019-02-04,2019,INV 01.06.039,INV 01.06,1.327754888220155,0.6638774441100775,0.0,1.327754888220155,-3.086946553517628,-4.744315254755224,-1.3016037593337206,-1.9360765818993069,0.5,0.4986095361338105,0,1,2,3,0,1,0,False,outage
2019-02-04,2019,INV 01.07.051,INV 01.07,1.2378848797705604,1.2378848797705604,0.0021583335,1.2357265463783675,-4.662739515923889,-6.761002193565267,-4.046826289318463,-5.315900161420094,1.0,1.0,0,2,0,3,0,0,0,False,outage
2021-10-26,2021,INV 01.03.016,INV 01.03,16.970868820186897,16.970868820186897,0.0,1.2212857040421332,-5.384672135316156,-8.848552607673948,-8.482700535889704,-13.739662708633535,1.0,1.0,0,1,0,0,42,0,0,False,outage
2019-02-04,2019,INV 01.08.052,INV 01.08,1.2065290372265547,1.2065290372265547,0.0042000003,1.2023290371434807,-8.150614300475217,-8.430054305902713,-10.636638705388144,-11.001310896708825,1.0,1.0,0,3,0,3,0,0,0,False,outage
2019-02-05,2019,INV 01.07.047,INV 01.07,1.0473792630364334,1.0473792630364334,0.0,1.0473792630364334,-5.168107872816249,-7.815332313494132,-5.309467538970873,-7.586006651379101,1.0,1.0,0,2,0,2,0,0,0,False,outage
2023-08-18,2023,INV 01.05.030,INV 01.05,14.322061924861723,14.322061924861723,21.744059,0.9728247770508353,0.7194160129128809,-20.732166618500376,1.118284981176419,-20.732166618500376,1.0,1.0,0,2,0,0,59,0,0,False,outage
2019-02-04,2019,INV 01.01.004,INV 01.01,0.9368156048217239,0.5237841084938314,0.0,0.9543359044997906,-1.4650913613793464,-3.5284090595993227,-0.781301113353234,-1.9453842095896074,0.5591112122790776,0.5575563644033665,0,1,2,5,0,0,0,False,outage
2021-08-05,2021,INV 01.01.007,INV 01.01,60.91393900962184,56.623538915718974,63.59391,0.6079585136696892,0.6387554425060373,-8.659766113147791,1.3117355938557151,-9.916738072940811,0.9295662016993325,0.9728157661348371,1,1,0,0,127,5,0,False,outage
2021-07-31,2021,INV 01.03.016,INV 01.03,175.48172553169823,175.48172553169823,0.0,0.5763458833240609,-13.542067566859066,-19.40159872544198,-14.705865517683254,-19.261228073371207,1.0,1.0,0,1,0,0,133,0,0,False,outage
