year,inverter_id,inverter_group,days_observed,median_factor,median_relative_factor,min_factor,min_relative_factor,fast_degradation_days,slow_degradation_days,lost_kwh
2019,INV 01.01.001,INV 01.01,336,0.979818110840263,0.9936108235958934,0.9667954409100621,0.9364358135625099,137,0,1078.7758351075217
2019,INV 01.01.002,INV 01.01,336,0.9731794895932568,0.9881123459225389,0.959243009513523,0.937533214281457,135,0,1275.8440013290349
2019,INV 01.01.003,INV 01.01,336,0.9870055831329775,1.0031518999966031,0.5,0.45454545454545453,122,1,1219.5653266212998
2019,INV 01.01.004,INV 01.01,336,1.0028074180219586,1.0221737353678604,0.5,0.4835767025015318,149,1,1280.263821656377
2019,INV 01.01.005,INV 01.01,336,0.9826387301621682,1.0005873381942314,0.7039544376539609,0.6894126008377035,123,2,1253.6090762763788
2019,INV 01.01.006,INV 01.01,336,0.9936707132471008,1.0046803784806446,0.9744720465007809,0.992237190772113,161,0,901.0954633553569
2019,INV 01.01.007,INV 01.01,336,0.9571098976207284,0.9814865165697817,0.5815848628627909,0.5691052212647448,153,4,1671.7704165979794
2019,INV 01.02.008,INV 01.02,336,0.9985517271161294,1.0103889993248456,0.9802189166939326,0.9956146093786961,162,0,844.7565667503316
2019,INV 01.02.009,INV 01.02,336,0.9960563550538375,1.0075353430771505,0.977292212008543,0.9904095921203254,161,0,972.7955555641117
2019,INV 01.02.010,INV 01.02,336,0.9823268031297013,0.9987232942787403,0.5,0.45454545454545453,146,1,1370.687839232238
2019,INV 01.02.011,INV 01.02,336,0.9621931247801524,0.9838368615746785,0.5,0.4835767025015318,148,7,1772.4602768722343
2019,INV 01.02.012,INV 01.02,336,0.9867824453054824,0.9991179045414962,0.9666199561849332,0.9681970955508371,171,0,1090.387616310617
2019,INV 01.02.013,INV 01.02,336,0.974522002682833,0.9958248058724802,0.5355252261002815,0.48684111463661955,117,1,1504.317346207074
2019,INV 01.02.014,INV 01.02,336,0.9721380795285404,0.9918001187308357,0.6814419011638833,0.6673651138088521,126,5,1536.0375341047695
2019,INV 01.03.015,INV 01.03,213,1.0,1.0070957015162432,0.9844749415764668,0.9479327452828055,97,0,565.8609950625134
2019,INV 01.03.016,INV 01.03,213,0.9885315963443382,1.0,0.9735094232274242,0.9889157075975978,96,0,713.9819391722411
2019,INV 01.03.017,INV 01.03,208,0.9779212251737404,0.9913322589460888,0.5,0.47619047619047616,79,0,2270.6405410407074
2019,INV 01.03.018,INV 01.03,212,0.949935383546888,0.961611786726527,0.5,0.5023577867484808,82,9,1142.3216653455927
2019,INV 01.03.019,INV 01.03,213,1.0,1.0070234928311215,0.979349836045317,1.0,97,0,609.9492255612793
2019,INV 01.03.020,INV 01.03,213,0.9783886541076157,0.9941466463365091,0.6371005553108655,0.6371005553108655,95,4,973.0421141067287
2019,INV 01.03.021,INV 01.03,213,0.9911076292444183,1.0,0.8620533931446541,0.844245650058627,81,1,660.8664800681884
2019,INV 01.04.022,INV 01.04,210,1.0104220125634988,1.0047707231329426,0.9942940516593731,0.9479327452828055,89,0,453.84176964717034
2019,INV 01.04.023,INV 01.04,213,1.0019349114123837,1.0,0.992458402529366,0.9479327452828055,86,0,552.5647639156898
2019,INV 01.04.024,INV 01.04,213,1.0,0.9994022485970122,0.9497447160292461,0.9124456026067049,74,0,696.0096716321735
2019,INV 01.04.025,INV 01.04,212,0.9825362004154949,0.981669932760613,0.5,0.4627589161788276,84,9,952.870125674863
2019,INV 01.04.026,INV 01.04,208,0.9904675113653807,1.0,0.7335642710279443,0.6668766100254039,91,0,3303.3485079512116
2019,INV 01.04.027,INV 01.04,213,1.0010597522911704,1.0023041894647435,0.829078318952064,0.9450876274359458,82,0,646.9926980399588
2019,INV 01.04.028,INV 01.04,213,0.9968112554110625,0.9928925250786932,0.9041331719620957,0.9867205634015436,80,0,687.0457638601074
2019,INV 01.05.029,INV 01.05,213,1.002177138233071,1.0042769194032268,0.9017927693569134,0.878962379018507,82,0,2191.4405577963526
2019,INV 01.05.030,INV 01.05,213,1.1,1.097556876994268,1.0,0.9553317529393088,0,0,41.03318901121424
2019,INV 01.05.031,INV 01.05,211,1.0,1.0,0.8454093967043406,0.8297913508096375,75,3,702.9494630654463
2019,INV 01.05.032,INV 01.05,213,0.9949501234350319,0.9924872371830085,0.947544382563796,0.947544382563796,79,0,558.2620944262918
2019,INV 01.05.033,INV 01.05,207,1.0,1.0000248914904422,0.9855180137727781,0.9582085999813146,61,0,2588.8750452919835
2019,INV 01.05.034,INV 01.05,213,1.012920917030482,1.0038339161318308,0.999067665753238,0.9479327452828055,105,0,470.4654208598153
2019,INV 01.05.035,INV 01.05,213,1.0,0.9971612989808226,0.7830087493839556,0.7898980582194769,90,6,828.9267007888149
2019,INV 01.06.036,INV 01.06,344,1.0129739717308655,1.026964343334744,0.9944066364672104,1.0,167,0,592.7649342261271
2019,INV 01.06.037,INV 01.06,344,0.9880665527084218,1.0014991209215895,0.9702342246592492,0.9934422280830453,163,0,993.3586135929949
2019,INV 01.06.038,INV 01.06,343,0.9759211480767238,0.992189285836276,0.5222592404617346,0.4747811276924859,135,1,1388.9334713711146
2019,INV 01.06.039,INV 01.06,344,0.9646552021829211,0.9864337399584997,0.5,0.4832853163771255,173,11,1996.6199440561188
2019,INV 01.06.040,INV 01.06,344,1.0021720525927753,1.013794654042029,0.9833428208335817,0.9968515505962091,165,0,764.0839456400306
2019,INV 01.06.041,INV 01.06,344,1.0116418874449766,1.026182348645756,0.9961781184596401,1.0,169,0,682.3222204973281
2019,INV 01.06.042,INV 01.06,344,0.9814238775168866,0.9992586433906125,0.5,0.45454545454545453,136,1,1356.6980731545827
2019,INV 01.06.043,INV 01.06,343,0.9652558280706313,0.9879850458780619,0.5,0.4832853163771255,173,7,1595.8864412278042
2019,INV 01.07.044,INV 01.07,344,1.0,0.9994019755986308,0.976829059301737,0.9920085233745478,171,0,819.8830075379344
2019,INV 01.07.045,INV 01.07,344,1.0,1.0001610395307132,0.9766671903591106,0.9942263592125566,173,0,874.8818570749795
2019,INV 01.07.046,INV 01.07,344,0.9783284072961779,0.9859241255396887,0.5,0.4743142935999986,191,1,1607.7732086107462
2019,INV 01.07.047,INV 01.07,344,0.9257232827652424,0.9332430355568411,0.5,0.45454545454545453,161,29,5232.91217029454
2019,INV 01.07.048,INV 01.07,344,1.0055528639698486,1.0048421303064337,0.9850779426161524,0.9979838886453333,165,0,779.3403776594137
2019,INV 01.07.049,INV 01.07,343,1.00582295897436,1.0082241474327542,0.9854391284443769,0.9694612530754256,137,0,880.2909602546966
2019,INV 01.07.050,INV 01.07,344,0.9961654944824574,1.0029672146615656,0.6462711385452172,0.7869784010173037,127,0,1141.310856356842
2019,INV 01.07.051,INV 01.07,344,0.9946607547367882,1.0,0.5,0.45454545454545453,167,25,3892.2466326997996
2019,INV 01.08.052,INV 01.08,342,1.005447192446396,1.002383862447557,0.7075963462086038,0.849181278267291,158,9,1458.8481964697678
2019,INV 01.08.053,INV 01.08,342,0.9907182345104684,1.004256341525633,0.7952228317982059,0.7678489092158668,110,1,1105.2744447152172
2019,INV 01.08.054,INV 01.08,342,1.0039430933149696,1.0100739558036191,0.9901778928574422,1.0,192,0,611.723592306705
2019,INV 01.08.055,INV 01.08,342,1.0,1.0,0.9824672096177857,0.9895401117287991,195,0,882.7677196872875
2019,INV 01.08.056,INV 01.08,342,0.9858188098875968,0.9894614318239519,0.5,0.4545454545454545,127,0,1328.9432402057716
2019,INV 01.08.057,INV 01.08,340,0.9661285589856898,0.97647538541798,0.5,0.4876585530511107,120,5,1601.5798145606655
2019,INV 01.08.058,INV 01.08,342,0.9917254349936158,1.0005469451414168,0.892414171612742,0.8366095525386512,122,0,968.6894999603572
2019,INV 01.08.059,INV 01.08,342,1.054855398003525,1.0539777657554863,0.8488140465453801,0.7841264205457744,157,2,1022.8317972460691
2019,INV 01.09.060,INV 01.09,342,1.020110246535907,1.0068244456901339,0.9974406846182764,1.0,211,0,586.8813200836485
2019,INV 01.09.061,INV 01.09,281,1.0142154777694639,1.0020523164168404,0.993732321918087,0.9978288397980883,145,0,497.6806205915723
2019,INV 01.09.062,INV 01.09,326,0.9974133960665809,0.9895290945617312,0.5381096662410999,0.5124853964200952,213,1,1085.535098434454
2019,INV 01.09.063,INV 01.09,327,0.9880911506696275,0.9830566629585179,0.5,0.47976728188638174,124,4,1384.3889767908358
2019,INV 01.09.064,INV 01.09,327,1.0089374902910695,1.0,0.9914731099513613,0.9880273276147643,200,0,689.8174814203649
2019,INV 01.09.065,INV 01.09,327,0.9980592562804702,0.9926047506320613,0.7200765439591004,0.6929412867516026,122,1,1113.9705296961006
2020,INV 01.01.001,INV 01.01,343,0.9857568884700458,1.0,0.9659744800818111,0.9540150466373318,180,0,981.5146970400685
2020,INV 01.01.002,INV 01.01,343,0.978291776825825,0.9909307003884495,0.9539365125987287,0.9667159030955829,184,0,1197.16452667844
2020,INV 01.01.003,INV 01.01,343,0.9852584333322858,1.004384771660389,0.5,0.45454545454545453,171,2,1428.2807001916385
2020,INV 01.01.004,INV 01.01,342,1.0,1.0281104374636598,0.8154828252640438,0.7579735933642943,170,1,1129.800172420785
2020,INV 01.01.005,INV 01.01,343,0.987956082453588,1.0058483866655628,0.9031197965410607,0.8236673273280474,153,0,1025.2651338756457
2020,INV 01.01.006,INV 01.01,343,1.0011965361940993,1.0097589087021028,0.9718163446026609,0.9981426867192784,184,0,855.4458041175529
2020,INV 01.01.007,INV 01.01,343,0.9602281421121697,0.977828139659331,0.5545274030823577,0.5129451458090901,188,1,1572.3942099329984
2020,INV 01.02.008,INV 01.02,343,1.00566150669407,1.0124152078177644,0.9755917331599513,1.0,183,0,826.9811393834046
2020,INV 01.02.009,INV 01.02,343,0.998477918431297,1.008536350484764,0.9697142736709328,1.0,186,0,916.7408865541047
2020,INV 01.02.010,INV 01.02,342,0.9808481239300705,0.9978529281056897,0.5,0.45454545454545453,174,2,1583.6136602506954
2020,INV 01.02.011,INV 01.02,343,0.9586145506205433,0.9816194249689179,0.7497425289245644,0.7565353642733186,194,3,1636.3688007595717
2020,INV 01.02.012,INV 01.02,343,0.9856373399647482,0.9977616352371371,0.9552850314724048,0.9679571031788677,201,0,1137.428402990846
2020,INV 01.02.013,INV 01.02,343,0.9747225008059952,0.9937903063732656,0.5,0.4545454545454545,183,6,1625.750273501601
2020,INV 01.02.014,INV 01.02,343,0.9742511114227305,0.9907695939072851,0.9225652528370174,0.8754620284680623,124,0,1365.856202706084
2020,INV 01.03.015,INV 01.03,332,1.0023777038054464,1.014262106121481,0.9691690581967605,1.0,224,0,812.4017353508016
2020,INV 01.03.016,INV 01.03,332,0.9904870369587065,1.0,0.9559166534057112,0.9952704396871433,234,0,1033.2238254750193
2020,INV 01.03.017,INV 01.03,334,0.9757359512895443,0.9977581122516925,0.5,0.4545454545454545,145,1,1567.1788828244223
2020,INV 01.03.018,INV 01.03,332,0.9405917761463387,0.9701558222568776,0.790926248228821,0.7838995197125299,132,2,1939.0410559120717
2020,INV 01.03.019,INV 01.03,332,1.0039264713795242,1.016069072571681,0.9741572988438711,1.0,223,0,806.8325097034439
2020,INV 01.03.020,INV 01.03,332,0.9579392951698413,0.985280046759289,0.5,0.5,133,2,1516.7934859017655
2020,INV 01.03.021,INV 01.03,332,0.9928174277678281,1.0085736917578492,0.9483191393145669,0.8621083084677881,215,0,950.5780076924989
2020,INV 01.04.022,INV 01.04,332,1.0314735540136915,1.0136883004483574,0.9971195558031752,1.0,217,0,558.3578346551786
2020,INV 01.04.023,INV 01.04,332,1.0210916297309018,1.0014775687260526,0.9840336804184076,0.9962921958880843,221,0,686.6903259046085
2020,INV 01.04.024,INV 01.04,330,1.00157607096731,0.9978209182518494,0.5,0.45454545454545453,142,0,1153.6432439347816
2020,INV 01.04.025,INV 01.04,332,0.9827107217258303,0.9761823578735007,0.8408637986768034,0.7896470993806305,100,1,1388.3119659942536
2020,INV 01.04.026,INV 01.04,334,0.9709435290535757,1.0,0.7108950620068939,0.6526205094524321,95,1,1772.8183782154804
2020,INV 01.04.027,INV 01.04,332,1.0154352427607014,1.0029192137781375,0.9069542123711868,0.9405281670603244,275,0,801.0449114458938
2020,INV 01.04.028,INV 01.04,332,1.0090411956717271,0.9933111966645144,0.9571021511227092,0.9090909090909091,226,0,824.357151340863
2020,INV 01.05.029,INV 01.05,332,1.0176583426084251,1.0233118834918213,0.9485349802659792,0.8640580033615782,232,0,730.9523190419894
2020,INV 01.05.030,INV 01.05,332,1.1,1.0747731554144504,1.1,1.0,0,0,12.706838553450655
2020,INV 01.05.031,INV 01.05,329,0.9956529888617625,1.0003479195449494,0.9138921193304477,0.8308110175731341,253,0,1020.7814850051809
2020,INV 01.05.032,INV 01.05,332,1.0129443187820433,0.996393539181401,0.9687021886187159,0.9646574422194627,234,0,683.3307633525152
2020,INV 01.05.033,INV 01.05,334,1.002404362706847,1.0072380085038464,0.9783478944446018,0.9082836316581449,222,0,864.489453856087
2020,INV 01.05.034,INV 01.05,332,1.0427375233906615,1.013216245671684,1.0067222302910457,1.0,204,0,584.3901078415414
2020,INV 01.05.035,INV 01.05,332,0.9971294471641211,0.9939676790542912,0.8526901850431287,0.7751728954937533,125,0,1052.7757322685204
2020,INV 01.06.036,INV 01.06,348,1.023153219664828,1.0253337431534364,0.9881512819576602,1.0,188,0,793.0036876186175
2020,INV 01.06.037,INV 01.06,348,0.994553713920385,1.0,0.9614405231652364,0.9893190583173112,190,0,1066.4753078434155
2020,INV 01.06.038,INV 01.06,348,0.9744162988759053,0.9881729826097744,0.5,0.45454545454545453,205,1,1609.2969394027093
2020,INV 01.06.039,INV 01.06,348,0.9588022758408692,0.9813719030542029,0.7433280332940795,0.7429738510817754,193,2,1688.295695207044
2020,INV 01.06.040,INV 01.06,348,1.0144746513197982,1.0190221757886233,0.9832692003742468,1.0,181,0,694.3894764534422
2020,INV 01.06.041,INV 01.06,348,1.0261343399171308,1.0235889255728627,0.982579487044885,1.0,188,0,711.8267697906892
2020,INV 01.06.042,INV 01.06,348,0.9783311761347124,0.9944230695956213,0.5,0.4545454545454545,222,2,1550.9559858105574
2020,INV 01.06.043,INV 01.06,348,0.9596127099077647,0.9820427156207125,0.7598378437042063,0.7646814164118646,199,2,1517.0400819087297
2020,INV 01.07.044,INV 01.07,348,1.0263793184774563,1.0068596767855724,0.9889804210786773,0.9979596337779215,172,0,611.2719370131668
2020,INV 01.07.045,INV 01.07,346,1.0014838252582394,1.0,0.8449283096799215,0.846114694832388,242,0,1004.434680173276
2020,INV 01.07.046,INV 01.07,348,0.9829508520956365,0.9791979409074953,0.5,0.4545454545454545,179,3,1637.2807685629602
2020,INV 01.07.047,INV 01.07,348,0.7344857797190024,0.7414608384106587,0.5,0.4545454545454545,209,154,7628.93140503295
2020,INV 01.07.048,INV 01.07,348,1.0228772197839124,1.0068751852383024,0.9905658438542492,0.9993079831984608,179,0,685.920385473981
2020,INV 01.07.049,INV 01.07,342,1.0105073664014523,1.0043531547914806,0.9870831828025655,0.9906375750936574,160,0,797.5278798917776
2020,INV 01.07.050,INV 01.07,348,1.0000463655862966,1.0006046148738756,0.5324512745554406,0.7039027532990327,249,1,1132.3032262595416
2020,INV 01.07.051,INV 01.07,348,0.9807722004980916,0.9830535245314522,0.5,0.4545454545454545,187,23,3210.976875938459
2020,INV 01.08.052,INV 01.08,347,1.0039854237796033,1.0049183560355561,0.6958462111808571,0.9295465706086127,189,5,1290.531508769194
2020,INV 01.08.053,INV 01.08,347,0.9970840597204695,1.0,0.8736451555658542,0.794222868696231,184,0,977.4342921631372
2020,INV 01.08.054,INV 01.08,347,1.0362964708364824,1.0079878840444332,0.99795529215817,1.0,176,0,525.1522319216367
2020,INV 01.08.055,INV 01.08,347,1.0236717861142626,0.9999161566792911,0.9881591764183428,0.9923170533500104,175,0,692.7965640549908
2020,INV 01.08.056,INV 01.08,347,0.814081740626601,0.8062063913384934,0.5,0.45454545454545453,241,81,3699.249879972876
2020,INV 01.08.057,INV 01.08,347,0.9765344465307597,0.97523392437111,0.782035805507726,0.8181648200452197,179,0,1331.6997276914287
2020,INV 01.08.058,INV 01.08,347,1.0152361853744698,1.0002683149518887,0.9589178902313563,0.8717435365739603,167,0,746.1813512976981
2020,INV 01.08.059,INV 01.08,347,1.0502738647441228,1.0490966654362215,0.8143184883052347,0.7402895348229407,185,0,802.0399216037122
2020,INV 01.09.060,INV 01.09,345,1.027302311423913,1.0087251615753803,0.992831661328587,0.9979252783784566,186,0,619.0223890701327
2020,INV 01.09.061,INV 01.09,347,1.0235512664145634,1.0050649873717077,0.9877561429673565,0.9993251214683938,188,0,683.5328375934683
2020,INV 01.09.062,INV 01.09,347,0.9982537267073673,0.989268291628192,0.5,0.5,136,1,1225.3404055091783
2020,INV 01.09.063,INV 01.09,347,0.9853879014745074,0.9760299700065116,0.8685181822119513,0.8521010024751505,260,0,1259.0827138086495
2020,INV 01.09.064,INV 01.09,347,1.0141603164276245,1.0,0.982119008697884,0.9851418860259681,182,0,745.744183732454
2020,INV 01.09.065,INV 01.09,347,0.9984548488414494,0.9900298985073229,0.5899120628976976,0.5899120628976976,249,1,1128.8833068665695
2021,INV 01.01.001,INV 01.01,276,0.9613853642376204,0.9954341061919255,0.9328289121190135,0.9356638216591502,116,0,1533.9502386851573
2021,INV 01.01.002,INV 01.01,276,0.9531077709007847,0.9860231698481081,0.9275384624027074,0.9090909090909091,115,0,1628.47861959739
2021,INV 01.01.003,INV 01.01,276,0.9688427403624933,1.001541897455906,0.5,0.46250658034018566,130,0,1741.0975809213644
2021,INV 01.01.004,INV 01.01,276,0.9807234095257533,1.0047662410919007,0.562565956594097,0.5454570424125049,125,4,1853.0045547406478
2021,INV 01.01.005,INV 01.01,276,0.9665487807038644,1.0055307513644036,0.817608325061342,0.7847436708598482,95,1,1544.3316310848354
2021,INV 01.01.006,INV 01.01,276,0.9876232467750132,1.0166776476947115,0.9520854193283714,0.9982594363669574,122,0,1499.4527087353517
2021,INV 01.01.007,INV 01.01,275,0.935656873449493,0.9721689397042296,0.5545274030823577,0.5129451458090901,90,4,5344.236867609567
2021,INV 01.02.008,INV 01.02,276,0.9865856947100581,1.0150126460133544,0.9603931662216079,0.9972448112092591,127,0,1229.4657671764458
2021,INV 01.02.009,INV 01.02,276,0.9854955654321853,1.0186461224099879,0.9586417546059585,0.9988206502569044,116,0,1261.128505230812
2021,INV 01.02.010,INV 01.02,276,0.9653897371103908,1.0,0.5,0.46250658034018566,123,0,1572.2300316268
2021,INV 01.02.011,INV 01.02,276,0.9412336855763871,0.9744793811387016,0.5,0.48479385929680724,127,10,2467.643953132269
2021,INV 01.02.012,INV 01.02,267,0.9655427195772134,0.9972267179961531,0.9373750271162539,0.9791251879537162,108,0,3764.1582927155514
2021,INV 01.02.013,INV 01.02,267,0.960299179565178,0.994849862700823,0.5,0.46250658034018566,89,1,1760.842233495385
2021,INV 01.02.014,INV 01.02,267,0.938754126058037,0.9734612054479233,0.7679209201354478,0.7475100626283088,110,1,3961.3705355019333
2021,INV 01.03.015,INV 01.03,279,0.9759710457485087,1.0196651140473174,0.9490837411881403,0.9909674251236376,124,0,1269.2849274513133
2021,INV 01.03.016,INV 01.03,279,0.9598448202121624,1.0,0.9330377448564062,0.9546239960404548,128,0,6756.199940786368
2021,INV 01.03.017,INV 01.03,253,0.9516675924872373,0.9990921454521889,0.5,0.5518341623192119,90,0,1521.2714696475816
2021,INV 01.03.018,INV 01.03,279,0.9064825109310111,0.952526675749479,0.5,0.49417886224669305,149,13,2755.0467941917395
2021,INV 01.03.019,INV 01.03,278,0.9822657856704324,1.027279128769939,0.9492666210788786,1.0,117,0,1203.2811845055517
2021,INV 01.03.020,INV 01.03,279,0.9392722864441314,0.9820425701757662,0.5,0.5518341623192119,129,3,1985.4272408347342
2021,INV 01.03.021,INV 01.03,279,0.9673349556864839,1.0055849021276193,0.8741344812084391,0.8479820822313946,65,0,1418.3922081395185
2021,INV 01.04.022,INV 01.04,279,1.0084424759675719,1.005834367820384,0.9808209274198774,0.9983728332831598,124,0,1131.1054720192994
2021,INV 01.04.023,INV 01.04,279,1.0002837866202172,0.9985791375048176,0.9765701755300281,0.9913892209784653,123,0,1113.4153780869224
2021,INV 01.04.024,INV 01.04,280,0.9999675933137946,1.001492140681911,0.5,0.5,124,0,1224.7773453395935
2021,INV 01.04.025,INV 01.04,279,0.9635801313534862,0.962084886921594,0.5,0.4584005182895531,141,10,2168.9385380581034
2021,INV 01.04.026,INV 01.04,280,0.9629018312934703,1.0,0.6696842026476292,0.6625279943430133,118,1,2082.862645849719
2021,INV 01.04.027,INV 01.04,279,0.9970063933015577,0.9988796201560038,0.8763856697680494,0.9429476174123156,90,0,1265.7850900324966
2021,INV 01.04.028,INV 01.04,279,0.992345208114618,1.0002040298446273,0.9372312590296052,0.9877505144153853,54,0,1143.8999252384826
2021,INV 01.05.029,INV 01.05,279,0.9991511899282421,1.0320648418560217,0.9410285433233934,0.8640956715899898,83,0,1109.2567825306755
2021,INV 01.05.030,INV 01.05,279,1.1,1.095198922363015,1.0,1.0,0,0,139.31255417623015
2021,INV 01.05.031,INV 01.05,278,0.9760568584421613,1.0,0.8668723997980806,0.8259224892282144,144,2,1554.8601036642397
2021,INV 01.05.032,INV 01.05,254,1.0,0.9999652923663982,0.9656217079488949,0.9523809523809522,87,0,988.3619929462732
2021,INV 01.05.033,INV 01.05,267,0.9974514293979899,1.020339231821908,0.9721759943195487,0.924249206929226,70,0,1000.6565567589817
2021,INV 01.05.034,INV 01.05,266,1.0413642256500828,1.0314460491110984,1.0,1.0,106,0,794.5542787281165
2021,INV 01.05.035,INV 01.05,266,0.989889227923473,0.9900715003924017,0.8278076603442852,0.7749186268286338,125,0,1331.5722565359777
2021,INV 01.06.036,INV 01.06,291,1.0003519930129485,1.0332029199389587,0.9696293325948223,1.0,127,0,1077.011848377731
2021,INV 01.06.037,INV 01.06,291,0.9663438218654162,1.0,0.8542798774908017,0.8540552339887176,126,0,1926.757003187779
2021,INV 01.06.038,INV 01.06,291,0.9549223745094834,0.9877404907929085,0.5,0.46250658034018566,128,0,1764.242036727443
2021,INV 01.06.039,INV 01.06,291,0.9456140802732567,0.9681214927992697,0.5,0.4850409750792061,138,10,2581.726173460777
2021,INV 01.06.040,INV 01.06,291,0.9983474518451508,1.0304113100878671,0.9742403881695483,0.9884381261663147,128,0,1136.4802080906732
2021,INV 01.06.041,INV 01.06,291,0.9988954228777408,1.0273070766116479,0.9679804706792746,0.9090909090909091,129,0,1138.5738104426905
2021,INV 01.06.042,INV 01.06,291,0.9592166172132216,0.99510621285855,0.5,0.46250658034018566,105,0,1704.2826339693318
2021,INV 01.06.043,INV 01.06,291,0.9410991675041369,0.9791099910964375,0.5,0.48479385929680724,150,9,2138.870828734288
2021,INV 01.07.044,INV 01.07,291,1.0054200012448433,1.0170614650597432,0.9799368802641989,0.9980264279619112,134,0,1066.8326377206947
2021,INV 01.07.045,INV 01.07,290,0.8025931484751572,0.816154664531376,0.6706635948513764,0.6706635948513764,208,112,4777.550858958695
2021,INV 01.07.046,INV 01.07,291,0.7842260397052078,0.7934373922260084,0.5,0.6610020361832565,182,100,4529.114393924509
2021,INV 01.07.047,INV 01.07,291,0.7304822061850946,0.738214216408208,0.5,0.45860968770893384,160,149,8091.541138116148
2021,INV 01.07.048,INV 01.07,291,1.007134218468774,1.0166035984725217,0.9774043371072341,0.9855930394587553,132,0,1197.2253494832505
2021,INV 01.07.049,INV 01.07,291,0.9994802238571517,1.008508586685361,0.8582089539282647,0.8582089539282647,114,0,1197.8447130623006
2021,INV 01.07.050,INV 01.07,291,0.9843912354916813,1.0,0.5324512745554406,0.7039027532990326,64,0,1345.114863859135
2021,INV 01.07.051,INV 01.07,291,0.9761226914154694,0.9907963454747645,0.5,0.45860968770893384,141,28,4079.075538036156
2021,INV 01.08.052,INV 01.08,286,1.0,1.0,0.627459640976671,0.663149989434568,119,1,1613.7550813229477
2021,INV 01.08.053,INV 01.08,286,0.9714421144386152,1.0011384784016886,0.8447761789986985,0.7679783445442713,107,0,1526.4407631071272
2021,INV 01.08.054,INV 01.08,286,1.011016577755331,1.0140069939719125,0.9922305446912066,1.0,133,0,1004.3841682033888
2021,INV 01.08.055,INV 01.08,286,1.0,1.0,0.9736834722365896,0.9855879628623414,136,0,1430.5323126709588
2021,INV 01.08.056,INV 01.08,286,0.9825249217580035,0.9894049639414756,0.5,0.4545454545454545,125,0,1401.0806472433585
2021,INV 01.08.057,INV 01.08,286,0.95793039002089,0.9652996949434611,0.5121343296346608,0.4814806150746208,126,8,2087.4881941501762
2021,INV 01.08.058,INV 01.08,284,0.988575786786475,0.9991270900509377,0.9530818913035833,0.8789252208329825,76,0,1316.125827875002
2021,INV 01.08.059,INV 01.08,286,1.0291045139774764,1.0471915099666889,0.7601383974071205,0.6913462739518623,109,1,1351.3957142939191
2021,INV 01.09.060,INV 01.09,267,1.0,1.00419980966702,0.9736522861257354,0.9976081520118345,127,0,1117.9000919369078
2021,INV 01.09.061,INV 01.09,286,1.0,1.002492015797385,0.9757922017252935,1.0,132,0,1179.4529368370756
2021,INV 01.09.062,INV 01.09,284,0.9771502701905673,0.9829446214478019,0.5,0.5,129,0,1508.8224361199566
2021,INV 01.09.063,INV 01.09,286,0.9568460997002168,0.9667413706306344,0.5171328449227293,0.49465016350023244,119,5,1847.679526153851
2021,INV 01.09.064,INV 01.09,286,0.9982989835947338,1.0,0.9688374543014593,0.9979744788608235,129,0,1193.2054735301508
2021,INV 01.09.065,INV 01.09,286,0.9608618003302016,0.9743030584095427,0.5899120628976977,0.5899120628976977,88,1,1781.693464069025
2022,INV 01.01.001,INV 01.01,252,0.9505319999716926,0.9922064015725809,0.9312200100555039,0.9356638216591501,151,0,1585.6760282383696
2022,INV 01.01.002,INV 01.01,299,0.9333418852326132,0.9805638017648626,0.9174919108096217,0.9279596144540821,161,0,1956.0926431308417
2022,INV 01.01.003,INV 01.01,298,0.9446228216328796,1.0,0.8340860575318797,0.8537562441818908,182,2,8331.36734855336
2022,INV 01.01.004,INV 01.01,296,0.9236293285175683,0.9793879431095509,0.567043240795675,0.588113562864308,162,5,5720.814599609003
2022,INV 01.01.005,INV 01.01,299,0.9505459805200505,1.0064590942893534,0.7957780519198154,0.7497402867117791,117,0,1699.701557606171
2022,INV 01.01.006,INV 01.01,273,0.9698490313316087,1.0107276917428227,0.9143741321355455,0.9766845208135232,162,0,1421.683601558777
2022,INV 01.01.007,INV 01.01,241,0.8925784684363615,0.9443544558879239,0.6876803898044129,0.7038979029744951,100,3,2614.7542268816364
2022,INV 01.02.008,INV 01.02,299,0.9677287440116863,1.0151615260218096,0.9467842850785919,1.0,170,0,1326.8238776884843
2022,INV 01.02.009,INV 01.02,299,0.9744730571765811,1.0201215970062556,0.9525858549492017,0.9983362921990986,169,0,1285.5446227922282
2022,INV 01.02.010,INV 01.02,298,0.9496231317200299,1.0045184573023291,0.828860272088391,0.8484072194465591,159,0,1894.1283034987184
2022,INV 01.02.011,INV 01.02,297,0.9222757905379617,0.9819981850000944,0.5298689089198032,0.5215669198128928,145,12,2660.525169851945
2022,INV 01.02.012,INV 01.02,300,0.9447599854020345,0.9955261689756734,0.9270213270935288,0.9802825884619504,170,0,1723.2494707856176
2022,INV 01.02.013,INV 01.02,298,0.9448595899683193,1.000541809635713,0.6598039382015023,0.6216326180488836,126,3,2098.2699438122117
2022,INV 01.02.014,INV 01.02,300,0.9250877353044258,0.9837939637210434,0.8117935422563268,0.7826226421765178,148,4,2304.4234016397177
2022,INV 01.03.015,INV 01.03,321,0.9594958078516157,1.0074329598657052,0.9337888125393883,0.9922788949688409,171,0,1568.177814917403
2022,INV 01.03.016,INV 01.03,318,0.9528473578709107,1.0,0.8987427211147729,0.9290560246069441,186,11,6772.890986968872
2022,INV 01.03.017,INV 01.03,321,0.9376480486606646,0.994940998932038,0.8143585340658807,0.8676394082576003,170,0,2347.571641823937
2022,INV 01.03.018,INV 01.03,321,0.8940753728038453,0.9559006656241182,0.510235183558036,0.5345633443914238,169,18,3156.0633614404946
2022,INV 01.03.019,INV 01.03,318,0.9659443611334593,1.0225319109538595,0.9471422252907189,1.0,159,0,1380.0058748335182
2022,INV 01.03.020,INV 01.03,321,0.9321195615258507,0.9971850225828278,0.6454843276523072,0.6000257482228007,178,9,2420.42609932214
2022,INV 01.03.021,INV 01.03,321,0.9638497680660356,1.0128269713149685,0.894587589208766,0.8428334433251766,92,3,1533.2754479854743
2022,INV 01.04.022,INV 01.04,321,1.0095769951917064,1.0102830339290338,0.9882544815371227,0.9961415174825523,156,0,1615.3112151441899
2022,INV 01.04.023,INV 01.04,321,1.0,1.0,0.9743149816261156,0.9916795187530273,160,0,1053.8173583423043
2022,INV 01.04.024,INV 01.04,322,0.9983178822949972,1.0013657904451203,0.8960710798355026,0.9523809523809523,146,0,1358.7480442321184
2022,INV 01.04.025,INV 01.04,321,0.9589372904505882,0.9660415995580252,0.5007751273271932,0.46284551369863736,147,16,2411.775351626488
2022,INV 01.04.026,INV 01.04,322,0.9563536517929808,1.0081237955524307,0.6696842026476293,0.6364766021427489,178,1,2429.2115916356956
2022,INV 01.04.027,INV 01.04,321,0.9933578449021706,0.9946837281026685,0.8419856284723222,0.9520232238478206,162,0,1364.5345506641872
2022,INV 01.04.028,INV 01.04,321,0.9974780380133222,0.9993509022338397,0.9264673015298458,0.9912214181799939,90,0,1029.1135110891219
2022,INV 01.05.029,INV 01.05,321,0.999537214840914,1.0390179231107575,0.9092780761884868,0.8557620362763446,101,0,1050.540835755374
2022,INV 01.05.030,INV 01.05,234,1.1,1.0901191255741385,1.0,0.9358875347044693,0,0,39.930459814563555
2022,INV 01.05.031,INV 01.05,316,0.9788125375976802,1.004643734417297,0.8638828142064418,0.8130385363390161,143,4,1525.1150829164683
2022,INV 01.05.032,INV 01.05,321,0.9856599733631556,1.000994473444299,0.9649600715125881,0.9113816581568456,148,0,914.699453275631
2022,INV 01.05.033,INV 01.05,322,0.9985753244872433,1.0242747700005985,0.9744588231963218,0.9250633711089895,144,0,1113.2793113052162
2022,INV 01.05.034,INV 01.05,321,1.0247005443431072,1.0203304163466222,1.0,1.0,153,0,699.5771012537348
2022,INV 01.05.035,INV 01.05,321,0.9988669843478493,1.0,0.8074155411455474,0.7442013096330679,169,0,1384.6421147520268
2022,INV 01.06.036,INV 01.06,342,0.9931819893510956,1.0357767950844168,0.9618185314984021,1.0,177,0,1037.524149362417
2022,INV 01.06.037,INV 01.06,342,0.9646708531144683,1.0052524331606167,0.8542798774908018,0.8540552339887176,175,0,2075.510464009283
2022,INV 01.06.038,INV 01.06,342,0.939596198167112,0.9969031428310604,0.8926882516654865,0.8840893780047189,173,0,2125.2225356866984
2022,INV 01.06.039,INV 01.06,342,0.9271284255174762,0.983704231205279,0.5,0.5009021425783611,175,18,3041.7744290266705
2022,INV 01.06.040,INV 01.06,324,0.9875622871344909,1.0276902617944346,0.9343277397570288,0.9911357304841533,190,0,1172.5233079527914
2022,INV 01.06.041,INV 01.06,342,0.9885971078380502,1.0270374099209119,0.9579957074727441,0.9513813586140089,187,0,1199.2249749313933
2022,INV 01.06.042,INV 01.06,342,0.9446013838949879,0.9998373673905419,0.7099352089721039,0.7266775558124504,154,1,2171.0327348206124
2022,INV 01.06.043,INV 01.06,342,0.910115949925657,0.9727530467106618,0.5305509819822742,0.5276723120492687,193,9,2524.6277704880863
2022,INV 01.07.044,INV 01.07,342,1.0,1.0084012234757938,0.9764317564490386,0.99864839378128,175,0,916.3946491613659
2022,INV 01.07.045,INV 01.07,342,0.7855937220896373,0.8044305125244962,0.5,0.5713546433753538,238,216,8406.027387505346
2022,INV 01.07.046,INV 01.07,342,0.7730875420127364,0.7981709279888693,0.5,0.7795092983417992,151,176,6614.561400292339
2022,INV 01.07.047,INV 01.07,341,0.733814987024981,0.7508001774481979,0.5,0.5,166,217,10556.78313688325
2022,INV 01.07.048,INV 01.07,342,1.0008736481499307,1.016719033513645,0.9728420738865782,0.9855930394587554,173,0,1129.4049014568623
2022,INV 01.07.049,INV 01.07,340,0.9904674604474333,1.0118076945735996,0.8582089539282647,0.8582089539282647,164,0,1044.1448282146612
2022,INV 01.07.050,INV 01.07,342,0.9733282950125812,1.0052474277126047,0.8108327506319195,0.9786351948255982,182,0,1606.3922754948992
2022,INV 01.07.051,INV 01.07,342,0.9703640456314925,1.0,0.5,0.4545454545454545,174,41,4661.857285654407
2022,INV 01.08.052,INV 01.08,343,0.9906210980672067,1.002977114335248,0.56164167062761,0.7486045252935178,180,7,1727.56294978685
2022,INV 01.08.053,INV 01.08,343,0.971854758261871,1.00388630843896,0.7968004043084891,0.7499042969947295,137,5,1710.2704712270183
2022,INV 01.08.054,INV 01.08,343,1.0048258232478733,1.0145658714676722,0.9864946201919916,0.9636089030573223,180,0,730.561655903921
2022,INV 01.08.055,INV 01.08,343,1.0,1.0,0.8013111775758309,0.7681656900315376,182,0,1281.1681172564422
2022,INV 01.08.056,INV 01.08,342,0.9712422469595258,0.9910032282934536,0.8400003873426637,0.8400003873426637,166,0,1634.7818163171448
2022,INV 01.08.057,INV 01.08,342,0.9325312393220238,0.9539347592494081,0.5197228899957818,0.5294754191272136,194,11,3981.390775425768
2022,INV 01.08.058,INV 01.08,343,0.9791216251244673,1.0,0.8919098354641487,0.8497038050193764,155,0,1384.5646763101126
2022,INV 01.08.059,INV 01.08,343,1.0192033049614253,1.0453657043963378,0.6094950921989803,0.6714861832936976,189,6,1391.974922812902
2022,INV 01.09.060,INV 01.09,343,0.9979356711063151,1.0043821299299482,0.9439720137102249,0.9971440407524029,179,0,1073.2847713833291
2022,INV 01.09.061,INV 01.09,343,0.9958131593322482,1.0032524760025439,0.8992962556060365,0.9757627476977292,180,0,1032.6934237074697
2022,INV 01.09.062,INV 01.09,340,0.9609093487608336,0.9764996482772761,0.8840604852658093,0.905771739391708,169,0,1883.6427739758963
2022,INV 01.09.063,INV 01.09,343,0.9461395679797026,0.9693898765048112,0.6837644606647987,0.6753281182400224,192,4,1984.9649323197077
2022,INV 01.09.064,INV 01.09,343,0.9972662726881062,1.0,0.9683662505931404,0.9991094600738045,173,0,1237.6556850753102
2022,INV 01.09.065,INV 01.09,343,0.961297918012025,0.9826695828184884,0.8028873832235796,0.8226051427006403,151,0,1955.4977312191907
2023,INV 01.01.001,INV 01.01,321,0.9189404114479521,0.9944300984983155,0.9020391112512047,0.9224506164992159,162,0,2239.2139778670316
2023,INV 01.01.002,INV 01.01,321,0.8946520784305529,0.9675096276115049,0.8746351067487381,0.9305958573718158,196,0,9887.029883220965
2023,INV 01.01.003,INV 01.01,321,0.9060789667024182,0.989608349986543,0.6704007058434268,0.6721399449267037,162,10,2828.2239960452252
2023,INV 01.01.004,INV 01.01,320,0.8607067684038823,0.9219966635776868,0.6025195633931554,0.6209863058336548,224,3,8788.642873937068
2023,INV 01.01.005,INV 01.01,321,0.9282938988788361,1.008009666940526,0.7957780519198155,0.749740286711779,151,0,2032.5588549414738
2023,INV 01.01.006,INV 01.01,321,0.9240938226252923,0.9991798097781102,0.8834442775985296,0.9597649477275557,172,2,2597.8433451222704
2023,INV 01.01.007,INV 01.01,321,0.8751064040203455,0.9498803662838213,0.6876803898044129,0.7038979029744952,83,5,3067.044469581022
2023,INV 01.02.008,INV 01.02,216,0.9402928766687599,1.0202113455887447,0.928204663510355,1.0,131,0,1485.1389199123012
2023,INV 01.02.009,INV 01.02,321,0.9502192686269685,1.0295591475561758,0.9327760111258541,1.0,156,0,1747.562099027409
2023,INV 01.02.010,INV 01.02,321,0.9256424546541583,1.0042773634702886,0.6853894153646213,0.6858683748929875,148,0,2350.048782456648
2023,INV 01.02.011,INV 01.02,321,0.9007744838494439,0.9817747393723445,0.5,0.49608984985113436,133,4,2504.316068604141
2023,INV 01.02.012,INV 01.02,321,0.917711352603993,0.9961775008784594,0.8990723515742133,0.9334488741394504,141,0,2259.6160121066714
2023,INV 01.02.013,INV 01.02,321,0.9247618065206509,1.0025328812313163,0.6598039382015023,0.6216326180488836,75,1,2194.813258251563
2023,INV 01.02.014,INV 01.02,321,0.8985871436886813,0.9771208102941876,0.8306795467948321,0.7826226421765178,100,2,2529.363021376648
2023,INV 01.03.015,INV 01.03,288,0.9268232365759439,1.0145635069400951,0.8909354783590627,0.9819439218024163,114,0,1600.8958393617431
2023,INV 01.03.016,INV 01.03,320,0.890171475781896,0.994899164890998,0.8770194798277761,0.9544035639013099,145,21,2698.9254332868795
2023,INV 01.03.017,INV 01.03,320,0.902726528160586,1.0,0.6798635962402458,0.6592049323532408,152,0,2500.2657542792217
2023,INV 01.03.018,INV 01.03,320,0.8706228354079749,0.9759548266734379,0.5,0.5171415063300412,137,8,2761.1073693903572
2023,INV 01.03.019,INV 01.03,320,0.9351312012374422,1.0273858718262308,0.9102657467400473,0.9960223494993427,138,0,1867.0454682013178
2023,INV 01.03.020,INV 01.03,320,0.8911651785661914,0.9935493842420016,0.6454843276523072,0.6000257482228006,125,3,2567.8878905850283
2023,INV 01.03.021,INV 01.03,320,0.9501361244127787,1.0303624844380628,0.894587589208766,0.8428334433251766,202,0,1523.8928250249667
2023,INV 01.04.022,INV 01.04,320,1.0,1.0086051791805535,0.9659600986871748,1.0,190,0,1297.8044128088588
2023,INV 01.04.023,INV 01.04,320,0.9822716540160715,0.9990641592694237,0.9569733109643341,0.9847641058012596,167,0,1336.1073148586972
2023,INV 01.04.024,INV 01.04,320,0.9787611541447947,1.0022133903397996,0.8960710798355026,0.9523809523809522,134,0,1202.9404802924357
2023,INV 01.04.025,INV 01.04,320,0.9497565199859737,0.9753323803398325,0.5,0.49908676877922914,141,3,1710.154129373747
2023,INV 01.04.026,INV 01.04,320,0.9229510855318366,1.0178870066500403,0.7419430148325341,0.711622317059588,137,1,2307.3057744458674
2023,INV 01.04.027,INV 01.04,320,0.9654889036905985,0.9849586678196989,0.8419856284723223,0.8342524220630114,150,0,1479.4349329996433
2023,INV 01.04.028,INV 01.04,320,0.9883518617019555,1.0000312792526336,0.9264673015298458,0.9738301759442348,176,0,986.966758932674
2023,INV 01.05.029,INV 01.05,320,1.0,1.055482450777323,0.9092780761884868,0.8557620362763445,164,0,973.488963496115
2023,INV 01.05.030,INV 01.05,320,1.1,1.111499612284539,1.1,1.0,0,0,94.14746185710517
2023,INV 01.05.031,INV 01.05,315,0.9665476392111716,1.0197790665190207,0.8638828142064418,0.8130385363390161,108,1,1332.8291651646712
2023,INV 01.05.032,INV 01.05,320,0.9745512183211829,1.0023673327883136,0.9482558592822439,0.9523809523809523,127,0,1026.4585054854863
2023,INV 01.05.033,INV 01.05,320,0.9889736583783133,1.0403160322523766,0.9697535648590476,0.9711486233127145,136,0,1066.9237638847612
2023,INV 01.05.034,INV 01.05,320,1.0095158000411661,1.020005939074003,0.9908378315172061,1.0,166,0,793.4969697101807
2023,INV 01.05.035,INV 01.05,320,0.9822522132974105,1.0,0.8725780314535522,0.8485085189813164,139,0,1268.7437605562645
2023,INV 01.06.036,INV 01.06,339,0.9631096846081085,1.0431439241348142,0.9431695437566783,1.0,177,0,1457.5057003716418
2023,INV 01.06.037,INV 01.06,339,0.9283382348810817,1.0022239438956404,0.9096971061467701,0.9090909090909091,160,0,3295.099867436956
2023,INV 01.06.038,INV 01.06,339,0.9214680060927642,0.9968041819766721,0.8137365371044933,0.87560574584194,182,1,2417.19394023671
2023,INV 01.06.039,INV 01.06,339,0.9057746378391073,0.9900299284231612,0.5,0.5043276227384629,154,10,2673.675710661023
2023,INV 01.06.040,INV 01.06,339,0.9332603885675365,1.0017080251620765,0.8936485861776913,0.9590967356012526,184,33,2620.3857086289977
2023,INV 01.06.041,INV 01.06,339,0.9441158884007124,1.0190540649068975,0.9187088675394525,1.0,191,0,1887.0259949351353
2023,INV 01.06.042,INV 01.06,339,0.9284013312639149,1.0006407444470966,0.7099352089721038,0.7266775558124503,171,0,2292.095424851104
2023,INV 01.06.043,INV 01.06,339,0.9059972084142043,0.986868489028907,0.5,0.5043276227384629,158,5,2379.9106047948767
2023,INV 01.07.044,INV 01.07,339,0.9829934369013423,1.0048255065573248,0.9581108472135336,0.9981043257313015,185,0,1191.7841321729586
2023,INV 01.07.045,INV 01.07,338,0.7964999370098109,0.816639739122243,0.7668441779121913,0.798330712098676,191,153,5626.049784989737
2023,INV 01.07.046,INV 01.07,339,0.9567954276947175,0.9844407277389319,0.5,0.6565515293987307,204,1,2087.5165616454606
2023,INV 01.07.047,INV 01.07,339,0.9381768709121363,0.970575509049772,0.5,0.45454545454545453,142,22,3782.346629442372
2023,INV 01.07.048,INV 01.07,339,0.9789983670816288,1.002869921913272,0.9568255157324997,0.998419889214526,182,0,1454.9230630301888
2023,INV 01.07.049,INV 01.07,336,0.9809134625410982,1.0078875667643261,0.9600132040001859,0.944813786232642,167,0,1259.518276597532
2023,INV 01.07.050,INV 01.07,339,0.9646091512545365,0.9994538054488674,0.8108327506319195,0.9380829805021714,235,0,1551.1427961843224
2023,INV 01.07.051,INV 01.07,339,0.963860803944151,1.0,0.5,0.45454545454545453,164,18,3158.0974594848053
2023,INV 01.08.052,INV 01.08,343,0.9854093856029567,1.00496804536516,0.6970142715463468,0.9199831777099314,167,2,1455.7724171384882
2023,INV 01.08.053,INV 01.08,343,0.9594876747112809,1.019017875124822,0.7968004043084892,0.7499042969947294,139,0,1678.4121399641197
2023,INV 01.08.054,INV 01.08,343,0.9958670849362242,1.0107899997581755,0.97314085782233,1.0,192,0,962.4290113468962
2023,INV 01.08.055,INV 01.08,343,0.987120131511072,1.0,0.9537487778034959,0.9835056586494861,205,0,1809.8997627639367
2023,INV 01.08.056,INV 01.08,343,0.9687881996534791,0.9814280967053319,0.8400003873426637,0.8400003873426637,154,0,1648.7514617470063
2023,INV 01.08.057,INV 01.08,343,0.9236367710128162,0.9460438127258103,0.6367313398622747,0.6829740664279748,134,0,2413.759614562389
2023,INV 01.08.058,INV 01.08,342,0.9832130395904013,1.000667467435595,0.8919098354641488,0.8304545183179536,245,0,1512.7210067333765
2023,INV 01.08.059,INV 01.08,343,1.003956600720577,1.0407846486833132,0.8124769349799834,0.7477411463691316,172,1,1253.9864548922333
2023,INV 01.09.060,INV 01.09,343,0.9855127881301401,1.0037235356350822,0.9606776988590051,0.9999822893896612,196,0,1387.2574412435886
2023,INV 01.09.061,INV 01.09,343,0.9829317108964787,1.0009774316921336,0.9558097539430797,0.99627349738063,203,0,1335.3598780607347
2023,INV 01.09.062,INV 01.09,342,0.9422534655039224,0.9784646216219002,0.8840604852658093,0.905771739391708,240,0,10893.540883670565
2023,INV 01.09.063,INV 01.09,343,0.9499560546229681,0.9737909491114675,0.6837644606647987,0.7243265011794413,179,0,1744.655305400804
2023,INV 01.09.064,INV 01.09,343,0.9806106929662075,1.0005143102266025,0.9601856857241995,0.9912512856698233,188,0,1288.3672192969104
2023,INV 01.09.065,INV 01.09,343,0.9557860277974536,0.9771734432418365,0.8028873832235796,0.8226051427006403,247,0,2216.5283428872795
2024,INV 01.01.001,INV 01.01,334,0.9064734926123778,0.996204168009955,0.8982077272347088,0.9220305593641274,131,0,2618.773410123669
2024,INV 01.01.002,INV 01.01,334,0.8806485524250087,0.957676012149917,0.8550191003062426,0.9015523677828653,179,23,5751.337296567757
2024,INV 01.01.003,INV 01.01,334,0.8999983998811021,0.9935835113235426,0.5,0.4765787079561975,167,14,3252.059638255993
2024,INV 01.01.004,INV 01.01,333,0.9525299670490366,1.0,0.6865194733768247,0.7148306856094103,38,2,3668.388464839527
2024,INV 01.01.005,INV 01.01,334,0.9210879689747701,1.011875791646665,0.7875111144048845,0.806341073445463,74,3,2422.3842340219708
2024,INV 01.01.006,INV 01.01,306,0.9137419176909376,1.0,0.8807926900010451,0.9667108657715834,148,2,2526.614793517132
2024,INV 01.01.007,INV 01.01,334,0.8780397208360176,0.9658887456876226,0.5,0.4779976138182916,95,14,3455.539750711871
2024,INV 01.02.008,INV 01.02,204,0.8901164973706934,0.9856535161044376,0.8785352734934948,0.9653649229365997,20,21,1932.2659326615826
2024,INV 01.02.009,INV 01.02,334,0.9457667976752853,1.0381244748542653,0.9368459142379076,0.9995097888728192,155,0,1856.827028715748
2024,INV 01.02.010,INV 01.02,334,0.927844849773657,1.0173281358970727,0.5,0.4765787079561975,141,1,2567.1882207923304
2024,INV 01.02.011,INV 01.02,334,0.9003653323650149,0.99612841044625,0.6911544392867581,0.7232767461178358,140,6,3040.4996051152807
2024,INV 01.02.012,INV 01.02,334,0.9111233688905723,1.001064714254425,0.9015020600370374,0.9746491554599449,145,0,2473.8281936179715
2024,INV 01.02.013,INV 01.02,334,0.9270838092738726,1.0212634718034956,0.5,0.4765787079561975,110,11,2707.2165018101805
2024,INV 01.02.014,INV 01.02,334,0.9003681879074807,0.9912981734281983,0.7964006129904823,0.8136543575201023,61,6,2978.951042876893
2024,INV 01.03.015,INV 01.03,331,0.9075195369494824,1.0145586712518666,0.8949089734591391,0.9743735579432877,149,1,2446.0285970246528
2024,INV 01.03.016,INV 01.03,331,0.8921315382753899,0.9979200526017473,0.8720982697867217,0.9784119301004561,157,45,3057.359872859541
2024,INV 01.03.017,INV 01.03,331,0.8930903121850913,1.0,0.5,0.4545454545454545,137,6,3135.483058404901
2024,INV 01.03.018,INV 01.03,331,0.8772105372159857,0.992000437880949,0.6702405985953173,0.721536015149651,147,11,3252.050984239938
2024,INV 01.03.019,INV 01.03,330,0.918393958562985,1.0256265849178159,0.9059410670177748,0.909090909090909,149,0,2188.678317291987
2024,INV 01.03.020,INV 01.03,331,0.8812794253129853,0.9871042547252239,0.5,0.5974498790043038,144,22,3320.6802197802485
2024,INV 01.03.021,INV 01.03,331,0.9435951631102304,1.0372507027224516,0.8603424043227247,0.8269433213655333,149,0,1857.0124280985774
2024,INV 01.04.022,INV 01.04,331,0.9799177083962329,1.0058237894373914,0.9615978537384944,0.909090909090909,160,0,1372.6541653164256
2024,INV 01.04.023,INV 01.04,331,0.9691730530769147,0.997391942799641,0.9511394997197571,0.909090909090909,160,0,1617.4363342697604
2024,INV 01.04.024,INV 01.04,332,0.9706983338860218,1.003132787704457,0.5,0.4916025623395261,152,0,1603.1738211888419
2024,INV 01.04.025,INV 01.04,331,0.9414341496071318,0.973716807666387,0.7141675089340742,0.6963026662168258,143,6,2133.9207122362586
2024,INV 01.04.026,INV 01.04,332,0.9188578640623272,1.0265076658172405,0.5693978056173941,0.5176343687430854,124,8,3102.900463509614
2024,INV 01.04.027,INV 01.04,331,0.9570980783638089,0.9780670817295849,0.8343934967705836,0.9523809523809523,83,0,1907.7503108783499
2024,INV 01.04.028,INV 01.04,331,0.9781012763695389,1.0,0.8956056799378203,0.938328309248815,134,0,1215.9285030136577
2024,INV 01.05.029,INV 01.05,331,0.9899221160952054,1.055977572589211,0.8956414392677297,0.8937686286039191,137,0,1176.0010856026965
2024,INV 01.05.030,INV 01.05,331,1.1,1.12545194377596,1.1,1.0,0,0,35.10399095103051
2024,INV 01.05.031,INV 01.05,329,0.9606101936127613,1.018790619486317,0.8536218455107354,0.863695778381733,97,0,1620.7381503107395
2024,INV 01.05.032,INV 01.05,331,0.9569148200812518,0.9999042544160983,0.9426226351113797,0.9523809523809522,147,0,1193.6335207962916
2024,INV 01.05.033,INV 01.05,332,0.9754191046076374,1.0402036926763834,0.8991145714339303,0.9090909090909091,136,0,1240.4903370229267
2024,INV 01.05.034,INV 01.05,331,1.0013391910588139,1.0199159362874437,0.9905319364832637,0.909090909090909,162,0,811.3471667296357
2024,INV 01.05.035,INV 01.05,331,0.9831838003058411,1.0,0.7946779633889993,0.755809795496894,105,1,1492.4124215589768
2024,INV 01.06.036,INV 01.06,342,0.9428642745788289,1.0340731661254403,0.9304475904649231,1.0,164,0,1734.8414395974985
2024,INV 01.06.037,INV 01.06,342,0.9088496565947258,0.9987473962523858,0.8982845408870267,0.909090909090909,154,0,4193.403912888795
2024,INV 01.06.038,INV 01.06,342,0.9078104726068728,0.9991922135865122,0.5,0.4765787079561975,159,3,2850.5314146379696
2024,INV 01.06.039,INV 01.06,342,0.9017486070177885,0.9945578939212691,0.6539193390792095,0.6843110959119582,142,10,3296.1487511450364
2024,INV 01.06.040,INV 01.06,342,0.914011831809853,0.9975075386537888,0.877040486821242,0.909090909090909,177,42,2988.600120314346
2024,INV 01.06.041,INV 01.06,342,0.9328850751324562,1.0242697332884598,0.9164644458451758,1.0,153,0,2051.2719356369716
2024,INV 01.06.042,INV 01.06,342,0.910904586399205,1.0,0.5,0.4765787079561975,158,2,2944.5874823722356
2024,INV 01.06.043,INV 01.06,342,0.8975807342910338,0.9891981379836978,0.7304394037791675,0.7908000483903538,141,5,2851.097903689242
2024,INV 01.07.044,INV 01.07,342,0.9742699040278514,1.0067056530718836,0.9529307294532151,0.997277096797047,167,0,1273.4378920420447
2024,INV 01.07.045,INV 01.07,342,0.7822967604610469,0.8133861966495178,0.7668825488931661,0.8050641549604515,162,174,5955.6043716019385
2024,INV 01.07.046,INV 01.07,342,0.9479276476975182,0.987648097624569,0.5,0.5080186566932352,180,7,2565.0205563925015
2024,INV 01.07.047,INV 01.07,342,0.7816150734935852,0.8227003432727611,0.5,0.45454545454545453,181,66,6174.312517953467
2024,INV 01.07.048,INV 01.07,342,0.9670617284779885,1.0021480910281904,0.94380627254053,0.9738766074654773,178,0,1741.854500954226
2024,INV 01.07.049,INV 01.07,342,0.9749303437985284,1.0135351519230542,0.9575192807600535,0.9832783175065084,155,0,1301.0952356021398
2024,INV 01.07.050,INV 01.07,342,0.9641540310696479,1.0042596955050744,0.5,0.5266836502428741,164,0,1846.4751200954483
2024,INV 01.07.051,INV 01.07,342,0.9624843645085404,0.9984454244396261,0.5,0.47619047619047616,159,27,4148.887637511674
2024,INV 01.08.052,INV 01.08,342,0.9903758508037801,1.0170362708922964,0.6005103973240582,0.7409224878614467,134,10,1728.968449803169
2024,INV 01.08.053,INV 01.08,342,0.9575489586177077,1.018624439810714,0.8511382915161765,0.8444700573906602,95,3,1969.174176041524
2024,INV 01.08.054,INV 01.08,342,0.9872456863062623,1.013937308918614,0.9686018894464558,1.0,170,0,955.4028026210395
2024,INV 01.08.055,INV 01.08,342,0.9727517318308099,0.9987134104590942,0.9339188687929789,0.9749077999271359,187,0,2150.6662430655015
2024,INV 01.08.056,INV 01.08,342,0.9553483465542576,0.9826597075557976,0.5,0.4545454545454545,157,1,1928.5805244734988
2024,INV 01.08.057,INV 01.08,342,0.9204842595623104,0.9511427666401066,0.7453999247180279,0.7256275895934191,92,2,2599.8196703038084
2024,INV 01.08.058,INV 01.08,342,0.9719414618386744,1.004864077730806,0.9529787749971216,0.9523809523809523,201,0,6820.304070477897
2024,INV 01.08.059,INV 01.08,342,1.006973615174537,1.0450781541078735,0.7516051832965697,0.6975891700714203,157,5,1553.78012054924
2024,INV 01.09.060,INV 01.09,342,0.9798348559787698,1.0046160210156598,0.9559109401993501,0.9981660017061522,172,0,1418.8364458980577
2024,INV 01.09.061,INV 01.09,342,0.976981353053326,1.00399656829715,0.9561760488785362,0.9977660980270987,177,0,1193.3867735241665
2024,INV 01.09.062,INV 01.09,340,0.9422534655039223,0.9784646216219003,0.5,0.47619047619047616,189,2,10383.225410758443
2024,INV 01.09.063,INV 01.09,342,0.9503793742623821,0.9837674078819294,0.8020947687350232,0.8166952473782036,77,0,1947.6607936605126
2024,INV 01.09.064,INV 01.09,342,0.9727814468008817,1.0,0.9527528401536474,0.993720944259601,173,0,1275.4910655020594
2024,INV 01.09.065,INV 01.09,342,0.947734417687585,0.9785775235780341,0.5,0.5,140,3,2586.078636739474
2025,INV 01.01.001,INV 01.01,340,0.8874673717079267,0.9999163339538369,0.8640676090479176,0.9202054059188947,203,11,3599.2753198715604
2025,INV 01.01.002,INV 01.01,339,0.8476304974124295,0.9545619829080318,0.826688333758174,0.907001888569209,186,102,4619.93395448482
2025,INV 01.01.003,INV 01.01,340,0.8675763622226921,0.9907424035850331,0.5,0.4545454545454545,174,16,4103.276993424437
2025,INV 01.01.004,INV 01.01,301,0.8116367371401071,0.9336848479590272,0.5,0.5,175,34,3277.623240587621
2025,INV 01.01.005,INV 01.01,340,0.8814723766875953,1.0055290413002638,0.7619692767258579,0.777951552686338,199,5,3501.513710758638
2025,INV 01.01.006,INV 01.01,339,0.8900737485973663,1.0018173620124606,0.8661366384512134,0.9824941310651205,178,12,3596.7145123909527
2025,INV 01.01.007,INV 01.01,340,0.8489367362302997,0.965496841400872,0.5,0.5,176,21,4206.684725706369
2025,INV 01.02.008,INV 01.02,339,0.889021467890268,1.0023411471389896,0.8598196940481675,0.9758039612585474,176,44,3669.901275529857
2025,INV 01.02.009,INV 01.02,339,0.9273387237943488,1.0437075629516885,0.9035715521826646,0.9916532247819089,195,0,2756.960517404027
2025,INV 01.02.010,INV 01.02,339,0.8928725669798423,1.0172645099327058,0.5,0.4545454545454545,192,0,3570.082988676712
2025,INV 01.02.011,INV 01.02,335,0.86734906716968,0.9954073494546344,0.5,0.4954741712450145,187,12,4037.373784837231
2025,INV 01.02.012,INV 01.02,335,0.9384310599386397,1.0098517996341487,0.7712723443340727,0.8844531684414528,82,54,14315.002799663234
2025,INV 01.02.013,INV 01.02,340,0.8883247546724669,1.0159931950440737,0.5,0.4545454545454545,189,11,3600.526366524233
2025,INV 01.02.014,INV 01.02,340,0.8673464741607106,0.9894902800947648,0.7670655596585375,0.8258907453169035,189,14,3915.3151574789517
2025,INV 01.03.015,INV 01.03,299,0.8950441002091375,1.015895714100661,0.8641484629154687,0.9806077550204901,153,27,2758.2710985310855
2025,INV 01.03.016,INV 01.03,299,0.8758013934488899,1.0,0.8485551149032442,0.9737903300844287,134,61,3139.9234827518703
2025,INV 01.03.017,INV 01.03,299,0.8669726784605947,1.0,0.5,0.47619047619047616,157,55,3459.522695720345
2025,INV 01.03.018,INV 01.03,299,0.8441142162926984,0.9487048282586532,0.5,0.5020272961365592,170,30,3626.09087712772
2025,INV 01.03.019,INV 01.03,298,0.8990291102692336,1.0228138446323556,0.8739638278889299,1.0,148,15,2582.5084590113415
2025,INV 01.03.020,INV 01.03,299,0.8441508316674449,0.9576842590569673,0.5,0.5975960341129117,165,98,3698.6138352775374
2025,INV 01.03.021,INV 01.03,299,0.9091592722359138,1.0231243747047751,0.8529493284822428,0.7754084804384026,164,7,2368.5419810735066
2025,INV 01.04.022,INV 01.04,299,0.980804207181748,1.0171162113438226,0.9440682352412102,0.9994426389506152,124,0,1816.881823910659
2025,INV 01.04.023,INV 01.04,225,1.0,1.0003390668165375,0.9313047083656244,0.9922824926323498,92,0,1938.633159555582
2025,INV 01.04.024,INV 01.04,299,0.9450266533228262,1.0010230529220525,0.5,0.4545454545454545,139,0,2041.2559365597683
2025,INV 01.04.025,INV 01.04,299,0.9176187356243333,0.9699523818029867,0.5,0.4746332196564633,152,14,2884.005640311967
2025,INV 01.04.026,INV 01.04,299,0.8911721756104707,1.008635144330112,0.5737805716298359,0.5216187014816689,167,12,3325.0460654451285
2025,INV 01.04.027,INV 01.04,246,0.9392194055446983,0.9782415272905498,0.7570693813312951,0.9229996951277679,111,0,1735.3824755583896
2025,INV 01.04.028,INV 01.04,299,0.9569960575282208,1.0147999874941775,0.8712717001125668,0.9206089998513045,195,0,1588.5325444644457
2025,INV 01.05.029,INV 01.05,299,0.9798712688019537,1.0692776131274215,0.875358850671384,0.8142194902433906,104,0,1416.3276297384862
2025,INV 01.05.030,INV 01.05,299,1.1,1.1269371381828357,1.1,1.0,0,0,127.2186208821269
2025,INV 01.05.031,INV 01.05,293,0.9506173500041828,1.0220020277798683,0.8445802056649108,0.7901131112544856,114,3,1872.1085148135262
2025,INV 01.05.032,INV 01.05,299,0.94403385079227,1.0006468816895746,0.9175922150251098,0.9609264688017709,122,0,1378.1570497197217
2025,INV 01.05.033,INV 01.05,299,0.9630902589441396,1.0543394488313904,0.8991145714339303,0.8173768831217547,115,0,1459.7627866177802
2025,INV 01.05.034,INV 01.05,299,1.0133184689785413,1.0975429832258723,0.9651919380856133,1.0,135,0,1083.0429849609463
2025,INV 01.05.035,INV 01.05,299,0.9599177937082142,0.9834570012249049,0.5,0.51466600837506,153,5,7948.751293124493
2025,INV 01.06.036,INV 01.06,344,0.9275185194365789,1.0552077398417499,0.9133575854507382,1.0,215,0,8456.282770741227
2025,INV 01.06.037,INV 01.06,344,0.8918028705575057,1.0002550805100325,0.8674123996920027,0.9622034477675966,210,6,5367.6487980000875
2025,INV 01.06.038,INV 01.06,344,0.8809805126238472,1.0017150464634872,0.5,0.4545454545454545,196,8,3834.761046625974
2025,INV 01.06.039,INV 01.06,344,0.8646377482166144,0.9951567425793131,0.5,0.4954741712450145,190,20,4483.129741955884
2025,INV 01.06.040,INV 01.06,344,0.886792667058112,1.0,0.8637649755252012,0.9701962668641994,175,61,3913.229814704202
2025,INV 01.06.041,INV 01.06,344,0.9175613482735488,1.034841675534492,0.896214970393833,1.0,194,0,2932.684993427079
2025,INV 01.06.042,INV 01.06,344,0.8803171309440879,0.998368806034728,0.5,0.5,195,16,4006.832490485403
2025,INV 01.06.043,INV 01.06,344,0.8602263234559374,0.9841589914615642,0.5,0.4954741712450145,193,13,3850.070082131127
2025,INV 01.07.044,INV 01.07,344,0.888100201004739,1.0,0.7645541431547673,0.815587123180937,228,87,4549.584080224057
2025,INV 01.07.045,INV 01.07,344,0.9389683006642543,1.0,0.7591684805117416,0.8015222954824109,120,101,4595.578440358312
2025,INV 01.07.046,INV 01.07,344,0.9257481503459193,0.9866783770799604,0.5,0.4545454545454545,180,1,3226.530280884313
2025,INV 01.07.047,INV 01.07,344,0.7544903190229133,0.7874555430282495,0.5,0.4545454545454545,167,183,9903.822314999381
2025,INV 01.07.048,INV 01.07,309,0.9553935773297323,1.0058796388532911,0.9305752186608746,0.9960232604481121,165,0,2183.3680457320347
2025,INV 01.07.049,INV 01.07,340,0.9633581958160443,1.025659555143569,0.9469482668940827,0.9587575561655557,175,0,1808.8928541957996
2025,INV 01.07.050,INV 01.07,344,0.9396781468396698,1.0,0.5,0.5266836502428741,194,0,2646.8040482828037
2025,INV 01.07.051,INV 01.07,344,0.9449985495264939,1.0022983515908286,0.5,0.4545454545454545,177,36,5163.496221411901
2025,INV 01.08.052,INV 01.08,320,0.9683485034758434,1.0061370567873498,0.6005103973240582,0.9019469771280779,174,6,2092.7360524936275
2025,INV 01.08.053,INV 01.08,320,0.9412838799650574,1.0386302545708506,0.7081249878298634,0.7318904885372777,123,6,9357.502871697317
2025,INV 01.08.054,INV 01.08,320,0.9818245948338331,1.0164662075506823,0.9559468639948706,1.0,168,0,1346.5830460092661
2025,INV 01.08.055,INV 01.08,320,0.9684273385042144,1.0,0.9224065145179625,0.9631377739160545,161,0,2373.4621038577043
2025,INV 01.08.056,INV 01.08,320,0.9394441146602467,0.9852787546057912,0.5,0.4545454545454545,174,0,2365.4990489065176
2025,INV 01.08.057,INV 01.08,320,0.9113895806985697,0.9531935839007282,0.5,0.45454545454545453,103,16,9687.473604487488
2025,INV 01.08.058,INV 01.08,319,0.953542141225345,1.004864077730806,0.7829695405771709,0.7375227147560673,212,24,19145.131732379214
2025,INV 01.08.059,INV 01.08,320,0.9919245271477575,1.0352520160454544,0.7347324305345547,0.7014741472710216,175,10,1887.648841492598
2025,INV 01.09.060,INV 01.09,320,0.9738379338341437,1.0089422037550104,0.9455001832281826,0.9999162980787907,186,0,7639.666928188998
2025,INV 01.09.061,INV 01.09,320,0.9652172458929544,1.0002834723886966,0.9422765121286764,0.9856342112004193,163,0,1654.9721552491865
2025,INV 01.09.062,INV 01.09,250,0.9377621480235836,0.9798109860706589,0.5,0.47619047619047616,130,0,2680.360158418677
2025,INV 01.09.063,INV 01.09,320,0.9283704182258267,0.9800688724239953,0.5655383180506529,0.5141257436824117,195,6,2204.9334275503375
2025,INV 01.09.064,INV 01.09,320,0.9613763724660466,1.0,0.9427145394402797,0.9806905101967482,164,0,1697.1389571207121
2025,INV 01.09.065,INV 01.09,223,0.9314297391393739,0.9523809523809523,0.5,0.5,139,9,1931.8450436537632
