inverter_id,sigma_key,sigma,fallback_sigma
INV 01.01.001,100-250|18-30,0.02281703505817426,0.07136051321914332
INV 01.01.001,100-250|30-45,0.018934234368664683,0.07149839424903531
INV 01.01.001,100-250|45-60,0.02089135031876144,0.07125992228639176
INV 01.01.001,100-250|60+,0.015,0.0673664286422456
INV 01.01.001,100-250|8-18,0.02892664682433946,0.0662825619660865
INV 01.01.001,250-450|18-30,0.03420399645310196,0.0700468458097912
INV 01.01.001,250-450|30-45,0.040671969017055186,0.06917587346588178
INV 01.01.001,250-450|45-60,0.05853485351181329,0.08101765765037579
INV 01.01.001,250-450|60+,0.03964108243440411,0.06521230971553899
INV 01.01.001,250-450|8-18,0.05641315886614608,0.11925212247323011
INV 01.01.001,450-650|18-30,0.05052049345580136,0.12203725465125263
INV 01.01.001,450-650|30-45,0.04387867022476937,0.05909096200044332
INV 01.01.001,450-650|45-60,0.0669742200845505,0.085343159973493
INV 01.01.001,450-650|60+,0.05507926884686809,0.07228462437039743
INV 01.01.001,450-650|8-18,0.07784685151039918,0.18183269011939837
INV 01.01.001,650-850|18-30,0.047063890210477896,0.15902162003354112
INV 01.01.001,650-850|30-45,0.04000426193982461,0.08104686135868523
INV 01.01.001,650-850|45-60,0.06099414401387862,0.07958918689178723
INV 01.01.001,650-850|60+,0.07869247311448174,0.1017849294143649
INV 01.01.001,850+|18-30,0.0292949192556804,0.13987822772377745
INV 01.01.001,850+|30-45,0.037304618438352345,0.06673062002958337
INV 01.01.001,850+|45-60,0.049532768523126255,0.07094266182503936
INV 01.01.001,850+|60+,0.04496267213895787,0.05854999629814949
INV 01.01.002,100-250|18-30,0.022235601658290763,0.07136051321914332
INV 01.01.002,100-250|30-45,0.018416958935095325,0.07149839424903531
INV 01.01.002,100-250|45-60,0.0206576859120707,0.07125992228639176
INV 01.01.002,100-250|60+,0.015,0.0673664286422456
INV 01.01.002,100-250|8-18,0.02739556632691242,0.0662825619660865
INV 01.01.002,250-450|18-30,0.03563000397272871,0.0700468458097912
INV 01.01.002,250-450|30-45,0.04054805526550422,0.06917587346588178
INV 01.01.002,250-450|45-60,0.05719198662111023,0.08101765765037579
INV 01.01.002,250-450|60+,0.04093543251128512,0.06521230971553899
INV 01.01.002,250-450|8-18,0.05740804600300516,0.11925212247323011
INV 01.01.002,450-650|18-30,0.05452919457085296,0.12203725465125263
INV 01.01.002,450-650|30-45,0.04398474540598073,0.05909096200044332
INV 01.01.002,450-650|45-60,0.0669144250101625,0.085343159973493
INV 01.01.002,450-650|60+,0.0571692641499673,0.07228462437039743
INV 01.01.002,450-650|8-18,0.07207617359245316,0.18183269011939837
INV 01.01.002,650-850|18-30,0.04877223415141416,0.15902162003354112
INV 01.01.002,650-850|30-45,0.03943304224974286,0.08104686135868523
INV 01.01.002,650-850|45-60,0.06050682450978298,0.07958918689178723
INV 01.01.002,650-850|60+,0.08072951996357147,0.1017849294143649
INV 01.01.002,850+|18-30,0.04069593373997701,0.13987822772377745
INV 01.01.002,850+|30-45,0.037043905160165175,0.06673062002958337
INV 01.01.002,850+|45-60,0.05023492106783223,0.07094266182503936
INV 01.01.002,850+|60+,0.04706162530656777,0.05854999629814949
INV 01.01.003,100-250|18-30,0.020367945712141865,0.07136051321914332
INV 01.01.003,100-250|30-45,0.018978032572446263,0.07149839424903531
INV 01.01.003,100-250|45-60,0.021270362763889463,0.07125992228639176
INV 01.01.003,100-250|60+,0.015,0.0673664286422456
INV 01.01.003,100-250|8-18,0.0259018312090052,0.0662825619660865
INV 01.01.003,250-450|18-30,0.036829110884492554,0.0700468458097912
INV 01.01.003,250-450|30-45,0.04167713194290613,0.06917587346588178
INV 01.01.003,250-450|45-60,0.05795947755769591,0.08101765765037579
INV 01.01.003,250-450|60+,0.04109129017400331,0.06521230971553899
INV 01.01.003,250-450|8-18,0.07852539840220105,0.11925212247323011
INV 01.01.003,450-650|18-30,0.11210969929152621,0.12203725465125263
INV 01.01.003,450-650|30-45,0.04633102106297276,0.05909096200044332
INV 01.01.003,450-650|45-60,0.06915154487569189,0.085343159973493
INV 01.01.003,450-650|60+,0.05953987494135382,0.07228462437039743
INV 01.01.003,450-650|8-18,0.08801487830523942,0.18183269011939837
INV 01.01.003,650-850|18-30,0.06046619046886683,0.15902162003354112
INV 01.01.003,650-850|30-45,0.04301494960697356,0.08104686135868523
INV 01.01.003,650-850|45-60,0.06186679602121016,0.07958918689178723
INV 01.01.003,650-850|60+,0.08211164191818669,0.1017849294143649
INV 01.01.003,850+|18-30,0.04453691545136145,0.13987822772377745
INV 01.01.003,850+|30-45,0.037986448579307885,0.06673062002958337
INV 01.01.003,850+|45-60,0.05136173403595277,0.07094266182503936
INV 01.01.003,850+|60+,0.05188455801562328,0.05854999629814949
INV 01.01.004,100-250|18-30,0.026725824132502938,0.07136051321914332
INV 01.01.004,100-250|30-45,0.02482845310929225,0.07149839424903531
INV 01.01.004,100-250|45-60,0.026755861526840032,0.07125992228639176
INV 01.01.004,100-250|60+,0.015,0.0673664286422456
INV 01.01.004,100-250|8-18,0.036062414950333826,0.0662825619660865
INV 01.01.004,250-450|18-30,0.051456962707838,0.0700468458097912
INV 01.01.004,250-450|30-45,0.05515087602209709,0.06917587346588178
INV 01.01.004,250-450|45-60,0.07084119530513373,0.08101765765037579
INV 01.01.004,250-450|60+,0.049255151247987114,0.06521230971553899
INV 01.01.004,250-450|8-18,0.06106375792016073,0.11925212247323011
INV 01.01.004,450-650|18-30,0.09267424431433433,0.12203725465125263
INV 01.01.004,450-650|30-45,0.06907611385483627,0.05909096200044332
INV 01.01.004,450-650|45-60,0.088696158624595,0.085343159973493
INV 01.01.004,450-650|60+,0.07362295286137749,0.07228462437039743
INV 01.01.004,450-650|8-18,0.03874065834194218,0.18183269011939837
INV 01.01.004,650-850|18-30,0.09689667473232783,0.15902162003354112
INV 01.01.004,650-850|30-45,0.10748566095322437,0.08104686135868523
INV 01.01.004,650-850|45-60,0.08204296722632848,0.07958918689178723
INV 01.01.004,650-850|60+,0.10299393058750171,0.1017849294143649
INV 01.01.004,850+|18-30,0.025972615297202403,0.13987822772377745
INV 01.01.004,850+|30-45,0.09995138600581122,0.06673062002958337
INV 01.01.004,850+|45-60,0.06567731614688035,0.07094266182503936
INV 01.01.004,850+|60+,0.06551777208804375,0.05854999629814949
INV 01.01.005,100-250|18-30,0.02087660992295789,0.07136051321914332
INV 01.01.005,100-250|30-45,0.020173717527177584,0.07149839424903531
INV 01.01.005,100-250|45-60,0.021571361523641076,0.07125992228639176
INV 01.01.005,100-250|60+,0.015,0.0673664286422456
INV 01.01.005,100-250|8-18,0.021429153819861532,0.0662825619660865
INV 01.01.005,250-450|18-30,0.03153263665234071,0.0700468458097912
INV 01.01.005,250-450|30-45,0.0433407768423222,0.06917587346588178
INV 01.01.005,250-450|45-60,0.05992703411873824,0.08101765765037579
INV 01.01.005,250-450|60+,0.04116872081666612,0.06521230971553899
INV 01.01.005,250-450|8-18,0.042813655379122226,0.11925212247323011
INV 01.01.005,450-650|18-30,0.051389648274791776,0.12203725465125263
INV 01.01.005,450-650|30-45,0.04730604508851025,0.05909096200044332
INV 01.01.005,450-650|45-60,0.0725367297724584,0.085343159973493
INV 01.01.005,450-650|60+,0.05982339172120926,0.07228462437039743
INV 01.01.005,450-650|8-18,0.07075607594629707,0.18183269011939837
INV 01.01.005,650-850|18-30,0.06728353222149784,0.15902162003354112
INV 01.01.005,650-850|30-45,0.040396793099361936,0.08104686135868523
INV 01.01.005,650-850|45-60,0.0646721729962018,0.07958918689178723
INV 01.01.005,650-850|60+,0.08545624831205599,0.1017849294143649
INV 01.01.005,850+|18-30,0.07782142448544235,0.13987822772377745
INV 01.01.005,850+|30-45,0.035987385481526725,0.06673062002958337
INV 01.01.005,850+|45-60,0.050820650300265946,0.07094266182503936
INV 01.01.005,850+|60+,0.046445025562912114,0.05854999629814949
INV 01.01.006,100-250|18-30,0.023851444776731054,0.07136051321914332
INV 01.01.006,100-250|30-45,0.02008522601743017,0.07149839424903531
INV 01.01.006,100-250|45-60,0.022298668987799572,0.07125992228639176
INV 01.01.006,100-250|60+,0.015,0.0673664286422456
INV 01.01.006,100-250|8-18,0.02943979173733239,0.0662825619660865
INV 01.01.006,250-450|18-30,0.039488917019928856,0.0700468458097912
INV 01.01.006,250-450|30-45,0.04354838733840645,0.06917587346588178
INV 01.01.006,250-450|45-60,0.06025853336075627,0.08101765765037579
INV 01.01.006,250-450|60+,0.04069459227865407,0.06521230971553899
INV 01.01.006,250-450|8-18,0.059235905617769945,0.11925212247323011
INV 01.01.006,450-650|18-30,0.058042489796130026,0.12203725465125263
INV 01.01.006,450-650|30-45,0.04723552582928636,0.05909096200044332
INV 01.01.006,450-650|45-60,0.07270924775841064,0.085343159973493
INV 01.01.006,450-650|60+,0.059679722576682005,0.07228462437039743
INV 01.01.006,450-650|8-18,0.0726098245705806,0.18183269011939837
INV 01.01.006,650-850|18-30,0.05266152952792606,0.15902162003354112
INV 01.01.006,650-850|30-45,0.04175569222385893,0.08104686135868523
INV 01.01.006,650-850|45-60,0.0654767796899399,0.07958918689178723
INV 01.01.006,650-850|60+,0.08678782145127978,0.1017849294143649
INV 01.01.006,850+|18-30,0.0460624855597984,0.13987822772377745
INV 01.01.006,850+|30-45,0.03637300755265827,0.06673062002958337
INV 01.01.006,850+|45-60,0.05642092726277965,0.07094266182503936
INV 01.01.006,850+|60+,0.050093141364232895,0.05854999629814949
INV 01.01.007,100-250|18-30,0.018190036238680606,0.07136051321914332
INV 01.01.007,100-250|30-45,0.019772928621023506,0.07149839424903531
INV 01.01.007,100-250|45-60,0.021906087699448448,0.07125992228639176
INV 01.01.007,100-250|60+,0.015,0.0673664286422456
INV 01.01.007,100-250|8-18,0.026270921809518052,0.0662825619660865
INV 01.01.007,250-450|18-30,0.02872807892978937,0.0700468458097912
INV 01.01.007,250-450|30-45,0.043661234909390015,0.06917587346588178
INV 01.01.007,250-450|45-60,0.05885452495649461,0.08101765765037579
INV 01.01.007,250-450|60+,0.04119612987700413,0.06521230971553899
INV 01.01.007,250-450|8-18,0.03774949503522168,0.11925212247323011
INV 01.01.007,450-650|18-30,0.05055295429657138,0.12203725465125263
INV 01.01.007,450-650|30-45,0.047354750564696256,0.05909096200044332
INV 01.01.007,450-650|45-60,0.07466486047016796,0.085343159973493
INV 01.01.007,450-650|60+,0.06251949977282789,0.07228462437039743
INV 01.01.007,450-650|8-18,0.04459238570040287,0.18183269011939837
INV 01.01.007,650-850|18-30,0.0639261862193853,0.15902162003354112
INV 01.01.007,650-850|30-45,0.04427918200943456,0.08104686135868523
INV 01.01.007,650-850|45-60,0.06623169197589614,0.07958918689178723
INV 01.01.007,650-850|60+,0.09010059476684017,0.1017849294143649
INV 01.01.007,850+|18-30,0.0448993086395204,0.13987822772377745
INV 01.01.007,850+|30-45,0.04341781475240838,0.06673062002958337
INV 01.01.007,850+|45-60,0.05299853661271744,0.07094266182503936
INV 01.01.007,850+|60+,0.05572002713756557,0.05854999629814949
INV 01.02.008,100-250|18-30,0.024321212034445604,0.07136051321914332
INV 01.02.008,100-250|30-45,0.0213401072607964,0.07149839424903531
INV 01.02.008,100-250|45-60,0.02317337624578244,0.07125992228639176
INV 01.02.008,100-250|60+,0.015,0.0673664286422456
INV 01.02.008,100-250|8-18,0.031144191635037972,0.0662825619660865
INV 01.02.008,250-450|18-30,0.03893534760168316,0.0700468458097912
INV 01.02.008,250-450|30-45,0.044112117576243746,0.06917587346588178
INV 01.02.008,250-450|45-60,0.06183183898741398,0.08101765765037579
INV 01.02.008,250-450|60+,0.041836833987386704,0.06521230971553899
INV 01.02.008,250-450|8-18,0.05956932100126576,0.11925212247323011
INV 01.02.008,450-650|18-30,0.05635856601175633,0.12203725465125263
INV 01.02.008,450-650|30-45,0.04804017977528571,0.05909096200044332
INV 01.02.008,450-650|45-60,0.07507738007933504,0.085343159973493
INV 01.02.008,450-650|60+,0.06291151440350741,0.07228462437039743
INV 01.02.008,450-650|8-18,0.07314798910503305,0.18183269011939837
INV 01.02.008,650-850|18-30,0.051965279373456394,0.15902162003354112
INV 01.02.008,650-850|30-45,0.042553286074152506,0.08104686135868523
INV 01.02.008,650-850|45-60,0.06693274879878375,0.07958918689178723
INV 01.02.008,650-850|60+,0.09167464809684087,0.1017849294143649
INV 01.02.008,850+|18-30,0.043789900536499074,0.13987822772377745
INV 01.02.008,850+|30-45,0.036407280267899154,0.06673062002958337
INV 01.02.008,850+|45-60,0.05110324021122666,0.07094266182503936
INV 01.02.008,850+|60+,0.05393810447941336,0.05854999629814949
INV 01.02.009,100-250|18-30,0.02420241430310846,0.07136051321914332
INV 01.02.009,100-250|30-45,0.021857035602837395,0.07149839424903531
INV 01.02.009,100-250|45-60,0.023182624659894825,0.07125992228639176
INV 01.02.009,100-250|60+,0.015,0.0673664286422456
INV 01.02.009,100-250|8-18,0.02954718468874816,0.0662825619660865
INV 01.02.009,250-450|18-30,0.03831189693568533,0.0700468458097912
INV 01.02.009,250-450|30-45,0.0443113068468856,0.06917587346588178
INV 01.02.009,250-450|45-60,0.062047149934878996,0.08101765765037579
INV 01.02.009,250-450|60+,0.04202844344561602,0.06521230971553899
INV 01.02.009,250-450|8-18,0.058868446232954334,0.11925212247323011
INV 01.02.009,450-650|18-30,0.05554981261621354,0.12203725465125263
INV 01.02.009,450-650|30-45,0.04831286505114012,0.05909096200044332
INV 01.02.009,450-650|45-60,0.07568817339674055,0.085343159973493
INV 01.02.009,450-650|60+,0.06311321483052551,0.07228462437039743
INV 01.02.009,450-650|8-18,0.07231913062861825,0.18183269011939837
INV 01.02.009,650-850|18-30,0.053356592609199914,0.15902162003354112
INV 01.02.009,650-850|30-45,0.04266916986144696,0.08104686135868523
INV 01.02.009,650-850|45-60,0.06697917687031166,0.07958918689178723
INV 01.02.009,650-850|60+,0.09270029958101587,0.1017849294143649
INV 01.02.009,850+|18-30,0.11381933997254662,0.13987822772377745
INV 01.02.009,850+|30-45,0.036184590501894376,0.06673062002958337
INV 01.02.009,850+|45-60,0.05166935240435699,0.07094266182503936
INV 01.02.009,850+|60+,0.055420006658708366,0.05854999629814949
INV 01.02.010,100-250|18-30,0.02207521192613107,0.07136051321914332
INV 01.02.010,100-250|30-45,0.021996765416315508,0.07149839424903531
INV 01.02.010,100-250|45-60,0.022908405772329377,0.07125992228639176
INV 01.02.010,100-250|60+,0.015,0.0673664286422456
INV 01.02.010,100-250|8-18,0.02710447024176027,0.0662825619660865
INV 01.02.010,250-450|18-30,0.037726524769625264,0.0700468458097912
INV 01.02.010,250-450|30-45,0.04461660940669179,0.06917587346588178
INV 01.02.010,250-450|45-60,0.061297485570734174,0.08101765765037579
INV 01.02.010,250-450|60+,0.0420965158325489,0.06521230971553899
INV 01.02.010,250-450|8-18,0.07914683766386758,0.11925212247323011
INV 01.02.010,450-650|18-30,0.10923958473299751,0.12203725465125263
INV 01.02.010,450-650|30-45,0.04890601003673596,0.05909096200044332
INV 01.02.010,450-650|45-60,0.0757875276630779,0.085343159973493
INV 01.02.010,450-650|60+,0.06323463827691221,0.07228462437039743
INV 01.02.010,450-650|8-18,0.09386860215068617,0.18183269011939837
INV 01.02.010,650-850|18-30,0.061031877694774875,0.15902162003354112
INV 01.02.010,650-850|30-45,0.04503473513447377,0.08104686135868523
INV 01.02.010,650-850|45-60,0.06683159503005306,0.07958918689178723
INV 01.02.010,650-850|60+,0.09423918817656772,0.1017849294143649
INV 01.02.010,850+|18-30,0.13960426024280417,0.13987822772377745
INV 01.02.010,850+|30-45,0.03664056168059079,0.06673062002958337
INV 01.02.010,850+|45-60,0.05212870053271086,0.07094266182503936
INV 01.02.010,850+|60+,0.05712214075693833,0.05854999629814949
INV 01.02.011,100-250|18-30,0.019748820119434813,0.07136051321914332
INV 01.02.011,100-250|30-45,0.021824830694486857,0.07149839424903531
INV 01.02.011,100-250|45-60,0.02309877063923621,0.07125992228639176
INV 01.02.011,100-250|60+,0.015,0.0673664286422456
INV 01.02.011,100-250|8-18,0.03221538903127505,0.0662825619660865
INV 01.02.011,250-450|18-30,0.04279031038068336,0.0700468458097912
INV 01.02.011,250-450|30-45,0.04582974315780563,0.06917587346588178
INV 01.02.011,250-450|45-60,0.05986296356467669,0.08101765765037579
INV 01.02.011,250-450|60+,0.04270927740035186,0.06521230971553899
INV 01.02.011,250-450|8-18,0.05349076606256269,0.11925212247323011
INV 01.02.011,450-650|18-30,0.07454867137130186,0.12203725465125263
INV 01.02.011,450-650|30-45,0.051470311706218276,0.05909096200044332
INV 01.02.011,450-650|45-60,0.07663986391002152,0.085343159973493
INV 01.02.011,450-650|60+,0.06350415107280083,0.07228462437039743
INV 01.02.011,450-650|8-18,0.03867755999119548,0.18183269011939837
INV 01.02.011,650-850|18-30,0.07772736758000498,0.15902162003354112
INV 01.02.011,650-850|30-45,0.09250214652931475,0.08104686135868523
INV 01.02.011,650-850|45-60,0.06866122475746525,0.07958918689178723
INV 01.02.011,650-850|60+,0.09480509825317386,0.1017849294143649
INV 01.02.011,850+|18-30,0.04905649849282011,0.13987822772377745
INV 01.02.011,850+|30-45,0.05352342662759036,0.06673062002958337
INV 01.02.011,850+|45-60,0.05449703225785372,0.07094266182503936
INV 01.02.011,850+|60+,0.061102070863360516,0.05854999629814949
INV 01.02.012,100-250|18-30,0.023825182113024954,0.07136051321914332
INV 01.02.012,100-250|30-45,0.0221313322850043,0.07149839424903531
INV 01.02.012,100-250|45-60,0.02343982118205444,0.07125992228639176
INV 01.02.012,100-250|60+,0.015,0.0673664286422456
INV 01.02.012,100-250|8-18,0.029270513003922288,0.0662825619660865
INV 01.02.012,250-450|18-30,0.04037973215857243,0.0700468458097912
INV 01.02.012,250-450|30-45,0.04494413595916563,0.06917587346588178
INV 01.02.012,250-450|45-60,0.06176799994669942,0.08101765765037579
INV 01.02.012,250-450|60+,0.0432989029000181,0.06521230971553899
INV 01.02.012,250-450|8-18,0.06232667601899948,0.11925212247323011
INV 01.02.012,450-650|18-30,0.06018863513075979,0.12203725465125263
INV 01.02.012,450-650|30-45,0.04809909762907514,0.05909096200044332
INV 01.02.012,450-650|45-60,0.07570836242146281,0.085343159973493
INV 01.02.012,450-650|60+,0.061603033135388806,0.07228462437039743
INV 01.02.012,450-650|8-18,0.07280948972547008,0.18183269011939837
INV 01.02.012,650-850|18-30,0.05465969079996536,0.15902162003354112
INV 01.02.012,650-850|30-45,0.044992207239903166,0.08104686135868523
INV 01.02.012,650-850|45-60,0.06641432675213285,0.07958918689178723
INV 01.02.012,650-850|60+,0.09200545896696645,0.1017849294143649
INV 01.02.012,850+|18-30,0.045675787645818845,0.13987822772377745
INV 01.02.012,850+|30-45,0.03687169292130175,0.06673062002958337
INV 01.02.012,850+|45-60,0.05128325266738062,0.07094266182503936
INV 01.02.012,850+|60+,0.056624602896654504,0.05854999629814949
INV 01.02.013,100-250|18-30,0.020373649697238327,0.07136051321914332
INV 01.02.013,100-250|30-45,0.02203582999064211,0.07149839424903531
INV 01.02.013,100-250|45-60,0.023442201534236064,0.07125992228639176
INV 01.02.013,100-250|60+,0.015,0.0673664286422456
INV 01.02.013,100-250|8-18,0.026145409214593417,0.0662825619660865
INV 01.02.013,250-450|18-30,0.029866608578790643,0.0700468458097912
INV 01.02.013,250-450|30-45,0.04491911318079059,0.06917587346588178
INV 01.02.013,250-450|45-60,0.0610969152867747,0.08101765765037579
INV 01.02.013,250-450|60+,0.043551501202173694,0.06521230971553899
INV 01.02.013,250-450|8-18,0.05292427958036338,0.11925212247323011
INV 01.02.013,450-650|18-30,0.07120942094663879,0.12203725465125263
INV 01.02.013,450-650|30-45,0.048124187720038285,0.05909096200044332
INV 01.02.013,450-650|45-60,0.07619161570591698,0.085343159973493
INV 01.02.013,450-650|60+,0.06241480959566758,0.07228462437039743
INV 01.02.013,450-650|8-18,0.07534022301655449,0.18183269011939837
INV 01.02.013,650-850|18-30,0.04306856153312205,0.15902162003354112
INV 01.02.013,650-850|30-45,0.05409139562311154,0.08104686135868523
INV 01.02.013,650-850|45-60,0.06728126163344837,0.07958918689178723
INV 01.02.013,650-850|60+,0.09276901541542493,0.1017849294143649
INV 01.02.013,850+|18-30,0.05665265083957457,0.13987822772377745
INV 01.02.013,850+|30-45,0.04879858662325637,0.06673062002958337
INV 01.02.013,850+|45-60,0.05270878232115522,0.07094266182503936
INV 01.02.013,850+|60+,0.058966165996953424,0.05854999629814949
INV 01.02.014,100-250|18-30,0.020492474964779638,0.07136051321914332
INV 01.02.014,100-250|30-45,0.022908386912310817,0.07149839424903531
INV 01.02.014,100-250|45-60,0.02236589726558836,0.07125992228639176
INV 01.02.014,100-250|60+,0.01596372062193335,0.0673664286422456
INV 01.02.014,100-250|8-18,0.020965697485469042,0.0662825619660865
INV 01.02.014,250-450|18-30,0.03179245919797837,0.0700468458097912
INV 01.02.014,250-450|30-45,0.047287847183812064,0.06917587346588178
INV 01.02.014,250-450|45-60,0.06413470504616686,0.08101765765037579
INV 01.02.014,250-450|60+,0.04282410143389828,0.06521230971553899
INV 01.02.014,250-450|8-18,0.04214775782815692,0.11925212247323011
INV 01.02.014,450-650|18-30,0.05877194564280961,0.12203725465125263
INV 01.02.014,450-650|30-45,0.049532389845971844,0.05909096200044332
INV 01.02.014,450-650|45-60,0.08105501932210772,0.085343159973493
INV 01.02.014,450-650|60+,0.06765227182794994,0.07228462437039743
INV 01.02.014,450-650|8-18,0.07091227025655895,0.18183269011939837
INV 01.02.014,650-850|18-30,0.06425330611555798,0.15902162003354112
INV 01.02.014,650-850|30-45,0.04912842939802937,0.08104686135868523
INV 01.02.014,650-850|45-60,0.06921114317230612,0.07958918689178723
INV 01.02.014,650-850|60+,0.09726656662667435,0.1017849294143649
INV 01.02.014,850+|18-30,0.04883254397001051,0.13987822772377745
INV 01.02.014,850+|30-45,0.04669842886202945,0.06673062002958337
INV 01.02.014,850+|45-60,0.05392524455536741,0.07094266182503936
INV 01.02.014,850+|60+,0.06284463923509252,0.05854999629814949
INV 01.03.015,100-250|18-30,0.02387885947097771,0.07136051321914332
INV 01.03.015,100-250|30-45,0.019035275781925085,0.07149839424903531
INV 01.03.015,100-250|45-60,0.015,0.07125992228639176
INV 01.03.015,100-250|60+,0.015,0.0673664286422456
INV 01.03.015,100-250|8-18,0.028505116550608077,0.0662825619660865
INV 01.03.015,250-450|18-30,0.03842369974688662,0.0700468458097912
INV 01.03.015,250-450|30-45,0.03943880608394742,0.06917587346588178
INV 01.03.015,250-450|45-60,0.05076052485428486,0.08101765765037579
INV 01.03.015,250-450|60+,0.04406480218825162,0.06521230971553899
INV 01.03.015,250-450|8-18,0.06383436368990206,0.11925212247323011
INV 01.03.015,450-650|18-30,0.06456132801397753,0.12203725465125263
INV 01.03.015,450-650|30-45,0.040328332977316896,0.05909096200044332
INV 01.03.015,450-650|45-60,0.06604664766892518,0.085343159973493
INV 01.03.015,450-650|60+,0.06220554257268765,0.07228462437039743
INV 01.03.015,450-650|8-18,0.09094669364892864,0.18183269011939837
INV 01.03.015,650-850|18-30,0.05630904160151659,0.15902162003354112
INV 01.03.015,650-850|30-45,0.03613863577035451,0.08104686135868523
INV 01.03.015,650-850|45-60,0.05756797350761837,0.07958918689178723
INV 01.03.015,650-850|60+,0.08002593913285198,0.1017849294143649
INV 01.03.015,850+|18-30,0.015,0.13987822772377745
INV 01.03.015,850+|30-45,0.04151754275387012,0.06673062002958337
INV 01.03.015,850+|45-60,0.036410737462858285,0.07094266182503936
INV 01.03.015,850+|60+,0.05031876593248071,0.05854999629814949
INV 01.03.016,100-250|18-30,0.023756652790334898,0.07136051321914332
INV 01.03.016,100-250|30-45,0.01892855260896197,0.07149839424903531
INV 01.03.016,100-250|45-60,0.015,0.07125992228639176
INV 01.03.016,100-250|60+,0.015,0.0673664286422456
INV 01.03.016,100-250|8-18,0.02726001413341602,0.0662825619660865
INV 01.03.016,250-450|18-30,0.039416978190366915,0.0700468458097912
INV 01.03.016,250-450|30-45,0.03923467918510944,0.06917587346588178
INV 01.03.016,250-450|45-60,0.05031565859688183,0.08101765765037579
INV 01.03.016,250-450|60+,0.04326451499006482,0.06521230971553899
INV 01.03.016,250-450|8-18,0.06373192656607628,0.11925212247323011
INV 01.03.016,450-650|18-30,0.0681962717676686,0.12203725465125263
INV 01.03.016,450-650|30-45,0.040120764196385446,0.05909096200044332
INV 01.03.016,450-650|45-60,0.06658388280134728,0.085343159973493
INV 01.03.016,450-650|60+,0.06429988395103546,0.07228462437039743
INV 01.03.016,450-650|8-18,0.0938385440337548,0.18183269011939837
INV 01.03.016,650-850|18-30,0.05844838388384047,0.15902162003354112
INV 01.03.016,650-850|30-45,0.035936312542941815,0.08104686135868523
INV 01.03.016,650-850|45-60,0.05752993597038481,0.07958918689178723
INV 01.03.016,650-850|60+,0.08149517018294211,0.1017849294143649
INV 01.03.016,850+|18-30,0.015,0.13987822772377745
INV 01.03.016,850+|30-45,0.04175396976608043,0.06673062002958337
INV 01.03.016,850+|45-60,0.03783132207688895,0.07094266182503936
INV 01.03.016,850+|60+,0.051993775073797106,0.05854999629814949
INV 01.03.017,100-250|18-30,0.019964885486909667,0.07136051321914332
INV 01.03.017,100-250|30-45,0.018945208688050653,0.07149839424903531
INV 01.03.017,100-250|45-60,0.015,0.07125992228639176
INV 01.03.017,100-250|60+,0.015,0.0673664286422456
INV 01.03.017,100-250|8-18,0.02554471483562696,0.0662825619660865
INV 01.03.017,250-450|18-30,0.032762963396855416,0.0700468458097912
INV 01.03.017,250-450|30-45,0.039489419941047335,0.06917587346588178
INV 01.03.017,250-450|45-60,0.050062946229297293,0.08101765765037579
INV 01.03.017,250-450|60+,0.04421355013169926,0.06521230971553899
INV 01.03.017,250-450|8-18,0.07907114630922785,0.11925212247323011
INV 01.03.017,450-650|18-30,0.10861673315019035,0.12203725465125263
INV 01.03.017,450-650|30-45,0.04065313246718939,0.05909096200044332
INV 01.03.017,450-650|45-60,0.06754837470255648,0.085343159973493
INV 01.03.017,450-650|60+,0.06625190155804339,0.07228462437039743
INV 01.03.017,450-650|8-18,0.12432001739109817,0.18183269011939837
INV 01.03.017,650-850|18-30,0.05832501950123918,0.15902162003354112
INV 01.03.017,650-850|30-45,0.03757290736769633,0.08104686135868523
INV 01.03.017,650-850|45-60,0.05814083815373965,0.07958918689178723
INV 01.03.017,650-850|60+,0.08342462000812029,0.1017849294143649
INV 01.03.017,850+|18-30,0.015,0.13987822772377745
INV 01.03.017,850+|30-45,0.04243526665884508,0.06673062002958337
INV 01.03.017,850+|45-60,0.03856827814480605,0.07094266182503936
INV 01.03.017,850+|60+,0.05339083787818956,0.05854999629814949
INV 01.03.018,100-250|18-30,0.0193328798367127,0.07136051321914332
INV 01.03.018,100-250|30-45,0.018823858750168298,0.07149839424903531
INV 01.03.018,100-250|45-60,0.015960158948753363,0.07125992228639176
INV 01.03.018,100-250|60+,0.015,0.0673664286422456
INV 01.03.018,100-250|8-18,0.03142361273468116,0.0662825619660865
INV 01.03.018,250-450|18-30,0.04006832494385716,0.0700468458097912
INV 01.03.018,250-450|30-45,0.04074187891969904,0.06917587346588178
INV 01.03.018,250-450|45-60,0.049074069650753914,0.08101765765037579
INV 01.03.018,250-450|60+,0.045370645985301716,0.06521230971553899
INV 01.03.018,250-450|8-18,0.05086719132820498,0.11925212247323011
INV 01.03.018,450-650|18-30,0.06684583974136901,0.12203725465125263
INV 01.03.018,450-650|30-45,0.043825461204678784,0.05909096200044332
INV 01.03.018,450-650|45-60,0.06800347847120443,0.085343159973493
INV 01.03.018,450-650|60+,0.06718734213576492,0.07228462437039743
INV 01.03.018,450-650|8-18,0.03749687483040105,0.18183269011939837
INV 01.03.018,650-850|18-30,0.06856961305669174,0.15902162003354112
INV 01.03.018,650-850|30-45,0.09059412645378899,0.08104686135868523
INV 01.03.018,650-850|45-60,0.059904403874425055,0.07958918689178723
INV 01.03.018,650-850|60+,0.08466035298945142,0.1017849294143649
INV 01.03.018,850+|18-30,0.02776169571729468,0.13987822772377745
INV 01.03.018,850+|30-45,0.08504129444236304,0.06673062002958337
INV 01.03.018,850+|45-60,0.04307360359185742,0.07094266182503936
INV 01.03.018,850+|60+,0.05779747269144782,0.05854999629814949
INV 01.03.019,100-250|18-30,0.024256806049639108,0.07136051321914332
INV 01.03.019,100-250|30-45,0.02049258912538835,0.07149839424903531
INV 01.03.019,100-250|45-60,0.016920569337469243,0.07125992228639176
INV 01.03.019,100-250|60+,0.015,0.0673664286422456
INV 01.03.019,100-250|8-18,0.028339238835355978,0.0662825619660865
INV 01.03.019,250-450|18-30,0.040438954958071864,0.0700468458097912
INV 01.03.019,250-450|30-45,0.04137909435301936,0.06917587346588178
INV 01.03.019,250-450|45-60,0.05287127329519918,0.08101765765037579
INV 01.03.019,250-450|60+,0.04737552516566563,0.06521230971553899
INV 01.03.019,250-450|8-18,0.06402500522085121,0.11925212247323011
INV 01.03.019,450-650|18-30,0.06351485288549746,0.12203725465125263
INV 01.03.019,450-650|30-45,0.04212764715422079,0.05909096200044332
INV 01.03.019,450-650|45-60,0.07109929740787703,0.085343159973493
INV 01.03.019,450-650|60+,0.06913439803522019,0.07228462437039743
INV 01.03.019,450-650|8-18,0.08607705091590764,0.18183269011939837
INV 01.03.019,650-850|18-30,0.05579185008266355,0.15902162003354112
INV 01.03.019,650-850|30-45,0.038727404679107395,0.08104686135868523
INV 01.03.019,650-850|45-60,0.05833238354970683,0.07958918689178723
INV 01.03.019,650-850|60+,0.08710048704972612,0.1017849294143649
INV 01.03.019,850+|18-30,0.019814005401274152,0.13987822772377745
INV 01.03.019,850+|30-45,0.040727066997480674,0.06673062002958337
INV 01.03.019,850+|45-60,0.03613810918239057,0.07094266182503936
INV 01.03.019,850+|60+,0.050901458366993384,0.05854999629814949
INV 01.03.020,100-250|18-30,0.019079911267117472,0.07136051321914332
INV 01.03.020,100-250|30-45,0.01960378390305526,0.07149839424903531
INV 01.03.020,100-250|45-60,0.0174398297137974,0.07125992228639176
INV 01.03.020,100-250|60+,0.015,0.0673664286422456
INV 01.03.020,100-250|8-18,0.02487199116223976,0.0662825619660865
INV 01.03.020,250-450|18-30,0.02921268362686969,0.0700468458097912
INV 01.03.020,250-450|30-45,0.04113451470849539,0.06917587346588178
INV 01.03.020,250-450|45-60,0.05230102315695606,0.08101765765037579
INV 01.03.020,250-450|60+,0.04823758575907954,0.06521230971553899
INV 01.03.020,250-450|8-18,0.03888927019811045,0.11925212247323011
INV 01.03.020,450-650|18-30,0.057478982976416355,0.12203725465125263
INV 01.03.020,450-650|30-45,0.04195546109884,0.05909096200044332
INV 01.03.020,450-650|45-60,0.07285927047753299,0.085343159973493
INV 01.03.020,450-650|60+,0.07154261290402507,0.07228462437039743
INV 01.03.020,450-650|8-18,0.0699373836848681,0.18183269011939837
INV 01.03.020,650-850|18-30,0.07313589991578265,0.15902162003354112
INV 01.03.020,650-850|30-45,0.039374194367035244,0.08104686135868523
INV 01.03.020,650-850|45-60,0.060148959926074705,0.07958918689178723
INV 01.03.020,650-850|60+,0.091859682620314,0.1017849294143649
INV 01.03.020,850+|18-30,0.046516797570131656,0.13987822772377745
INV 01.03.020,850+|30-45,0.04842148224927397,0.06673062002958337
INV 01.03.020,850+|45-60,0.03913120321481777,0.07094266182503936
INV 01.03.020,850+|60+,0.05486161097502591,0.05854999629814949
INV 01.03.021,100-250|18-30,0.021277068600984276,0.07136051321914332
INV 01.03.021,100-250|30-45,0.019234756877681433,0.07149839424903531
INV 01.03.021,100-250|45-60,0.016708985788447782,0.07125992228639176
INV 01.03.021,100-250|60+,0.015,0.0673664286422456
INV 01.03.021,100-250|8-18,0.01979391210758084,0.0662825619660865
INV 01.03.021,250-450|18-30,0.029165581526643395,0.0700468458097912
INV 01.03.021,250-450|30-45,0.04038805380145208,0.06917587346588178
INV 01.03.021,250-450|45-60,0.05150242027573878,0.08101765765037579
INV 01.03.021,250-450|60+,0.04729179548665928,0.06521230971553899
INV 01.03.021,250-450|8-18,0.036993597401374284,0.11925212247323011
INV 01.03.021,450-650|18-30,0.04662873470337435,0.12203725465125263
INV 01.03.021,450-650|30-45,0.04080282240381973,0.05909096200044332
INV 01.03.021,450-650|45-60,0.06816081150009122,0.085343159973493
INV 01.03.021,450-650|60+,0.0667782653457331,0.07228462437039743
INV 01.03.021,450-650|8-18,0.07362724239386237,0.18183269011939837
INV 01.03.021,650-850|18-30,0.04145256868075855,0.15902162003354112
INV 01.03.021,650-850|30-45,0.03823265946604593,0.08104686135868523
INV 01.03.021,650-850|45-60,0.058858426736956126,0.07958918689178723
INV 01.03.021,650-850|60+,0.08417394693331601,0.1017849294143649
INV 01.03.021,850+|18-30,0.019921341017087642,0.13987822772377745
INV 01.03.021,850+|30-45,0.042694028045615076,0.06673062002958337
INV 01.03.021,850+|45-60,0.036526680421084236,0.07094266182503936
INV 01.03.021,850+|60+,0.050726154566023626,0.05854999629814949
INV 01.04.022,100-250|18-30,0.027017107393362227,0.07136051321914332
INV 01.04.022,100-250|30-45,0.022155558722680102,0.07149839424903531
INV 01.04.022,100-250|45-60,0.01816831087573248,0.07125992228639176
INV 01.04.022,100-250|60+,0.015,0.0673664286422456
INV 01.04.022,100-250|8-18,0.03357325320525648,0.0662825619660865
INV 01.04.022,250-450|18-30,0.0416331320426211,0.0700468458097912
INV 01.04.022,250-450|30-45,0.045075677740907205,0.06917587346588178
INV 01.04.022,250-450|45-60,0.05738503464209632,0.08101765765037579
INV 01.04.022,250-450|60+,0.051130019197083515,0.06521230971553899
INV 01.04.022,250-450|8-18,0.06936914269848724,0.11925212247323011
INV 01.04.022,450-650|18-30,0.06956071403677352,0.12203725465125263
INV 01.04.022,450-650|30-45,0.04566568938835489,0.05909096200044332
INV 01.04.022,450-650|45-60,0.07516777300525226,0.085343159973493
INV 01.04.022,450-650|60+,0.07194765513839238,0.07228462437039743
INV 01.04.022,450-650|8-18,0.10170576731340375,0.18183269011939837
INV 01.04.022,650-850|18-30,0.06166528596124792,0.15902162003354112
INV 01.04.022,650-850|30-45,0.04275495327763401,0.08104686135868523
INV 01.04.022,650-850|45-60,0.06298099497438114,0.07958918689178723
INV 01.04.022,650-850|60+,0.0930325843176142,0.1017849294143649
INV 01.04.022,850+|18-30,0.0295177715672196,0.13987822772377745
INV 01.04.022,850+|30-45,0.044344388699519253,0.06673062002958337
INV 01.04.022,850+|45-60,0.040617431335042815,0.07094266182503936
INV 01.04.022,850+|60+,0.05484342223873276,0.05854999629814949
INV 01.04.023,100-250|18-30,0.026573459801530815,0.07136051321914332
INV 01.04.023,100-250|30-45,0.02199846943226746,0.07149839424903531
INV 01.04.023,100-250|45-60,0.017961766251063365,0.07125992228639176
INV 01.04.023,100-250|60+,0.015,0.0673664286422456
INV 01.04.023,100-250|8-18,0.03267185008848509,0.0662825619660865
INV 01.04.023,250-450|18-30,0.04023084168431224,0.0700468458097912
INV 01.04.023,250-450|30-45,0.04493607573852597,0.06917587346588178
INV 01.04.023,250-450|45-60,0.0576597629412429,0.08101765765037579
INV 01.04.023,250-450|60+,0.05104227051614916,0.06521230971553899
INV 01.04.023,250-450|8-18,0.06675828085166387,0.11925212247323011
INV 01.04.023,450-650|18-30,0.06825863287956184,0.12203725465125263
INV 01.04.023,450-650|30-45,0.045914034468479,0.05909096200044332
INV 01.04.023,450-650|45-60,0.07617511719026253,0.085343159973493
INV 01.04.023,450-650|60+,0.0728027701371321,0.07228462437039743
INV 01.04.023,450-650|8-18,0.09644761042479126,0.18183269011939837
INV 01.04.023,650-850|18-30,0.061926252117455706,0.15902162003354112
INV 01.04.023,650-850|30-45,0.042546634289938594,0.08104686135868523
INV 01.04.023,650-850|45-60,0.06385014619083594,0.07958918689178723
INV 01.04.023,650-850|60+,0.09413987737398682,0.1017849294143649
INV 01.04.023,850+|18-30,0.1373019832742639,0.13987822772377745
INV 01.04.023,850+|30-45,0.04506036124022404,0.06673062002958337
INV 01.04.023,850+|45-60,0.0440823635782199,0.07094266182503936
INV 01.04.023,850+|60+,0.056674274904793494,0.05854999629814949
INV 01.04.024,100-250|18-30,0.02093147371044889,0.07136051321914332
INV 01.04.024,100-250|30-45,0.02194376923086037,0.07149839424903531
INV 01.04.024,100-250|45-60,0.01787433424389201,0.07125992228639176
INV 01.04.024,100-250|60+,0.015,0.0673664286422456
INV 01.04.024,100-250|8-18,0.031641268023653885,0.0662825619660865
INV 01.04.024,250-450|18-30,0.0407816668599356,0.0700468458097912
INV 01.04.024,250-450|30-45,0.046371855705940074,0.06917587346588178
INV 01.04.024,250-450|45-60,0.058148290698356114,0.08101765765037579
INV 01.04.024,250-450|60+,0.05194000737953749,0.06521230971553899
INV 01.04.024,250-450|8-18,0.09809898089760397,0.11925212247323011
INV 01.04.024,450-650|18-30,0.12719854597384095,0.12203725465125263
INV 01.04.024,450-650|30-45,0.047935890479253916,0.05909096200044332
INV 01.04.024,450-650|45-60,0.07959409113634895,0.085343159973493
INV 01.04.024,450-650|60+,0.07574807033536474,0.07228462437039743
INV 01.04.024,450-650|8-18,0.12888377323443143,0.18183269011939837
INV 01.04.024,650-850|18-30,0.06612901768913276,0.15902162003354112
INV 01.04.024,650-850|30-45,0.04349557599945697,0.08104686135868523
INV 01.04.024,650-850|45-60,0.06642709066091858,0.07958918689178723
INV 01.04.024,650-850|60+,0.10015608961777431,0.1017849294143649
INV 01.04.024,850+|18-30,0.1640177084113061,0.13987822772377745
INV 01.04.024,850+|30-45,0.04571053017903247,0.06673062002958337
INV 01.04.024,850+|45-60,0.04290719138486473,0.07094266182503936
INV 01.04.024,850+|60+,0.05893128869178531,0.05854999629814949
INV 01.04.025,100-250|18-30,0.02232092452964719,0.07136051321914332
INV 01.04.025,100-250|30-45,0.021337319495514664,0.07149839424903531
INV 01.04.025,100-250|45-60,0.01794664817296404,0.07125992228639176
INV 01.04.025,100-250|60+,0.015047728919083497,0.0673664286422456
INV 01.04.025,100-250|8-18,0.03560773672157009,0.0662825619660865
INV 01.04.025,250-450|18-30,0.04805148374874201,0.0700468458097912
INV 01.04.025,250-450|30-45,0.04772735232955026,0.06917587346588178
INV 01.04.025,250-450|45-60,0.05694779855001582,0.08101765765037579
INV 01.04.025,250-450|60+,0.050371125405201056,0.06521230971553899
INV 01.04.025,250-450|8-18,0.058693818681006746,0.11925212247323011
INV 01.04.025,450-650|18-30,0.07827612556034784,0.12203725465125263
INV 01.04.025,450-650|30-45,0.05158874101463034,0.05909096200044332
INV 01.04.025,450-650|45-60,0.08075277983069812,0.085343159973493
INV 01.04.025,450-650|60+,0.07733605217455562,0.07228462437039743
INV 01.04.025,450-650|8-18,0.04075996355671714,0.18183269011939837
INV 01.04.025,650-850|18-30,0.08135571564921439,0.15902162003354112
INV 01.04.025,650-850|30-45,0.1067026210161459,0.08104686135868523
INV 01.04.025,650-850|45-60,0.0710477003502303,0.07958918689178723
INV 01.04.025,650-850|60+,0.10476902447386531,0.1017849294143649
INV 01.04.025,850+|18-30,0.029155271374142033,0.13987822772377745
INV 01.04.025,850+|30-45,0.08768150427569589,0.06673062002958337
INV 01.04.025,850+|45-60,0.050970777980707926,0.07094266182503936
INV 01.04.025,850+|60+,0.07418567292920998,0.05854999629814949
INV 01.04.026,100-250|18-30,0.03603754445983589,0.07136051321914332
INV 01.04.026,100-250|30-45,0.03896581990359011,0.07149839424903531
INV 01.04.026,100-250|45-60,0.03323774532945955,0.07125992228639176
INV 01.04.026,100-250|60+,0.023439568259078867,0.0673664286422456
INV 01.04.026,100-250|8-18,0.038334890422316296,0.0662825619660865
INV 01.04.026,250-450|18-30,0.06371435656728335,0.0700468458097912
INV 01.04.026,250-450|30-45,0.08157923971316751,0.06917587346588178
INV 01.04.026,250-450|45-60,0.0993102442999059,0.08101765765037579
INV 01.04.026,250-450|60+,0.0885056505287932,0.06521230971553899
INV 01.04.026,250-450|8-18,0.10725513224622943,0.11925212247323011
INV 01.04.026,450-650|18-30,0.1566860843111137,0.12203725465125263
INV 01.04.026,450-650|30-45,0.08367748359901388,0.05909096200044332
INV 01.04.026,450-650|45-60,0.14064615731145882,0.085343159973493
INV 01.04.026,450-650|60+,0.13821628641113826,0.07228462437039743
INV 01.04.026,450-650|8-18,0.1661163601885074,0.18183269011939837
INV 01.04.026,650-850|18-30,0.12751430727494695,0.15902162003354112
INV 01.04.026,650-850|30-45,0.07270757930593627,0.08104686135868523
INV 01.04.026,650-850|45-60,0.11366685262934477,0.07958918689178723
INV 01.04.026,650-850|60+,0.1751970405637257,0.1017849294143649
INV 01.04.026,850+|18-30,0.07986717446910677,0.13987822772377745
INV 01.04.026,850+|30-45,0.07830612091441885,0.06673062002958337
INV 01.04.026,850+|45-60,0.07743736876892672,0.07094266182503936
INV 01.04.026,850+|60+,0.09960296340719044,0.05854999629814949
INV 01.04.027,100-250|18-30,0.029999211434860062,0.07136051321914332
INV 01.04.027,100-250|30-45,0.029989179661662133,0.07149839424903531
INV 01.04.027,100-250|45-60,0.025381731642082236,0.07125992228639176
INV 01.04.027,100-250|60+,0.018491529609770775,0.0673664286422456
INV 01.04.027,100-250|8-18,0.03474267881806408,0.0662825619660865
INV 01.04.027,250-450|18-30,0.04414062319539877,0.0700468458097912
INV 01.04.027,250-450|30-45,0.061835735303776444,0.06917587346588178
INV 01.04.027,250-450|45-60,0.07503008335936967,0.08101765765037579
INV 01.04.027,250-450|60+,0.06575174974880134,0.06521230971553899
INV 01.04.027,250-450|8-18,0.07220158752947972,0.11925212247323011
INV 01.04.027,450-650|18-30,0.07745487384464103,0.12203725465125263
INV 01.04.027,450-650|30-45,0.06274809169337044,0.05909096200044332
INV 01.04.027,450-650|45-60,0.10512780110251094,0.085343159973493
INV 01.04.027,450-650|60+,0.10175370856144574,0.07228462437039743
INV 01.04.027,450-650|8-18,0.10146828641362433,0.18183269011939837
INV 01.04.027,650-850|18-30,0.09148857598236544,0.15902162003354112
INV 01.04.027,650-850|30-45,0.05195889339863327,0.08104686135868523
INV 01.04.027,650-850|45-60,0.08483169469595286,0.07958918689178723
INV 01.04.027,650-850|60+,0.12332214159448654,0.1017849294143649
INV 01.04.027,850+|18-30,0.0506380157473088,0.13987822772377745
INV 01.04.027,850+|30-45,0.05803312795042136,0.06673062002958337
INV 01.04.027,850+|45-60,0.054165178662180645,0.07094266182503936
INV 01.04.027,850+|60+,0.07596709509504244,0.05854999629814949
INV 01.04.028,100-250|18-30,0.024956981683630183,0.07136051321914332
INV 01.04.028,100-250|30-45,0.02359828548201203,0.07149839424903531
INV 01.04.028,100-250|45-60,0.018050101376386837,0.07125992228639176
INV 01.04.028,100-250|60+,0.015,0.0673664286422456
INV 01.04.028,100-250|8-18,0.023224445475179357,0.0662825619660865
INV 01.04.028,250-450|18-30,0.03479578324950631,0.0700468458097912
INV 01.04.028,250-450|30-45,0.04773852527809204,0.06917587346588178
INV 01.04.028,250-450|45-60,0.0594888278435081,0.08101765765037579
INV 01.04.028,250-450|60+,0.05169102318137113,0.06521230971553899
INV 01.04.028,250-450|8-18,0.045110307250349195,0.11925212247323011
INV 01.04.028,450-650|18-30,0.0537288338802447,0.12203725465125263
INV 01.04.028,450-650|30-45,0.04941417024252677,0.05909096200044332
INV 01.04.028,450-650|45-60,0.08149697905896307,0.085343159973493
INV 01.04.028,450-650|60+,0.07957950704588461,0.07228462437039743
INV 01.04.028,450-650|8-18,0.0760621909326394,0.18183269011939837
INV 01.04.028,650-850|18-30,0.05225738713665427,0.15902162003354112
INV 01.04.028,650-850|30-45,0.0410230595614538,0.08104686135868523
INV 01.04.028,650-850|45-60,0.06838328580294804,0.07958918689178723
INV 01.04.028,650-850|60+,0.10276546559586751,0.1017849294143649
INV 01.04.028,850+|18-30,0.033447954102332283,0.13987822772377745
INV 01.04.028,850+|30-45,0.04777393388236363,0.06673062002958337
INV 01.04.028,850+|45-60,0.04372431904165859,0.07094266182503936
INV 01.04.028,850+|60+,0.06051064479764563,0.05854999629814949
INV 01.05.029,100-250|18-30,0.024973848716186915,0.07136051321914332
INV 01.05.029,100-250|30-45,0.02283243671712566,0.07149839424903531
INV 01.05.029,100-250|45-60,0.01733364648731738,0.07125992228639176
INV 01.05.029,100-250|60+,0.015,0.0673664286422456
INV 01.05.029,100-250|8-18,0.023823271889506593,0.0662825619660865
INV 01.05.029,250-450|18-30,0.033428341745153405,0.0700468458097912
INV 01.05.029,250-450|30-45,0.047352724543935694,0.06917587346588178
INV 01.05.029,250-450|45-60,0.059529887490672694,0.08101765765037579
INV 01.05.029,250-450|60+,0.0493934090948309,0.06521230971553899
INV 01.05.029,250-450|8-18,0.044350321645551714,0.11925212247323011
INV 01.05.029,450-650|18-30,0.05184241811246885,0.12203725465125263
INV 01.05.029,450-650|30-45,0.047441960755698225,0.05909096200044332
INV 01.05.029,450-650|45-60,0.07992533041599366,0.085343159973493
INV 01.05.029,450-650|60+,0.07109922066428936,0.07228462437039743
INV 01.05.029,450-650|8-18,0.07762290888677278,0.18183269011939837
INV 01.05.029,650-850|18-30,0.0466649634255738,0.15902162003354112
INV 01.05.029,650-850|30-45,0.04004702400770144,0.08104686135868523
INV 01.05.029,650-850|45-60,0.06854592150583998,0.07958918689178723
INV 01.05.029,650-850|60+,0.09930183816276053,0.1017849294143649
INV 01.05.029,850+|18-30,0.01949593990473248,0.13987822772377745
INV 01.05.029,850+|30-45,0.04410446834498468,0.06673062002958337
INV 01.05.029,850+|45-60,0.04362139398188381,0.07094266182503936
INV 01.05.029,850+|60+,0.05681873923911914,0.05854999629814949
INV 01.05.030,100-250|18-30,0.15453576790984955,0.07136051321914332
INV 01.05.030,100-250|30-45,0.1690793181415206,0.07149839424903531
INV 01.05.030,100-250|45-60,0.15413555068134058,0.07125992228639176
INV 01.05.030,100-250|60+,0.15384938634239576,0.0673664286422456
INV 01.05.030,100-250|8-18,0.14678655212416453,0.0662825619660865
INV 01.05.030,250-450|18-30,0.1694880243188402,0.0700468458097912
INV 01.05.030,250-450|30-45,0.22500732198802811,0.06917587346588178
INV 01.05.030,250-450|45-60,0.33366299975431124,0.08101765765037579
INV 01.05.030,250-450|60+,0.2174957647309922,0.06521230971553899
INV 01.05.030,250-450|8-18,0.20840272139145116,0.11925212247323011
INV 01.05.030,450-650|18-30,0.19416771744889946,0.12203725465125263
INV 01.05.030,450-650|30-45,0.5723143050556457,0.05909096200044332
INV 01.05.030,450-650|45-60,0.5845602552238396,0.085343159973493
INV 01.05.030,450-650|60+,,0.07228462437039743
INV 01.05.030,450-650|8-18,0.19025728136520656,0.18183269011939837
INV 01.05.030,650-850|18-30,0.1739285582447517,0.15902162003354112
INV 01.05.030,650-850|45-60,0.6726870467913599,0.07958918689178723
INV 01.05.030,650-850|60+,,0.1017849294143649
INV 01.05.030,850+|60+,,0.05854999629814949
INV 01.05.031,100-250|18-30,0.024816528707616223,0.07136051321914332
INV 01.05.031,100-250|30-45,0.023152104419534303,0.07149839424903531
INV 01.05.031,100-250|45-60,0.017642329091344677,0.07125992228639176
INV 01.05.031,100-250|60+,0.015,0.0673664286422456
INV 01.05.031,100-250|8-18,0.02361874089075336,0.0662825619660865
INV 01.05.031,250-450|18-30,0.03604891807945236,0.0700468458097912
INV 01.05.031,250-450|30-45,0.04837243763607992,0.06917587346588178
INV 01.05.031,250-450|45-60,0.06020830485059027,0.08101765765037579
INV 01.05.031,250-450|60+,0.050914566497810454,0.06521230971553899
INV 01.05.031,250-450|8-18,0.04604513163440176,0.11925212247323011
INV 01.05.031,450-650|18-30,0.05462692615250953,0.12203725465125263
INV 01.05.031,450-650|30-45,0.048365200888015186,0.05909096200044332
INV 01.05.031,450-650|45-60,0.0815244377603409,0.085343159973493
INV 01.05.031,450-650|60+,0.07529931809095558,0.07228462437039743
INV 01.05.031,450-650|8-18,0.07744723733349562,0.18183269011939837
INV 01.05.031,650-850|18-30,0.04299707863083349,0.15902162003354112
INV 01.05.031,650-850|30-45,0.057188117459217404,0.08104686135868523
INV 01.05.031,650-850|45-60,0.06939893934620509,0.07958918689178723
INV 01.05.031,650-850|60+,0.10268443717263362,0.1017849294143649
INV 01.05.031,850+|18-30,0.018397928117195192,0.13987822772377745
INV 01.05.031,850+|30-45,0.06345792494039339,0.06673062002958337
INV 01.05.031,850+|45-60,0.04531895483937651,0.07094266182503936
INV 01.05.031,850+|60+,0.05924018365785077,0.05854999629814949
INV 01.05.032,100-250|18-30,0.04345479305151837,0.07136051321914332
INV 01.05.032,100-250|30-45,0.03562039723319319,0.07149839424903531
INV 01.05.032,100-250|45-60,0.04629060652988297,0.07125992228639176
INV 01.05.032,100-250|60+,0.015,0.0673664286422456
INV 01.05.032,100-250|8-18,0.032701929789215115,0.0662825619660865
INV 01.05.032,250-450|18-30,0.09031709462157654,0.0700468458097912
INV 01.05.032,250-450|30-45,0.09326565329761662,0.06917587346588178
INV 01.05.032,250-450|45-60,0.09447122588377249,0.08101765765037579
INV 01.05.032,250-450|60+,0.05560517624712329,0.06521230971553899
INV 01.05.032,250-450|8-18,0.04851713776618357,0.11925212247323011
INV 01.05.032,450-650|18-30,0.06872651884144328,0.12203725465125263
INV 01.05.032,450-650|30-45,0.16241819451320003,0.05909096200044332
INV 01.05.032,450-650|45-60,0.15997319732886772,0.085343159973493
INV 01.05.032,450-650|60+,0.0862605662537684,0.07228462437039743
INV 01.05.032,450-650|8-18,0.09004487585380867,0.18183269011939837
INV 01.05.032,650-850|18-30,0.05746439792321404,0.15902162003354112
INV 01.05.032,650-850|30-45,0.17209068467582314,0.08104686135868523
INV 01.05.032,650-850|45-60,0.2352764119896987,0.07958918689178723
INV 01.05.032,650-850|60+,0.12548183609433558,0.1017849294143649
INV 01.05.032,850+|18-30,0.05368762604394099,0.13987822772377745
INV 01.05.032,850+|30-45,0.08147921038635138,0.06673062002958337
INV 01.05.032,850+|45-60,0.3016799361567285,0.07094266182503936
INV 01.05.032,850+|60+,0.07721072371390865,0.05854999629814949
INV 01.05.033,100-250|18-30,0.026135311617165372,0.07136051321914332
INV 01.05.033,100-250|30-45,0.025959318749806757,0.07149839424903531
INV 01.05.033,100-250|45-60,0.01968568128411411,0.07125992228639176
INV 01.05.033,100-250|60+,0.015,0.0673664286422456
INV 01.05.033,100-250|8-18,0.024252728385297222,0.0662825619660865
INV 01.05.033,250-450|18-30,0.038187728304395006,0.0700468458097912
INV 01.05.033,250-450|30-45,0.04786429804375326,0.06917587346588178
INV 01.05.033,250-450|45-60,0.06239392000963856,0.08101765765037579
INV 01.05.033,250-450|60+,0.05048883511840837,0.06521230971553899
INV 01.05.033,250-450|8-18,0.04774356976653248,0.11925212247323011
INV 01.05.033,450-650|18-30,0.05651724026994806,0.12203725465125263
INV 01.05.033,450-650|30-45,0.04784877757319599,0.05909096200044332
INV 01.05.033,450-650|45-60,0.08215109740871533,0.085343159973493
INV 01.05.033,450-650|60+,0.07455136277609324,0.07228462437039743
INV 01.05.033,450-650|8-18,0.07367279444947393,0.18183269011939837
INV 01.05.033,650-850|18-30,0.04520801651117121,0.15902162003354112
INV 01.05.033,650-850|30-45,0.041536628417573586,0.08104686135868523
INV 01.05.033,650-850|45-60,0.06913028765208268,0.07958918689178723
INV 01.05.033,650-850|60+,0.11068508185755499,0.1017849294143649
INV 01.05.033,850+|18-30,0.04153799654836225,0.13987822772377745
INV 01.05.033,850+|30-45,0.05411936613090407,0.06673062002958337
INV 01.05.033,850+|45-60,0.04842391483278334,0.07094266182503936
INV 01.05.033,850+|60+,0.06207792755751435,0.05854999629814949
INV 01.05.034,100-250|18-30,0.029020946671614655,0.07136051321914332
INV 01.05.034,100-250|30-45,0.02755091351152056,0.07149839424903531
INV 01.05.034,100-250|45-60,0.021582959829200842,0.07125992228639176
INV 01.05.034,100-250|60+,0.01590697954195439,0.0673664286422456
INV 01.05.034,100-250|8-18,0.03408906374048536,0.0662825619660865
INV 01.05.034,250-450|18-30,0.047343191994605245,0.0700468458097912
INV 01.05.034,250-450|30-45,0.051375108203603775,0.06917587346588178
INV 01.05.034,250-450|45-60,0.06512030964778762,0.08101765765037579
INV 01.05.034,250-450|60+,0.05200296875340441,0.06521230971553899
INV 01.05.034,250-450|8-18,0.06762492087791015,0.11925212247323011
INV 01.05.034,450-650|18-30,0.07144126171038825,0.12203725465125263
INV 01.05.034,450-650|30-45,0.05232032770793202,0.05909096200044332
INV 01.05.034,450-650|45-60,0.08320996094861771,0.085343159973493
INV 01.05.034,450-650|60+,0.07680729580750142,0.07228462437039743
INV 01.05.034,450-650|8-18,0.0893219529274986,0.18183269011939837
INV 01.05.034,650-850|18-30,0.05438952323579833,0.15902162003354112
INV 01.05.034,650-850|30-45,0.04921538959717782,0.08104686135868523
INV 01.05.034,650-850|45-60,0.06840126222813976,0.07958918689178723
INV 01.05.034,650-850|60+,0.11257218626879426,0.1017849294143649
INV 01.05.034,850+|18-30,0.03619126153263756,0.13987822772377745
INV 01.05.034,850+|30-45,0.05483028444781251,0.06673062002958337
INV 01.05.034,850+|45-60,0.04726059532552373,0.07094266182503936
INV 01.05.034,850+|60+,0.058647771434753984,0.05854999629814949
INV 01.05.035,100-250|18-30,0.026220470714655705,0.07136051321914332
INV 01.05.035,100-250|30-45,0.026714907302503327,0.07149839424903531
INV 01.05.035,100-250|45-60,0.021667725241525482,0.07125992228639176
INV 01.05.035,100-250|60+,0.016190487178363976,0.0673664286422456
INV 01.05.035,100-250|8-18,0.027300834922764184,0.0662825619660865
INV 01.05.035,250-450|18-30,0.03916052904958726,0.0700468458097912
INV 01.05.035,250-450|30-45,0.05133697435573114,0.06917587346588178
INV 01.05.035,250-450|45-60,0.06409503524806386,0.08101765765037579
INV 01.05.035,250-450|60+,0.05065929699531237,0.06521230971553899
INV 01.05.035,250-450|8-18,0.0496833268910841,0.11925212247323011
INV 01.05.035,450-650|18-30,0.060589930078178575,0.12203725465125263
INV 01.05.035,450-650|30-45,0.05198703197487998,0.05909096200044332
INV 01.05.035,450-650|45-60,0.0863806726910615,0.085343159973493
INV 01.05.035,450-650|60+,0.0796657498868721,0.07228462437039743
INV 01.05.035,450-650|8-18,0.08335663546858689,0.18183269011939837
INV 01.05.035,650-850|18-30,0.04894413003732193,0.15902162003354112
INV 01.05.035,650-850|30-45,0.046367131045895384,0.08104686135868523
INV 01.05.035,650-850|45-60,0.0705271326291403,0.07958918689178723
INV 01.05.035,650-850|60+,0.10937295061987674,0.1017849294143649
INV 01.05.035,850+|18-30,0.03653909063407345,0.13987822772377745
INV 01.05.035,850+|30-45,0.057814776120932665,0.06673062002958337
INV 01.05.035,850+|45-60,0.04878498662964454,0.07094266182503936
INV 01.05.035,850+|60+,0.061199825024716686,0.05854999629814949
INV 01.06.036,100-250|18-30,0.023607061171034498,0.07136051321914332
INV 01.06.036,100-250|30-45,0.017781928707721596,0.07149839424903531
INV 01.06.036,100-250|45-60,0.020752276774795252,0.07125992228639176
INV 01.06.036,100-250|60+,0.015,0.0673664286422456
INV 01.06.036,100-250|8-18,0.030802752462445477,0.0662825619660865
INV 01.06.036,250-450|18-30,0.03600615250829491,0.0700468458097912
INV 01.06.036,250-450|30-45,0.03676519660257527,0.06917587346588178
INV 01.06.036,250-450|45-60,0.05578274161731891,0.08101765765037579
INV 01.06.036,250-450|60+,0.044397176543346996,0.06521230971553899
INV 01.06.036,250-450|8-18,0.06477741736715058,0.11925212247323011
INV 01.06.036,450-650|18-30,0.05994860817058211,0.12203725465125263
INV 01.06.036,450-650|30-45,0.040549415086403556,0.05909096200044332
INV 01.06.036,450-650|45-60,0.06366767624605087,0.085343159973493
INV 01.06.036,450-650|60+,0.05255288033186501,0.07228462437039743
INV 01.06.036,450-650|8-18,0.07955797157729354,0.18183269011939837
INV 01.06.036,650-850|18-30,0.05046247690623432,0.15902162003354112
INV 01.06.036,650-850|30-45,0.04241961642625376,0.08104686135868523
INV 01.06.036,650-850|45-60,0.058498219802321505,0.07958918689178723
INV 01.06.036,650-850|60+,0.07007091730163845,0.1017849294143649
INV 01.06.036,850+|18-30,0.1361888407166776,0.13987822772377745
INV 01.06.036,850+|30-45,0.031189024152460304,0.06673062002958337
INV 01.06.036,850+|45-60,0.04730145194168241,0.07094266182503936
INV 01.06.036,850+|60+,0.037585762231228316,0.05854999629814949
INV 01.06.037,100-250|18-30,0.021986231716289963,0.07136051321914332
INV 01.06.037,100-250|30-45,0.017460208414373152,0.07149839424903531
INV 01.06.037,100-250|45-60,0.020238728445307847,0.07125992228639176
INV 01.06.037,100-250|60+,0.015,0.0673664286422456
INV 01.06.037,100-250|8-18,0.02825333700259763,0.0662825619660865
INV 01.06.037,250-450|18-30,0.03485694000189821,0.0700468458097912
INV 01.06.037,250-450|30-45,0.03769679095058167,0.06917587346588178
INV 01.06.037,250-450|45-60,0.05518770418412133,0.08101765765037579
INV 01.06.037,250-450|60+,0.033479401828436055,0.06521230971553899
INV 01.06.037,250-450|8-18,0.060112607226769844,0.11925212247323011
INV 01.06.037,450-650|18-30,0.061292875810840045,0.12203725465125263
INV 01.06.037,450-650|30-45,0.04102026558613,0.05909096200044332
INV 01.06.037,450-650|45-60,0.06633973575856433,0.085343159973493
INV 01.06.037,450-650|60+,0.04704230631055663,0.07228462437039743
INV 01.06.037,450-650|8-18,0.13259545334793615,0.18183269011939837
INV 01.06.037,650-850|18-30,0.05230199096568082,0.15902162003354112
INV 01.06.037,650-850|30-45,0.04205554508837089,0.08104686135868523
INV 01.06.037,650-850|45-60,0.06002861919249133,0.07958918689178723
INV 01.06.037,650-850|60+,0.0796007915478773,0.1017849294143649
INV 01.06.037,850+|18-30,0.03935282774038813,0.13987822772377745
INV 01.06.037,850+|30-45,0.032626263584746955,0.06673062002958337
INV 01.06.037,850+|45-60,0.04817791469769163,0.07094266182503936
INV 01.06.037,850+|60+,0.03919798034955499,0.05854999629814949
INV 01.06.038,100-250|18-30,0.020660752021158003,0.07136051321914332
INV 01.06.038,100-250|30-45,0.017753295179889186,0.07149839424903531
INV 01.06.038,100-250|45-60,0.020087015959877955,0.07125992228639176
INV 01.06.038,100-250|60+,0.015,0.0673664286422456
INV 01.06.038,100-250|8-18,0.025676303404572113,0.0662825619660865
INV 01.06.038,250-450|18-30,0.03277114788892179,0.0700468458097912
INV 01.06.038,250-450|30-45,0.036712789875486464,0.06917587346588178
INV 01.06.038,250-450|45-60,0.0538580545786076,0.08101765765037579
INV 01.06.038,250-450|60+,0.04357202275072074,0.06521230971553899
INV 01.06.038,250-450|8-18,0.0766224041903358,0.11925212247323011
INV 01.06.038,450-650|18-30,0.10512592855719458,0.12203725465125263
INV 01.06.038,450-650|30-45,0.041142077242319844,0.05909096200044332
INV 01.06.038,450-650|45-60,0.06444516794560141,0.085343159973493
INV 01.06.038,450-650|60+,0.0530218347348945,0.07228462437039743
INV 01.06.038,450-650|8-18,0.09751027969044553,0.18183269011939837
INV 01.06.038,650-850|18-30,0.052268548384462495,0.15902162003354112
INV 01.06.038,650-850|30-45,0.04240297032479513,0.08104686135868523
INV 01.06.038,650-850|45-60,0.0580371582951951,0.07958918689178723
INV 01.06.038,650-850|60+,0.07136570538094172,0.1017849294143649
INV 01.06.038,850+|18-30,0.054247461202079024,0.13987822772377745
INV 01.06.038,850+|30-45,0.03484644626880328,0.06673062002958337
INV 01.06.038,850+|45-60,0.04882225590094091,0.07094266182503936
INV 01.06.038,850+|60+,0.04087867086436468,0.05854999629814949
INV 01.06.039,100-250|18-30,0.01868242773740856,0.07136051321914332
INV 01.06.039,100-250|30-45,0.018257644523846567,0.07149839424903531
INV 01.06.039,100-250|45-60,0.020334079470241816,0.07125992228639176
INV 01.06.039,100-250|60+,0.015,0.0673664286422456
INV 01.06.039,100-250|8-18,0.03005490611216237,0.0662825619660865
INV 01.06.039,250-450|18-30,0.04574372157013724,0.0700468458097912
INV 01.06.039,250-450|30-45,0.03792785116664737,0.06917587346588178
INV 01.06.039,250-450|45-60,0.05243571021098066,0.08101765765037579
INV 01.06.039,250-450|60+,0.042901868920679244,0.06521230971553899
INV 01.06.039,250-450|8-18,0.056404187071221405,0.11925212247323011
INV 01.06.039,450-650|18-30,0.08059842396969132,0.12203725465125263
INV 01.06.039,450-650|30-45,0.04688168065461499,0.05909096200044332
INV 01.06.039,450-650|45-60,0.06461862289770379,0.085343159973493
INV 01.06.039,450-650|60+,0.054465241312569114,0.07228462437039743
INV 01.06.039,450-650|8-18,0.03584687710361247,0.18183269011939837
INV 01.06.039,650-850|18-30,0.0774436814261858,0.15902162003354112
INV 01.06.039,650-850|30-45,0.10088055343261418,0.08104686135868523
INV 01.06.039,650-850|45-60,0.058955631520973384,0.07958918689178723
INV 01.06.039,650-850|60+,0.07242503638245182,0.1017849294143649
INV 01.06.039,850+|18-30,0.02274287989048845,0.13987822772377745
INV 01.06.039,850+|30-45,0.061353493148199656,0.06673062002958337
INV 01.06.039,850+|45-60,0.050166680825131926,0.07094266182503936
INV 01.06.039,850+|60+,0.043044459973648766,0.05854999629814949
INV 01.06.040,100-250|18-30,0.028435724874497866,0.07136051321914332
INV 01.06.040,100-250|30-45,0.023476071093402936,0.07149839424903531
INV 01.06.040,100-250|45-60,0.027258308322303356,0.07125992228639176
INV 01.06.040,100-250|60+,0.015,0.0673664286422456
INV 01.06.040,100-250|8-18,0.03617834120369209,0.0662825619660865
INV 01.06.040,250-450|18-30,0.04133194912011039,0.0700468458097912
INV 01.06.040,250-450|30-45,0.04782055426871946,0.06917587346588178
INV 01.06.040,250-450|45-60,0.07218443950197598,0.08101765765037579
INV 01.06.040,250-450|60+,0.04321730929091735,0.06521230971553899
INV 01.06.040,250-450|8-18,0.07633572775360663,0.11925212247323011
INV 01.06.040,450-650|18-30,0.07030505118328279,0.12203725465125263
INV 01.06.040,450-650|30-45,0.0516976874100941,0.05909096200044332
INV 01.06.040,450-650|45-60,0.08256214255810462,0.085343159973493
INV 01.06.040,450-650|60+,0.059648539588998004,0.07228462437039743
INV 01.06.040,450-650|8-18,0.09786524071551445,0.18183269011939837
INV 01.06.040,650-850|18-30,0.06331594777603738,0.15902162003354112
INV 01.06.040,650-850|30-45,0.051218149575685865,0.08104686135868523
INV 01.06.040,650-850|45-60,0.075599266989242,0.07958918689178723
INV 01.06.040,650-850|60+,0.09019954135202642,0.1017849294143649
INV 01.06.040,850+|18-30,0.039666645673663785,0.13987822772377745
INV 01.06.040,850+|30-45,0.04071573582525602,0.06673062002958337
INV 01.06.040,850+|45-60,0.059484948073093395,0.07094266182503936
INV 01.06.040,850+|60+,0.0477945877502701,0.05854999629814949
INV 01.06.041,100-250|18-30,0.02410791366917596,0.07136051321914332
INV 01.06.041,100-250|30-45,0.019193800469219872,0.07149839424903531
INV 01.06.041,100-250|45-60,0.021725318078953962,0.07125992228639176
INV 01.06.041,100-250|60+,0.015,0.0673664286422456
INV 01.06.041,100-250|8-18,0.030819440591619014,0.0662825619660865
INV 01.06.041,250-450|18-30,0.035820909485709304,0.0700468458097912
INV 01.06.041,250-450|30-45,0.04052377880728855,0.06917587346588178
INV 01.06.041,250-450|45-60,0.057381747884807925,0.08101765765037579
INV 01.06.041,250-450|60+,0.04029395188078549,0.06521230971553899
INV 01.06.041,250-450|8-18,0.06754093783852673,0.11925212247323011
INV 01.06.041,450-650|18-30,0.06102872272296049,0.12203725465125263
INV 01.06.041,450-650|30-45,0.04401813343031003,0.05909096200044332
INV 01.06.041,450-650|45-60,0.0704107850922082,0.085343159973493
INV 01.06.041,450-650|60+,0.058327916952360774,0.07228462437039743
INV 01.06.041,450-650|8-18,0.08007853977722627,0.18183269011939837
INV 01.06.041,650-850|18-30,0.051500748114526214,0.15902162003354112
INV 01.06.041,650-850|30-45,0.04385143485497604,0.08104686135868523
INV 01.06.041,650-850|45-60,0.06283494087978321,0.07958918689178723
INV 01.06.041,650-850|60+,0.08029038418905994,0.1017849294143649
INV 01.06.041,850+|18-30,0.047545008809726196,0.13987822772377745
INV 01.06.041,850+|30-45,0.033025626150901495,0.06673062002958337
INV 01.06.041,850+|45-60,0.048284224298965735,0.07094266182503936
INV 01.06.041,850+|60+,0.03831421457550707,0.05854999629814949
INV 01.06.042,100-250|18-30,0.01755699598617539,0.07136051321914332
INV 01.06.042,100-250|30-45,0.018845429675770013,0.07149839424903531
INV 01.06.042,100-250|45-60,0.020973644142704438,0.07125992228639176
INV 01.06.042,100-250|60+,0.015,0.0673664286422456
INV 01.06.042,100-250|8-18,0.024166618187561682,0.0662825619660865
INV 01.06.042,250-450|18-30,0.03055279645845449,0.0700468458097912
INV 01.06.042,250-450|30-45,0.03984847007978421,0.06917587346588178
INV 01.06.042,250-450|45-60,0.054782818119838775,0.08101765765037579
INV 01.06.042,250-450|60+,0.035290329895191506,0.06521230971553899
INV 01.06.042,250-450|8-18,0.06247506643762639,0.11925212247323011
INV 01.06.042,450-650|18-30,0.10320807682270712,0.12203725465125263
INV 01.06.042,450-650|30-45,0.04286483666341621,0.05909096200044332
INV 01.06.042,450-650|45-60,0.06940649043933328,0.085343159973493
INV 01.06.042,450-650|60+,0.056568256759162695,0.07228462437039743
INV 01.06.042,450-650|8-18,0.08822252418704518,0.18183269011939837
INV 01.06.042,650-850|18-30,0.05178177052456558,0.15902162003354112
INV 01.06.042,650-850|30-45,0.039342251189542085,0.08104686135868523
INV 01.06.042,650-850|45-60,0.061996652838862396,0.07958918689178723
INV 01.06.042,650-850|60+,0.07922993271834709,0.1017849294143649
INV 01.06.042,850+|18-30,0.07665434214359579,0.13987822772377745
INV 01.06.042,850+|30-45,0.035318669245766134,0.06673062002958337
INV 01.06.042,850+|45-60,0.049233201704589814,0.07094266182503936
INV 01.06.042,850+|60+,0.03988357038241465,0.05854999629814949
INV 01.06.043,100-250|18-30,0.01855957657742036,0.07136051321914332
INV 01.06.043,100-250|30-45,0.019909982943636665,0.07149839424903531
INV 01.06.043,100-250|45-60,0.021594094992781716,0.07125992228639176
INV 01.06.043,100-250|60+,0.015,0.0673664286422456
INV 01.06.043,100-250|8-18,0.030089861734874,0.0662825619660865
INV 01.06.043,250-450|18-30,0.041033522081406044,0.0700468458097912
INV 01.06.043,250-450|30-45,0.04230293084461284,0.06917587346588178
INV 01.06.043,250-450|45-60,0.053872550617361216,0.08101765765037579
INV 01.06.043,250-450|60+,0.035935484976904394,0.06521230971553899
INV 01.06.043,250-450|8-18,0.05370666063410655,0.11925212247323011
INV 01.06.043,450-650|18-30,0.07544522958782392,0.12203725465125263
INV 01.06.043,450-650|30-45,0.04956172535838653,0.05909096200044332
INV 01.06.043,450-650|45-60,0.07069486495259789,0.085343159973493
INV 01.06.043,450-650|60+,0.058034727616042295,0.07228462437039743
INV 01.06.043,450-650|8-18,0.031036918910258678,0.18183269011939837
INV 01.06.043,650-850|18-30,0.07505639491701731,0.15902162003354112
INV 01.06.043,650-850|30-45,0.0755604472262262,0.08104686135868523
INV 01.06.043,650-850|45-60,0.06457649434363873,0.07958918689178723
INV 01.06.043,650-850|60+,0.07902587761368987,0.1017849294143649
INV 01.06.043,850+|18-30,0.025539610733865712,0.13987822772377745
INV 01.06.043,850+|30-45,0.07069285381601413,0.06673062002958337
INV 01.06.043,850+|45-60,0.05070049880295473,0.07094266182503936
INV 01.06.043,850+|60+,0.042812023374100075,0.05854999629814949
INV 01.07.044,100-250|18-30,0.02606904314363135,0.07136051321914332
INV 01.07.044,100-250|30-45,0.02140781906803645,0.07149839424903531
INV 01.07.044,100-250|45-60,0.02479524269799396,0.07125992228639176
INV 01.07.044,100-250|60+,0.015,0.0673664286422456
INV 01.07.044,100-250|8-18,0.034930925115757926,0.0662825619660865
INV 01.07.044,250-450|18-30,0.038709470608761655,0.0700468458097912
INV 01.07.044,250-450|30-45,0.043749587181562063,0.06917587346588178
INV 01.07.044,250-450|45-60,0.06225652674870555,0.08101765765037579
INV 01.07.044,250-450|60+,0.03828556628619196,0.06521230971553899
INV 01.07.044,250-450|8-18,0.07166700867674027,0.11925212247323011
INV 01.07.044,450-650|18-30,0.06769719264105464,0.12203725465125263
INV 01.07.044,450-650|30-45,0.046834813781373635,0.05909096200044332
INV 01.07.044,450-650|45-60,0.07491391034611036,0.085343159973493
INV 01.07.044,450-650|60+,0.06017741452250613,0.07228462437039743
INV 01.07.044,450-650|8-18,0.08815154591407816,0.18183269011939837
INV 01.07.044,650-850|18-30,0.05431664736438223,0.15902162003354112
INV 01.07.044,650-850|30-45,0.0454792915556167,0.08104686135868523
INV 01.07.044,650-850|45-60,0.06767962839865786,0.07958918689178723
INV 01.07.044,650-850|60+,0.08590547333751285,0.1017849294143649
INV 01.07.044,850+|18-30,0.0556317800794375,0.13987822772377745
INV 01.07.044,850+|30-45,0.038160491947107474,0.06673062002958337
INV 01.07.044,850+|45-60,0.052903472836884756,0.07094266182503936
INV 01.07.044,850+|60+,0.04076688469451254,0.05854999629814949
INV 01.07.045,100-250|18-30,0.025704926441105842,0.07136051321914332
INV 01.07.045,100-250|30-45,0.021472177029768655,0.07149839424903531
INV 01.07.045,100-250|45-60,0.024996319293208703,0.07125992228639176
INV 01.07.045,100-250|60+,0.015,0.0673664286422456
INV 01.07.045,100-250|8-18,0.033890805251153414,0.0662825619660865
INV 01.07.045,250-450|18-30,0.03806023612558309,0.0700468458097912
INV 01.07.045,250-450|30-45,0.04420230622343551,0.06917587346588178
INV 01.07.045,250-450|45-60,0.062164835008443574,0.08101765765037579
INV 01.07.045,250-450|60+,0.04068685769533218,0.06521230971553899
INV 01.07.045,250-450|8-18,0.07526933280986212,0.11925212247323011
INV 01.07.045,450-650|18-30,0.06687377922625705,0.12203725465125263
INV 01.07.045,450-650|30-45,0.047144534644592104,0.05909096200044332
INV 01.07.045,450-650|45-60,0.07517963149379038,0.085343159973493
INV 01.07.045,450-650|60+,0.06125183284837286,0.07228462437039743
INV 01.07.045,450-650|8-18,0.085753147546924,0.18183269011939837
INV 01.07.045,650-850|18-30,0.05357746976843478,0.15902162003354112
INV 01.07.045,650-850|30-45,0.04511674139260977,0.08104686135868523
INV 01.07.045,650-850|45-60,0.06762800644017902,0.07958918689178723
INV 01.07.045,650-850|60+,0.08806127291293854,0.1017849294143649
INV 01.07.045,850+|18-30,0.07429429111124945,0.13987822772377745
INV 01.07.045,850+|30-45,0.03979107864817403,0.06673062002958337
INV 01.07.045,850+|45-60,0.053031486608564174,0.07094266182503936
INV 01.07.045,850+|60+,0.04110791550470867,0.05854999629814949
INV 01.07.046,100-250|18-30,0.024711144003927203,0.07136051321914332
INV 01.07.046,100-250|30-45,0.021641698796449792,0.07149839424903531
INV 01.07.046,100-250|45-60,0.025218472313023692,0.07125992228639176
INV 01.07.046,100-250|60+,0.015,0.0673664286422456
INV 01.07.046,100-250|8-18,0.033112504390935125,0.0662825619660865
INV 01.07.046,250-450|18-30,0.039063461216433004,0.0700468458097912
INV 01.07.046,250-450|30-45,0.04444445404782898,0.06917587346588178
INV 01.07.046,250-450|45-60,0.061599409797833966,0.08101765765037579
INV 01.07.046,250-450|60+,0.039116848209531194,0.06521230971553899
INV 01.07.046,250-450|8-18,0.09385110119616519,0.11925212247323011
INV 01.07.046,450-650|18-30,0.12958480993896423,0.12203725465125263
INV 01.07.046,450-650|30-45,0.04774072753118311,0.05909096200044332
INV 01.07.046,450-650|45-60,0.07594352748055086,0.085343159973493
INV 01.07.046,450-650|60+,0.06182097711703293,0.07228462437039743
INV 01.07.046,450-650|8-18,0.11077997596021268,0.18183269011939837
INV 01.07.046,650-850|18-30,0.0655169750635712,0.15902162003354112
INV 01.07.046,650-850|30-45,0.04582184691123653,0.08104686135868523
INV 01.07.046,650-850|45-60,0.0683741287991147,0.07958918689178723
INV 01.07.046,650-850|60+,0.09054622007962992,0.1017849294143649
INV 01.07.046,850+|18-30,0.06760767749341744,0.13987822772377745
INV 01.07.046,850+|30-45,0.041837527748665455,0.06673062002958337
INV 01.07.046,850+|45-60,0.05438884773464469,0.07094266182503936
INV 01.07.046,850+|60+,0.04299284335360903,0.05854999629814949
INV 01.07.047,100-250|18-30,0.02818739638360547,0.07136051321914332
INV 01.07.047,100-250|30-45,0.022027005144240094,0.07149839424903531
INV 01.07.047,100-250|45-60,0.02492613089156071,0.07125992228639176
INV 01.07.047,100-250|60+,0.015,0.0673664286422456
INV 01.07.047,100-250|8-18,0.05362216352207285,0.0662825619660865
INV 01.07.047,250-450|18-30,0.08941287437416418,0.0700468458097912
INV 01.07.047,250-450|30-45,0.04828537330269512,0.06917587346588178
INV 01.07.047,250-450|45-60,0.05944115505249207,0.08101765765037579
INV 01.07.047,250-450|60+,0.03945373978230573,0.06521230971553899
INV 01.07.047,250-450|8-18,0.09251003836625785,0.11925212247323011
INV 01.07.047,450-650|18-30,0.17299157441607052,0.12203725465125263
INV 01.07.047,450-650|30-45,0.07726034913386494,0.05909096200044332
INV 01.07.047,450-650|45-60,0.07641116876394005,0.085343159973493
INV 01.07.047,450-650|60+,0.06421008872275052,0.07228462437039743
INV 01.07.047,450-650|8-18,0.09168252604719676,0.18183269011939837
INV 01.07.047,650-850|18-30,0.1139377080712837,0.15902162003354112
INV 01.07.047,650-850|30-45,0.1953597482192869,0.08104686135868523
INV 01.07.047,650-850|45-60,0.07005098502036126,0.07958918689178723
INV 01.07.047,650-850|60+,0.09057807496191685,0.1017849294143649
INV 01.07.047,850+|18-30,0.02665757108291656,0.13987822772377745
INV 01.07.047,850+|30-45,0.1532268369673638,0.06673062002958337
INV 01.07.047,850+|45-60,0.057373455876899994,0.07094266182503936
INV 01.07.047,850+|60+,0.05040469109120719,0.05854999629814949
INV 01.07.048,100-250|18-30,0.031866591412389594,0.07136051321914332
INV 01.07.048,100-250|30-45,0.02820239412298129,0.07149839424903531
INV 01.07.048,100-250|45-60,0.03328928545019192,0.07125992228639176
INV 01.07.048,100-250|60+,0.015,0.0673664286422456
INV 01.07.048,100-250|8-18,0.04048395544043173,0.0662825619660865
INV 01.07.048,250-450|18-30,0.04793496884473869,0.0700468458097912
INV 01.07.048,250-450|30-45,0.05804122091949514,0.06917587346588178
INV 01.07.048,250-450|45-60,0.08094908723750412,0.08101765765037579
INV 01.07.048,250-450|60+,0.051410018732621965,0.06521230971553899
INV 01.07.048,250-450|8-18,0.0824210004255381,0.11925212247323011
INV 01.07.048,450-650|18-30,0.07617110109479232,0.12203725465125263
INV 01.07.048,450-650|30-45,0.06006767697038533,0.05909096200044332
INV 01.07.048,450-650|45-60,0.09823855900937814,0.085343159973493
INV 01.07.048,450-650|60+,0.0775290082614207,0.07228462437039743
INV 01.07.048,450-650|8-18,0.10088900375742978,0.18183269011939837
INV 01.07.048,650-850|18-30,0.07367566915796255,0.15902162003354112
INV 01.07.048,650-850|30-45,0.05629694136441796,0.08104686135868523
INV 01.07.048,650-850|45-60,0.08718138326408388,0.07958918689178723
INV 01.07.048,650-850|60+,0.11330002673330339,0.1017849294143649
INV 01.07.048,850+|18-30,0.06447092500084659,0.13987822772377745
INV 01.07.048,850+|30-45,0.04752415140009976,0.06673062002958337
INV 01.07.048,850+|45-60,0.06751847742597825,0.07094266182503936
INV 01.07.048,850+|60+,0.053236213789432205,0.05854999629814949
INV 01.07.049,100-250|18-30,0.03837843363419495,0.07136051321914332
INV 01.07.049,100-250|30-45,0.03892830264124691,0.07149839424903531
INV 01.07.049,100-250|45-60,0.0454324997013037,0.07125992228639176
INV 01.07.049,100-250|60+,0.021219412813679242,0.0673664286422456
INV 01.07.049,100-250|8-18,0.050485806150496665,0.0662825619660865
INV 01.07.049,250-450|18-30,0.06257327039472517,0.0700468458097912
INV 01.07.049,250-450|30-45,0.07916507911214547,0.06917587346588178
INV 01.07.049,250-450|45-60,0.10929550723309432,0.08101765765037579
INV 01.07.049,250-450|60+,0.07213793694368088,0.06521230971553899
INV 01.07.049,250-450|8-18,0.11981316930594361,0.11925212247323011
INV 01.07.049,450-650|18-30,0.09588721875971187,0.12203725465125263
INV 01.07.049,450-650|30-45,0.08427479608759879,0.05909096200044332
INV 01.07.049,450-650|45-60,0.1350373990847993,0.085343159973493
INV 01.07.049,450-650|60+,0.1111675411247768,0.07228462437039743
INV 01.07.049,450-650|8-18,0.14616418392875963,0.18183269011939837
INV 01.07.049,650-850|18-30,0.09673286133200622,0.15902162003354112
INV 01.07.049,650-850|30-45,0.076285193807691,0.08104686135868523
INV 01.07.049,650-850|45-60,0.11732271281697174,0.07958918689178723
INV 01.07.049,650-850|60+,0.15650409376141416,0.1017849294143649
INV 01.07.049,850+|18-30,,0.13987822772377745
INV 01.07.049,850+|30-45,0.06858465714675592,0.06673062002958337
INV 01.07.049,850+|45-60,0.10933329586380709,0.07094266182503936
INV 01.07.049,850+|60+,0.10171091631712038,0.05854999629814949
INV 01.07.050,100-250|18-30,0.032167428509520306,0.07136051321914332
INV 01.07.050,100-250|30-45,0.02844652399716187,0.07149839424903531
INV 01.07.050,100-250|45-60,0.033045441324197344,0.07125992228639176
INV 01.07.050,100-250|60+,0.016198321578212885,0.0673664286422456
INV 01.07.050,100-250|8-18,0.03961240464756798,0.0662825619660865
INV 01.07.050,250-450|18-30,0.04568016950971978,0.0700468458097912
INV 01.07.050,250-450|30-45,0.058348915234770815,0.06917587346588178
INV 01.07.050,250-450|45-60,0.07955962496434911,0.08101765765037579
INV 01.07.050,250-450|60+,0.05241481003296647,0.06521230971553899
INV 01.07.050,250-450|8-18,0.09014784724756467,0.11925212247323011
INV 01.07.050,450-650|18-30,0.12743320082166612,0.12203725465125263
INV 01.07.050,450-650|30-45,0.06093758196002311,0.05909096200044332
INV 01.07.050,450-650|45-60,0.10009673124993108,0.085343159973493
INV 01.07.050,450-650|60+,0.08059256869742205,0.07228462437039743
INV 01.07.050,450-650|8-18,0.12460526270989232,0.18183269011939837
INV 01.07.050,650-850|18-30,0.060146160270186905,0.15902162003354112
INV 01.07.050,650-850|30-45,0.055771855617159076,0.08104686135868523
INV 01.07.050,650-850|45-60,0.08827865514150277,0.07958918689178723
INV 01.07.050,650-850|60+,0.11762372435134859,0.1017849294143649
INV 01.07.050,850+|18-30,0.09793453401389224,0.13987822772377745
INV 01.07.050,850+|30-45,0.0542365649349431,0.06673062002958337
INV 01.07.050,850+|45-60,0.0695787747312179,0.07094266182503936
INV 01.07.050,850+|60+,0.058513749892686186,0.05854999629814949
INV 01.07.051,100-250|18-30,0.04119648894397011,0.07136051321914332
INV 01.07.051,100-250|30-45,0.03931041828470788,0.07149839424903531
INV 01.07.051,100-250|45-60,0.045276909386515136,0.07125992228639176
INV 01.07.051,100-250|60+,0.02526607276316251,0.0673664286422456
INV 01.07.051,100-250|8-18,0.08289687844128873,0.0662825619660865
INV 01.07.051,250-450|18-30,0.1459440544860404,0.0700468458097912
INV 01.07.051,250-450|30-45,0.08552559755307819,0.06917587346588178
INV 01.07.051,250-450|45-60,0.10551564582181272,0.08101765765037579
INV 01.07.051,250-450|60+,0.07138914028714627,0.06521230971553899
INV 01.07.051,250-450|8-18,0.14890023222247678,0.11925212247323011
INV 01.07.051,450-650|18-30,0.2958472862863839,0.12203725465125263
INV 01.07.051,450-650|30-45,0.12668968260760405,0.05909096200044332
INV 01.07.051,450-650|45-60,0.13852002092994264,0.085343159973493
INV 01.07.051,450-650|60+,0.11967115183071694,0.07228462437039743
INV 01.07.051,450-650|8-18,0.14266079857653444,0.18183269011939837
INV 01.07.051,650-850|18-30,0.19327151074926482,0.15902162003354112
INV 01.07.051,650-850|30-45,0.3178346413840579,0.08104686135868523
INV 01.07.051,650-850|45-60,0.1222177829270447,0.07958918689178723
INV 01.07.051,650-850|60+,0.1631115912071249,0.1017849294143649
INV 01.07.051,850+|18-30,0.053998667986732245,0.13987822772377745
INV 01.07.051,850+|30-45,0.19751856350551528,0.06673062002958337
INV 01.07.051,850+|45-60,0.1036137159614337,0.07094266182503936
INV 01.07.051,850+|60+,0.10073903701197558,0.05854999629814949
INV 01.08.052,100-250|18-30,0.0341467399248605,0.07136051321914332
INV 01.08.052,100-250|30-45,0.033422114508393275,0.07149839424903531
INV 01.08.052,100-250|45-60,0.03879440968297451,0.07125992228639176
INV 01.08.052,100-250|60+,0.019697414756286568,0.0673664286422456
INV 01.08.052,100-250|8-18,0.03868535029844878,0.0662825619660865
INV 01.08.052,250-450|18-30,0.046008999609381915,0.0700468458097912
INV 01.08.052,250-450|30-45,0.0694853764311496,0.06917587346588178
INV 01.08.052,250-450|45-60,0.0975976184033531,0.08101765765037579
INV 01.08.052,250-450|60+,0.05754836997230593,0.06521230971553899
INV 01.08.052,250-450|8-18,0.08442357707197852,0.11925212247323011
INV 01.08.052,450-650|18-30,0.10007726995988277,0.12203725465125263
INV 01.08.052,450-650|30-45,0.07404319635880886,0.05909096200044332
INV 01.08.052,450-650|45-60,0.1105526387097454,0.085343159973493
INV 01.08.052,450-650|60+,0.09432421406612387,0.07228462437039743
INV 01.08.052,450-650|8-18,0.11935690079750975,0.18183269011939837
INV 01.08.052,650-850|18-30,0.11162956720180978,0.15902162003354112
INV 01.08.052,650-850|30-45,0.07556347057919988,0.08104686135868523
INV 01.08.052,650-850|45-60,0.10839323533937734,0.07958918689178723
INV 01.08.052,650-850|60+,0.13876873863486064,0.1017849294143649
INV 01.08.052,850+|18-30,0.21815826893954263,0.13987822772377745
INV 01.08.052,850+|30-45,0.07633629047900463,0.06673062002958337
INV 01.08.052,850+|45-60,0.09585861763633255,0.07094266182503936
INV 01.08.052,850+|60+,0.09483092720198671,0.05854999629814949
INV 01.08.053,100-250|18-30,0.024621265796361435,0.07136051321914332
INV 01.08.053,100-250|30-45,0.019778905017339213,0.07149839424903531
INV 01.08.053,100-250|45-60,0.02342319436478415,0.07125992228639176
INV 01.08.053,100-250|60+,0.015,0.0673664286422456
INV 01.08.053,100-250|8-18,0.023577610280431687,0.0662825619660865
INV 01.08.053,250-450|18-30,0.028172164572333406,0.0700468458097912
INV 01.08.053,250-450|30-45,0.04124495800678199,0.06917587346588178
INV 01.08.053,250-450|45-60,0.06057369291151832,0.08101765765037579
INV 01.08.053,250-450|60+,0.03833789759421092,0.06521230971553899
INV 01.08.053,250-450|8-18,0.05277556003505948,0.11925212247323011
INV 01.08.053,450-650|18-30,0.04644828379096609,0.12203725465125263
INV 01.08.053,450-650|30-45,0.04318829762109699,0.05909096200044332
INV 01.08.053,450-650|45-60,0.06876856633168174,0.085343159973493
INV 01.08.053,450-650|60+,0.053626735580419964,0.07228462437039743
INV 01.08.053,450-650|8-18,0.0733964075987058,0.18183269011939837
INV 01.08.053,650-850|18-30,0.0496483462980622,0.15902162003354112
INV 01.08.053,650-850|30-45,0.04242736555468031,0.08104686135868523
INV 01.08.053,650-850|45-60,0.06552281761519176,0.07958918689178723
INV 01.08.053,650-850|60+,0.08323898088196248,0.1017849294143649
INV 01.08.053,850+|18-30,0.1488629179375716,0.13987822772377745
INV 01.08.053,850+|30-45,0.04872744705387214,0.06673062002958337
INV 01.08.053,850+|45-60,0.055099415812141,0.07094266182503936
INV 01.08.053,850+|60+,0.0454426510993188,0.05854999629814949
INV 01.08.054,100-250|18-30,0.027380552752867143,0.07136051321914332
INV 01.08.054,100-250|30-45,0.020452821698095824,0.07149839424903531
INV 01.08.054,100-250|45-60,0.023600204369443947,0.07125992228639176
INV 01.08.054,100-250|60+,0.015,0.0673664286422456
INV 01.08.054,100-250|8-18,0.03325614524307048,0.0662825619660865
INV 01.08.054,250-450|18-30,0.03846907719645576,0.0700468458097912
INV 01.08.054,250-450|30-45,0.04261874470560159,0.06917587346588178
INV 01.08.054,250-450|45-60,0.06191105059681506,0.08101765765037579
INV 01.08.054,250-450|60+,0.037931893674672174,0.06521230971553899
INV 01.08.054,250-450|8-18,0.09157472396423247,0.11925212247323011
INV 01.08.054,450-650|18-30,0.08271293775611811,0.12203725465125263
INV 01.08.054,450-650|30-45,0.043653483582399406,0.05909096200044332
INV 01.08.054,450-650|45-60,0.06939703670216478,0.085343159973493
INV 01.08.054,450-650|60+,0.05573817501587388,0.07228462437039743
INV 01.08.054,450-650|8-18,0.09543763618340463,0.18183269011939837
INV 01.08.054,650-850|18-30,0.06107827766599582,0.15902162003354112
INV 01.08.054,650-850|30-45,0.04338000840852132,0.08104686135868523
INV 01.08.054,650-850|45-60,0.06535865013676123,0.07958918689178723
INV 01.08.054,650-850|60+,0.08123273311055094,0.1017849294143649
INV 01.08.054,850+|18-30,0.015,0.13987822772377745
INV 01.08.054,850+|30-45,0.041948137117026114,0.06673062002958337
INV 01.08.054,850+|45-60,0.05310273752589163,0.07094266182503936
INV 01.08.054,850+|60+,0.04391055787401302,0.05854999629814949
INV 01.08.055,100-250|18-30,0.027308916236358265,0.07136051321914332
INV 01.08.055,100-250|30-45,0.02050021420351724,0.07149839424903531
INV 01.08.055,100-250|45-60,0.023521829371547617,0.07125992228639176
INV 01.08.055,100-250|60+,0.015,0.0673664286422456
INV 01.08.055,100-250|8-18,0.031147802238161392,0.0662825619660865
INV 01.08.055,250-450|18-30,0.03854524595744163,0.0700468458097912
INV 01.08.055,250-450|30-45,0.04339842447483109,0.06917587346588178
INV 01.08.055,250-450|45-60,0.06160965701219838,0.08101765765037579
INV 01.08.055,250-450|60+,0.03986722680870957,0.06521230971553899
INV 01.08.055,250-450|8-18,0.09019549090976083,0.11925212247323011
INV 01.08.055,450-650|18-30,0.08062835009338376,0.12203725465125263
INV 01.08.055,450-650|30-45,0.045862959404461924,0.05909096200044332
INV 01.08.055,450-650|45-60,0.07278683888725693,0.085343159973493
INV 01.08.055,450-650|60+,0.053745623896206164,0.07228462437039743
INV 01.08.055,450-650|8-18,0.09367503518002625,0.18183269011939837
INV 01.08.055,650-850|18-30,0.06241775660244489,0.15902162003354112
INV 01.08.055,650-850|30-45,0.043844979723997105,0.08104686135868523
INV 01.08.055,650-850|45-60,0.06725938007744701,0.07958918689178723
INV 01.08.055,650-850|60+,0.08677265330608168,0.1017849294143649
INV 01.08.055,850+|18-30,0.015,0.13987822772377745
INV 01.08.055,850+|30-45,0.04284605775859014,0.06673062002958337
INV 01.08.055,850+|45-60,0.055399931323568845,0.07094266182503936
INV 01.08.055,850+|60+,0.04625769513491243,0.05854999629814949
INV 01.08.056,100-250|18-30,0.02539684653243348,0.07136051321914332
INV 01.08.056,100-250|30-45,0.020297725850694233,0.07149839424903531
INV 01.08.056,100-250|45-60,0.02309642698189638,0.07125992228639176
INV 01.08.056,100-250|60+,0.015,0.0673664286422456
INV 01.08.056,100-250|8-18,0.02797491981026198,0.0662825619660865
INV 01.08.056,250-450|18-30,0.03476777477722157,0.0700468458097912
INV 01.08.056,250-450|30-45,0.043289935826739394,0.06917587346588178
INV 01.08.056,250-450|45-60,0.06027054527979776,0.08101765765037579
INV 01.08.056,250-450|60+,0.03982821304220727,0.06521230971553899
INV 01.08.056,250-450|8-18,0.08548984953178329,0.11925212247323011
INV 01.08.056,450-650|18-30,0.06275212505549783,0.12203725465125263
INV 01.08.056,450-650|30-45,0.04670245819111854,0.05909096200044332
INV 01.08.056,450-650|45-60,0.07290128525585253,0.085343159973493
INV 01.08.056,450-650|60+,0.055983599058428805,0.07228462437039743
INV 01.08.056,450-650|8-18,0.09330997875369466,0.18183269011939837
INV 01.08.056,650-850|18-30,0.056552802308727695,0.15902162003354112
INV 01.08.056,650-850|30-45,0.045223291402243515,0.08104686135868523
INV 01.08.056,650-850|45-60,0.06733018136821335,0.07958918689178723
INV 01.08.056,650-850|60+,0.08721349355410217,0.1017849294143649
INV 01.08.056,850+|18-30,0.016541472552754555,0.13987822772377745
INV 01.08.056,850+|30-45,0.044662205823733786,0.06673062002958337
INV 01.08.056,850+|45-60,0.05467595627236685,0.07094266182503936
INV 01.08.056,850+|60+,0.04690360294056764,0.05854999629814949
INV 01.08.057,100-250|18-30,0.021910786745485696,0.07136051321914332
INV 01.08.057,100-250|30-45,0.021075909767701236,0.07149839424903531
INV 01.08.057,100-250|45-60,0.02304832256830332,0.07125992228639176
INV 01.08.057,100-250|60+,0.015,0.0673664286422456
INV 01.08.057,100-250|8-18,0.02901756751462736,0.0662825619660865
INV 01.08.057,250-450|18-30,0.03524987743540738,0.0700468458097912
INV 01.08.057,250-450|30-45,0.04423930327278581,0.06917587346588178
INV 01.08.057,250-450|45-60,0.058144964408809445,0.08101765765037579
INV 01.08.057,250-450|60+,0.03928903377378388,0.06521230971553899
INV 01.08.057,250-450|8-18,0.05524714333047872,0.11925212247323011
INV 01.08.057,450-650|18-30,0.07011532751487393,0.12203725465125263
INV 01.08.057,450-650|30-45,0.04990260187042661,0.05909096200044332
INV 01.08.057,450-650|45-60,0.0731731519311195,0.085343159973493
INV 01.08.057,450-650|60+,0.05831351062587298,0.07228462437039743
INV 01.08.057,450-650|8-18,0.04450794714705524,0.18183269011939837
INV 01.08.057,650-850|18-30,0.07014574221786525,0.15902162003354112
INV 01.08.057,650-850|30-45,0.06226299332457214,0.08104686135868523
INV 01.08.057,650-850|45-60,0.06852746226092639,0.07958918689178723
INV 01.08.057,650-850|60+,0.08828715160479247,0.1017849294143649
INV 01.08.057,850+|18-30,0.0350438393719835,0.13987822772377745
INV 01.08.057,850+|30-45,0.09379331253403689,0.06673062002958337
INV 01.08.057,850+|45-60,0.05764580035581066,0.07094266182503936
INV 01.08.057,850+|60+,0.0511804287791168,0.05854999629814949
INV 01.08.058,100-250|18-30,0.025028397386350536,0.07136051321914332
INV 01.08.058,100-250|30-45,0.02079020637334414,0.07149839424903531
INV 01.08.058,100-250|45-60,0.023493358763336688,0.07125992228639176
INV 01.08.058,100-250|60+,0.015,0.0673664286422456
INV 01.08.058,100-250|8-18,0.022545035854895448,0.0662825619660865
INV 01.08.058,250-450|18-30,0.030714703047622194,0.0700468458097912
INV 01.08.058,250-450|30-45,0.0439966692114336,0.06917587346588178
INV 01.08.058,250-450|45-60,0.06142543505706241,0.08101765765037579
INV 01.08.058,250-450|60+,0.04602870206632755,0.06521230971553899
INV 01.08.058,250-450|8-18,0.05051193631122494,0.11925212247323011
INV 01.08.058,450-650|18-30,0.0503153090372054,0.12203725465125263
INV 01.08.058,450-650|30-45,0.046914542501312016,0.05909096200044332
INV 01.08.058,450-650|45-60,0.07542861405504743,0.085343159973493
INV 01.08.058,450-650|60+,0.06028290263961716,0.07228462437039743
INV 01.08.058,450-650|8-18,0.06728167381734587,0.18183269011939837
INV 01.08.058,650-850|18-30,0.05479768409689431,0.15902162003354112
INV 01.08.058,650-850|30-45,0.042682024089646435,0.08104686135868523
INV 01.08.058,650-850|45-60,0.06842103311120273,0.07958918689178723
INV 01.08.058,650-850|60+,0.09049619985248389,0.1017849294143649
INV 01.08.058,850+|18-30,0.022453508361806058,0.13987822772377745
INV 01.08.058,850+|30-45,0.04518299461333266,0.06673062002958337
INV 01.08.058,850+|45-60,0.05590860343560037,0.07094266182503936
INV 01.08.058,850+|60+,0.052155858514849114,0.05854999629814949
INV 01.08.059,100-250|18-30,0.036175592331678316,0.07136051321914332
INV 01.08.059,100-250|30-45,0.03676368788943489,0.07149839424903531
INV 01.08.059,100-250|45-60,0.04127143405933973,0.07125992228639176
INV 01.08.059,100-250|60+,0.02071075031174284,0.0673664286422456
INV 01.08.059,100-250|8-18,0.03590267835238477,0.0662825619660865
INV 01.08.059,250-450|18-30,0.05461086556370717,0.0700468458097912
INV 01.08.059,250-450|30-45,0.07915636005446872,0.06917587346588178
INV 01.08.059,250-450|45-60,0.1058938076932693,0.08101765765037579
INV 01.08.059,250-450|60+,0.07065063088460727,0.06521230971553899
INV 01.08.059,250-450|8-18,0.10216034911035898,0.11925212247323011
INV 01.08.059,450-650|18-30,0.11463802898118929,0.12203725465125263
INV 01.08.059,450-650|30-45,0.0843954739937293,0.05909096200044332
INV 01.08.059,450-650|45-60,0.1298738021298766,0.085343159973493
INV 01.08.059,450-650|60+,0.10983963143178736,0.07228462437039743
INV 01.08.059,450-650|8-18,0.14708945532217618,0.18183269011939837
INV 01.08.059,650-850|18-30,0.1226528395609358,0.15902162003354112
INV 01.08.059,650-850|30-45,0.082692515086756,0.08104686135868523
INV 01.08.059,650-850|45-60,0.1194529347154481,0.07958918689178723
INV 01.08.059,650-850|60+,0.15544737292906172,0.1017849294143649
INV 01.08.059,850+|18-30,0.11239795962626112,0.13987822772377745
INV 01.08.059,850+|30-45,0.07966134165171952,0.06673062002958337
INV 01.08.059,850+|45-60,0.11879563961286722,0.07094266182503936
INV 01.08.059,850+|60+,0.11663250640539344,0.05854999629814949
INV 01.09.060,100-250|18-30,0.029205967709818922,0.07136051321914332
INV 01.09.060,100-250|30-45,0.0221211702126903,0.07149839424903531
INV 01.09.060,100-250|45-60,0.02535329460505092,0.07125992228639176
INV 01.09.060,100-250|60+,0.015,0.0673664286422456
INV 01.09.060,100-250|8-18,0.034486504284404404,0.0662825619660865
INV 01.09.060,250-450|18-30,0.03993531499802474,0.0700468458097912
INV 01.09.060,250-450|30-45,0.046416244648549924,0.06917587346588178
INV 01.09.060,250-450|45-60,0.06468048320578679,0.08101765765037579
INV 01.09.060,250-450|60+,0.04176716447452542,0.06521230971553899
INV 01.09.060,250-450|8-18,0.09162227738930373,0.11925212247323011
INV 01.09.060,450-650|18-30,0.07887950547885891,0.12203725465125263
INV 01.09.060,450-650|30-45,0.04806983848629994,0.05909096200044332
INV 01.09.060,450-650|45-60,0.07838783079824456,0.085343159973493
INV 01.09.060,450-650|60+,0.06415519609954254,0.07228462437039743
INV 01.09.060,450-650|8-18,0.10386864307150652,0.18183269011939837
INV 01.09.060,650-850|18-30,0.06258029321061107,0.15902162003354112
INV 01.09.060,650-850|30-45,0.04614676924145862,0.08104686135868523
INV 01.09.060,650-850|45-60,0.07156071862644658,0.07958918689178723
INV 01.09.060,650-850|60+,0.09531584421294552,0.1017849294143649
INV 01.09.060,850+|18-30,0.015,0.13987822772377745
INV 01.09.060,850+|30-45,0.04458620148700159,0.06673062002958337
INV 01.09.060,850+|45-60,0.056799158975420615,0.07094266182503936
INV 01.09.060,850+|60+,0.0508113478879154,0.05854999629814949
INV 01.09.061,100-250|18-30,0.0291484675656566,0.07136051321914332
INV 01.09.061,100-250|30-45,0.02202583061281117,0.07149839424903531
INV 01.09.061,100-250|45-60,0.025287182535554252,0.07125992228639176
INV 01.09.061,100-250|60+,0.015,0.0673664286422456
INV 01.09.061,100-250|8-18,0.03334329019628477,0.0662825619660865
INV 01.09.061,250-450|18-30,0.040503286109680285,0.0700468458097912
INV 01.09.061,250-450|30-45,0.046707696086107246,0.06917587346588178
INV 01.09.061,250-450|45-60,0.06418013515816073,0.08101765765037579
INV 01.09.061,250-450|60+,0.04254330217321962,0.06521230971553899
INV 01.09.061,250-450|8-18,0.09086465477268832,0.11925212247323011
INV 01.09.061,450-650|18-30,0.08149134557898818,0.12203725465125263
INV 01.09.061,450-650|30-45,0.04796902004319903,0.05909096200044332
INV 01.09.061,450-650|45-60,0.07881891362490662,0.085343159973493
INV 01.09.061,450-650|60+,0.06585761776357436,0.07228462437039743
INV 01.09.061,450-650|8-18,0.0944894516657183,0.18183269011939837
INV 01.09.061,650-850|18-30,0.06510258297139615,0.15902162003354112
INV 01.09.061,650-850|30-45,0.046094962246973806,0.08104686135868523
INV 01.09.061,650-850|45-60,0.07155301934937806,0.07958918689178723
INV 01.09.061,650-850|60+,0.09825408795019733,0.1017849294143649
INV 01.09.061,850+|18-30,0.01976166523383823,0.13987822772377745
INV 01.09.061,850+|30-45,0.046216377636467326,0.06673062002958337
INV 01.09.061,850+|45-60,0.06058764020444171,0.07094266182503936
INV 01.09.061,850+|60+,0.05612715169298273,0.05854999629814949
INV 01.09.062,100-250|18-30,0.0396452033937266,0.07136051321914332
INV 01.09.062,100-250|30-45,0.04780649659791212,0.07149839424903531
INV 01.09.062,100-250|45-60,0.041075260618602,0.07125992228639176
INV 01.09.062,100-250|60+,0.015,0.0673664286422456
INV 01.09.062,100-250|8-18,0.05003484383985035,0.0662825619660865
INV 01.09.062,250-450|18-30,0.07851923396358836,0.0700468458097912
INV 01.09.062,250-450|30-45,0.08258164436572886,0.06917587346588178
INV 01.09.062,250-450|45-60,0.07953978754082282,0.08101765765037579
INV 01.09.062,250-450|60+,0.04271466661004684,0.06521230971553899
INV 01.09.062,250-450|8-18,0.08931865668071551,0.11925212247323011
INV 01.09.062,450-650|18-30,0.12737093782035092,0.12203725465125263
INV 01.09.062,450-650|30-45,0.09248721254879573,0.05909096200044332
INV 01.09.062,450-650|45-60,0.08934386993412163,0.085343159973493
INV 01.09.062,450-650|60+,0.06697295641843877,0.07228462437039743
INV 01.09.062,450-650|8-18,0.07381801145607234,0.18183269011939837
INV 01.09.062,650-850|18-30,0.06004363798784829,0.15902162003354112
INV 01.09.062,650-850|30-45,0.14510691483836255,0.08104686135868523
INV 01.09.062,650-850|45-60,0.09838037147486865,0.07958918689178723
INV 01.09.062,650-850|60+,0.10285471598995433,0.1017849294143649
INV 01.09.062,850+|18-30,0.025821106716727188,0.13987822772377745
INV 01.09.062,850+|30-45,0.18951873106989853,0.06673062002958337
INV 01.09.062,850+|45-60,0.08412858628629798,0.07094266182503936
INV 01.09.062,850+|60+,0.05372699075432249,0.05854999629814949
INV 01.09.063,100-250|18-30,0.02371467022677853,0.07136051321914332
INV 01.09.063,100-250|30-45,0.0215138739492712,0.07149839424903531
INV 01.09.063,100-250|45-60,0.024773872075189735,0.07125992228639176
INV 01.09.063,100-250|60+,0.015,0.0673664286422456
INV 01.09.063,100-250|8-18,0.027123665855640404,0.0662825619660865
INV 01.09.063,250-450|18-30,0.03269011647921174,0.0700468458097912
INV 01.09.063,250-450|30-45,0.04763919429807791,0.06917587346588178
INV 01.09.063,250-450|45-60,0.0617859507800125,0.08101765765037579
INV 01.09.063,250-450|60+,0.0429880178687788,0.06521230971553899
INV 01.09.063,250-450|8-18,0.047948921621241085,0.11925212247323011
INV 01.09.063,450-650|18-30,0.07880368431504933,0.12203725465125263
INV 01.09.063,450-650|30-45,0.049205537701009626,0.05909096200044332
INV 01.09.063,450-650|45-60,0.08042656295856307,0.085343159973493
INV 01.09.063,450-650|60+,0.06876560168280334,0.07228462437039743
INV 01.09.063,450-650|8-18,0.06788762131280417,0.18183269011939837
INV 01.09.063,650-850|18-30,0.07756454485470893,0.15902162003354112
INV 01.09.063,650-850|30-45,0.05439686834397111,0.08104686135868523
INV 01.09.063,650-850|45-60,0.07329054169657577,0.07958918689178723
INV 01.09.063,650-850|60+,0.10642812737993602,0.1017849294143649
INV 01.09.063,850+|18-30,0.03411813122677563,0.13987822772377745
INV 01.09.063,850+|30-45,0.06434445113170666,0.06673062002958337
INV 01.09.063,850+|45-60,0.060738223419700664,0.07094266182503936
INV 01.09.063,850+|60+,0.058933400007199974,0.05854999629814949
INV 01.09.064,100-250|18-30,0.028579332293241066,0.07136051321914332
INV 01.09.064,100-250|30-45,0.022235027283560468,0.07149839424903531
INV 01.09.064,100-250|45-60,0.02594505268858774,0.07125992228639176
INV 01.09.064,100-250|60+,0.015,0.0673664286422456
INV 01.09.064,100-250|8-18,0.03338452451434351,0.0662825619660865
INV 01.09.064,250-450|18-30,0.04255022901979672,0.0700468458097912
INV 01.09.064,250-450|30-45,0.04828478831344876,0.06917587346588178
INV 01.09.064,250-450|45-60,0.06632807654661155,0.08101765765037579
INV 01.09.064,250-450|60+,0.04577848280494739,0.06521230971553899
INV 01.09.064,250-450|8-18,0.08963411676888362,0.11925212247323011
INV 01.09.064,450-650|18-30,0.08455172884727954,0.12203725465125263
INV 01.09.064,450-650|30-45,0.048403509248643416,0.05909096200044332
INV 01.09.064,450-650|45-60,0.08339086540084159,0.085343159973493
INV 01.09.064,450-650|60+,0.07052914349211424,0.07228462437039743
INV 01.09.064,450-650|8-18,0.08941250542077298,0.18183269011939837
INV 01.09.064,650-850|18-30,0.07302665472937037,0.15902162003354112
INV 01.09.064,650-850|30-45,0.04753704082853748,0.08104686135868523
INV 01.09.064,650-850|45-60,0.07495331868367548,0.07958918689178723
INV 01.09.064,650-850|60+,0.10588792350755798,0.1017849294143649
INV 01.09.064,850+|18-30,0.01883550358789677,0.13987822772377745
INV 01.09.064,850+|30-45,0.04640598956703736,0.06673062002958337
INV 01.09.064,850+|45-60,0.06555998646288388,0.07094266182503936
INV 01.09.064,850+|60+,0.07852375632381767,0.05854999629814949
INV 01.09.065,100-250|18-30,0.025487636783739925,0.07136051321914332
INV 01.09.065,100-250|30-45,0.02180122728294756,0.07149839424903531
INV 01.09.065,100-250|45-60,0.02506488374325235,0.07125992228639176
INV 01.09.065,100-250|60+,0.015,0.0673664286422456
INV 01.09.065,100-250|8-18,0.025568626062030694,0.0662825619660865
INV 01.09.065,250-450|18-30,0.02791552627490107,0.0700468458097912
INV 01.09.065,250-450|30-45,0.04737736929671411,0.06917587346588178
INV 01.09.065,250-450|45-60,0.06381652967021484,0.08101765765037579
INV 01.09.065,250-450|60+,0.04392574188237633,0.06521230971553899
INV 01.09.065,250-450|8-18,0.041683539778155684,0.11925212247323011
INV 01.09.065,450-650|18-30,0.054495699020480654,0.12203725465125263
INV 01.09.065,450-650|30-45,0.04829411826317807,0.05909096200044332
INV 01.09.065,450-650|45-60,0.08168430934211017,0.085343159973493
INV 01.09.065,450-650|60+,0.06948880950384594,0.07228462437039743
INV 01.09.065,450-650|8-18,0.05788196881924202,0.18183269011939837
INV 01.09.065,650-850|18-30,0.06595563730066648,0.15902162003354112
INV 01.09.065,650-850|30-45,0.046354169385058916,0.08104686135868523
INV 01.09.065,650-850|45-60,0.07422945071835699,0.07958918689178723
INV 01.09.065,650-850|60+,0.10685357390055977,0.1017849294143649
INV 01.09.065,850+|18-30,0.020800297914084456,0.13987822772377745
INV 01.09.065,850+|30-45,0.05706319299907217,0.06673062002958337
INV 01.09.065,850+|45-60,0.05980580749862248,0.07094266182503936
INV 01.09.065,850+|60+,0.05876872889932755,0.05854999629814949
